Outlet_ID,Outlet_Name,Total_Sales,Total_Profit,Avg_Profit_Margin,Total_Orders,Total_Footfall,Avg_Conversion_Rate,Avg_Order_Value,Avg_Customer_Satisfaction,Total_Complaints,Months_Recorded,Avg_Monthly_Sales,Sales_Rank,Profit_Rank,Margin_Rank,Conversion_Rank,AOV_Rank,Satisfaction_Rank,Benchmark_Score,Benchmark_Rank,Benchmark_Category
OUT0615,Franchise Outlet 0615,385946519.99,68587357.46,17.94,222972.0,611932.0,37.59,1685.85,4.1,653.0,40,9648663.0,1,1,385,12,58,67,87.6,1,Top Performer
OUT0723,Franchise Outlet 0723,315954420.41,65532570.33,20.79,227996.0,548929.0,41.51,1384.45,3.88,711.0,40,7898860.51,4,2,12,3,234,168,85.74,2,Top Performer
OUT0595,Franchise Outlet 0595,321958991.86,62565428.81,19.58,186267.0,550904.0,32.18,1727.89,4.13,715.0,40,8048974.8,3,3,80,51,31,49,82.52,3,Top Performer
OUT0604,Franchise Outlet 0604,279000749.36,51625388.28,18.57,155757.0,479911.0,32.51,1790.01,4.13,675.0,40,6975018.73,6,6,256,44,6,49,74.28,4,Top Performer
OUT0735,Franchise Outlet 0735,306016828.62,52834117.05,17.4,228982.0,604987.0,37.81,1336.45,4.14,711.0,40,7650420.72,5,5,509,9,263,43,73.26,5,Top Performer
OUT0579,Franchise Outlet 0579,325527500.55,52966674.88,16.16,194355.0,563566.0,34.48,1676.01,3.96,762.0,40,8138187.51,2,4,703,23,62,132,72.14,6,Top Performer
OUT0445,Franchise Outlet 0445,260036759.92,46086837.04,17.73,157530.0,418987.0,37.64,1652.86,4.08,684.0,40,6500919.0,8,8,423,11,76,80,70.31,7,Top Performer
OUT0324,Franchise Outlet 0324,230765307.99,41541480.03,18.09,142077.0,391823.0,37.19,1588.45,3.95,710.0,40,5769132.7,12,15,350,13,122,138,66.01,8,Top Performer
OUT0354,Franchise Outlet 0354,234398186.84,46644680.03,19.87,145253.0,552033.0,26.3,1613.22,3.76,761.0,40,5859954.67,11,7,50,201,105,233,65.94,9,Top Performer
OUT0476,Franchise Outlet 0476,229001230.7,41965399.79,18.41,138411.0,441014.0,31.44,1648.71,4.01,708.0,40,5725030.77,14,11,285,66,79,111,64.94,10,Top Performer
OUT0422,Franchise Outlet 0422,218461483.0,41376310.22,18.83,146000.0,446083.0,33.71,1451.46,4.08,686.0,40,5461537.08,19,16,197,28,191,80,64.81,11,Top Performer
OUT0606,Franchise Outlet 0606,193724086.82,38575523.85,20.11,136415.0,424309.0,32.13,1419.1,4.18,638.0,40,4843102.17,36,22,33,52,212,25,64.32,12,Top Performer
OUT0349,Franchise Outlet 0349,273323182.2,43730317.65,16.12,160623.0,501884.0,32.04,1707.11,3.86,717.0,40,6833079.56,7,9,707,53,41,176,63.82,13,Top Performer
OUT0250,Franchise Outlet 0250,206237517.58,41843662.21,20.19,188055.0,632907.0,29.72,1096.59,4.18,672.0,40,5155937.94,24,13,30,99,411,25,63.09,14,Top Performer
OUT0021,Franchise Outlet 0021,194005262.25,37535089.51,19.44,185180.0,488090.0,37.93,1048.5,4.24,644.0,40,4850131.56,33,24,98,8,432,8,62.82,15,Top Performer
OUT0560,Franchise Outlet 0560,243556352.52,42998587.87,17.5,142633.0,459663.0,31.05,1657.07,3.69,760.0,40,6088908.81,9,10,479,76,70,259,62.53,16,Top Performer
OUT0640,Franchise Outlet 0640,204714935.79,41616228.22,20.49,138062.0,500040.0,27.64,1483.66,3.65,809.0,40,5117873.39,25,14,20,158,172,278,62.36,17,Top Performer
OUT0116,Franchise Outlet 0116,212770999.6,41844076.3,19.71,125520.0,591873.0,21.67,1654.25,3.92,709.0,40,5319274.99,21,12,62,367,74,156,61.62,18,Top Performer
OUT0129,Franchise Outlet 0129,236703859.15,41371608.76,17.43,169351.0,516712.0,32.8,1397.31,3.9,689.0,40,5917596.48,10,17,499,38,226,163,61.42,19,Top Performer
OUT0641,Franchise Outlet 0641,153103527.34,29201809.27,19.13,86161.0,225921.0,39.15,1730.48,4.09,630.0,40,3827588.18,77,65,149,6,28,70,61.12,20,Top Performer
OUT0033,Franchise Outlet 0033,190772640.76,38897235.49,20.16,151685.0,532634.0,28.51,1256.92,4.06,766.0,40,4769316.02,40,21,31,127,317,90,60.88,21,Top Performer
OUT0290,Franchise Outlet 0290,210991730.62,35699925.04,16.81,124053.0,384656.0,32.22,1698.09,4.09,675.0,40,5274793.27,22,30,617,48,49,70,59.47,22,Top Performer
OUT0009,Franchise Outlet 0009,202185512.54,39044344.68,19.29,167433.0,526395.0,31.79,1207.15,3.7,773.0,40,5054637.81,26,19,119,59,342,256,58.98,23,Top Performer
OUT0667,Franchise Outlet 0667,225869071.43,39392993.8,17.49,179745.0,558403.0,32.19,1255.6,3.93,704.0,40,5646726.79,16,18,483,50,318,151,58.97,24,Top Performer
OUT0359,Franchise Outlet 0359,200813546.74,37017788.34,18.29,119590.0,366540.0,31.84,1678.55,3.51,822.0,40,5020338.67,27,26,305,58,60,343,58.55,25,Top Performer
OUT0521,Franchise Outlet 0521,199024672.77,35553740.95,17.86,120691.0,436544.0,27.64,1650.05,4.12,729.0,40,4975616.82,29,31,400,158,78,57,58.5,26,Top Performer
OUT0118,Franchise Outlet 0118,166413338.19,33038052.11,19.93,97258.0,344871.0,28.89,1671.0,3.82,732.0,40,4160333.45,61,47,43,118,64,197,58.49,27,Top Performer
OUT0515,Franchise Outlet 0515,174566887.55,32777790.36,18.85,102974.0,352436.0,29.18,1697.34,3.99,722.0,40,4364172.19,53,49,195,110,51,118,58.1,28,Top Performer
OUT0275,Franchise Outlet 0275,224664207.58,38951965.1,17.23,140643.0,580996.0,24.17,1600.16,4.07,657.0,40,5616605.19,17,20,545,269,116,85,58.02,29,Top Performer
OUT0245,Franchise Outlet 0245,191365386.86,34522599.28,18.04,120862.0,446792.0,26.36,1583.04,4.25,660.0,40,4784134.67,38,38,361,195,126,7,57.67,30,Top Performer
OUT0716,Franchise Outlet 0716,158933669.08,29453916.57,18.72,156051.0,370866.0,42.1,1017.05,4.18,724.0,40,3973341.73,67,61,224,1,444,25,57.38,31,Top Performer
OUT0561,Franchise Outlet 0561,222155674.74,37822384.24,17.03,155222.0,544676.0,28.51,1431.33,3.94,680.0,40,5553891.87,18,23,582,127,200,143,56.97,32,Top Performer
OUT0413,Franchise Outlet 0413,154434344.93,29667948.41,19.39,94249.0,311937.0,30.24,1639.91,3.99,696.0,40,3860858.62,74,59,105,91,84,118,56.74,33,Top Performer
OUT0061,Franchise Outlet 0061,169931924.09,32175325.73,18.82,106854.0,367161.0,29.13,1589.22,3.99,698.0,40,4248298.1,57,50,201,112,119,118,56.7,34,Top Performer
OUT0028,Franchise Outlet 0028,210025684.64,34749918.75,16.82,160672.0,475839.0,32.97,1306.32,4.08,649.0,40,5250642.12,23,34,616,34,285,80,56.48,35,Top Performer
OUT0086,Franchise Outlet 0086,229758761.57,37312373.0,16.21,185305.0,569977.0,32.53,1241.49,4.0,691.0,40,5743969.04,13,25,700,43,327,115,56.39,36,Top Performer
OUT0484,Franchise Outlet 0484,184967866.85,35162316.25,19.26,152059.0,559256.0,27.18,1215.61,4.01,677.0,40,4624196.67,43,33,121,174,337,111,56.18,37,Top Performer
OUT0713,Franchise Outlet 0713,166665189.61,31366988.8,18.87,112839.0,389152.0,28.99,1478.28,4.12,741.0,40,4166629.74,60,56,193,115,177,57,56.16,38,Top Performer
OUT0294,Franchise Outlet 0294,150148104.79,27254258.18,18.09,112750.0,288932.0,39.1,1332.67,4.24,647.0,40,3753702.62,85,77,350,7,264,8,56.09,39,Top Performer
OUT0300,Franchise Outlet 0300,228863807.74,36246572.96,15.91,133888.0,464050.0,29.58,1668.26,3.81,762.0,40,5721595.19,15,27,720,101,65,207,56.08,40,Top Performer
OUT0137,Franchise Outlet 0137,186311405.54,34677540.23,18.56,115326.0,399921.0,28.87,1617.41,3.58,824.0,40,4657785.14,42,35,262,119,100,314,55.92,41,Top Performer
OUT0067,Franchise Outlet 0067,188384892.33,35867933.9,19.04,102478.0,510935.0,20.53,1796.37,3.66,774.0,40,4709622.31,41,29,163,421,4,271,55.55,42,Top Performer
OUT0642,Franchise Outlet 0642,182386134.06,34607609.43,18.92,107487.0,532507.0,21.18,1615.97,3.98,714.0,40,4559653.35,47,37,186,394,103,125,55.26,43,Top Performer
OUT0469,Franchise Outlet 0469,177887926.13,34677324.55,19.53,154290.0,510501.0,30.19,1154.14,3.71,762.0,40,4447198.15,50,36,87,93,373,251,55.21,44,Top Performer
OUT0276,Franchise Outlet 0276,152791873.0,28298657.9,18.72,83592.0,307114.0,27.33,1774.66,4.06,679.0,40,3819796.82,79,71,224,170,12,90,54.92,45,Top Performer
OUT0516,Franchise Outlet 0516,193813132.0,36140916.14,18.77,119593.0,485713.0,25.26,1580.74,3.47,874.0,40,4845328.3,34,28,211,230,128,357,54.88,46,Top Performer
OUT0158,Franchise Outlet 0158,177855605.66,33730637.92,18.98,133794.0,500514.0,26.77,1326.03,3.94,698.0,40,4446390.14,51,42,173,182,270,143,54.86,47,Top Performer
OUT0743,Franchise Outlet 0743,214028987.34,35408927.22,16.41,181460.0,547476.0,32.31,1180.35,4.06,667.0,40,5350724.68,20,32,683,45,357,90,54.85,48,Top Performer
OUT0627,Franchise Outlet 0627,182813350.83,33712260.93,18.58,142582.0,461204.0,30.17,1282.16,3.8,853.0,40,4570333.77,46,43,253,94,303,210,54.76,49,Top Performer
OUT0562,Franchise Outlet 0562,184116674.27,34072010.95,18.57,119882.0,454152.0,26.91,1502.5,3.67,797.0,40,4602916.86,44,40,256,178,163,264,54.39,50,Top Performer
OUT0522,Franchise Outlet 0522,181519343.34,31972076.92,17.54,140263.0,447344.0,31.38,1294.9,4.04,650.0,40,4537983.58,49,52,469,69,294,100,53.99,51,Top Performer
OUT0395,Franchise Outlet 0395,152506058.11,29416098.84,19.23,92119.0,335193.0,28.1,1617.38,3.77,771.0,40,3812651.45,81,62,126,142,101,228,53.84,52,Top Performer
OUT0044,Franchise Outlet 0044,169229896.7,34008116.7,20.2,119575.0,464626.0,25.73,1415.38,3.37,896.0,40,4230747.42,58,41,29,218,216,401,53.72,53,Top Performer
OUT0457,Franchise Outlet 0457,199798746.13,34077712.73,17.15,158369.0,510874.0,30.95,1262.46,3.85,741.0,40,4994968.65,28,39,558,78,312,184,53.68,54,Top Performer
OUT0435,Franchise Outlet 0435,158537144.7,27708209.96,17.82,87570.0,318480.0,28.12,1767.58,4.07,661.0,40,3963428.62,68,73,406,141,15,85,53.66,55,Top Performer
OUT0535,Franchise Outlet 0535,193089238.64,33560771.01,17.47,207772.0,550406.0,36.83,929.77,3.82,803.0,40,4827230.97,37,45,487,15,502,197,53.65,56,Top Performer
OUT0513,Franchise Outlet 0513,132780675.4,27508270.4,20.71,82499.0,362921.0,21.66,1609.91,4.07,694.0,40,3319516.88,107,75,14,368,108,85,53.6,57,Top Performer
OUT0332,Franchise Outlet 0332,164946948.79,31572923.54,19.04,146204.0,462754.0,31.61,1128.35,3.86,704.0,40,4123673.72,62,54,163,64,391,176,53.56,58,Top Performer
OUT0748,Franchise Outlet 0748,168973445.24,33696736.55,19.89,123650.0,481412.0,25.68,1366.79,3.49,820.0,40,4224336.13,59,44,48,219,245,356,53.29,59,Top Performer
OUT0471,Franchise Outlet 0471,190867641.16,32004710.9,16.81,115555.0,462033.0,25.59,1617.11,3.99,734.0,40,4771691.03,39,51,617,223,102,118,52.71,60,Top Performer
OUT0419,Franchise Outlet 0419,132263591.88,24002753.66,18.12,95063.0,265508.0,35.84,1392.56,4.15,714.0,40,3306589.8,109,106,342,19,228,35,52.27,61,Top Performer
OUT0646,Franchise Outlet 0646,196756631.95,31229839.61,15.88,148998.0,465127.0,31.96,1321.3,4.09,683.0,40,4918915.8,31,57,722,54,274,70,52.19,62,Top Performer
OUT0468,Franchise Outlet 0468,122445063.45,21601939.08,17.69,69434.0,205691.0,33.8,1761.67,4.21,718.0,40,3061126.59,126,131,437,27,19,14,52.05,63,Top Performer
OUT0489,Franchise Outlet 0489,152948167.74,29596137.89,19.22,177687.0,541132.0,33.58,839.27,3.99,668.0,40,3823704.19,78,60,128,29,557,118,51.89,64,Top Performer
OUT0463,Franchise Outlet 0463,194288613.01,33013322.19,16.97,133810.0,489218.0,28.03,1419.82,3.73,766.0,40,4857215.33,32,48,597,145,211,245,51.75,65,Top Performer
OUT0441,Franchise Outlet 0441,128070408.2,24772840.39,19.25,90429.0,289780.0,31.21,1416.18,3.94,771.0,40,3201760.2,115,99,125,74,215,143,51.43,66,Top Performer
OUT0091,Franchise Outlet 0091,174485188.29,31541110.36,18.18,175233.0,552003.0,31.75,994.91,3.83,750.0,40,4362129.71,54,55,326,62,455,192,51.39,67,Top Performer
OUT0192,Franchise Outlet 0192,176435197.5,30563709.03,17.37,187526.0,566533.0,33.13,940.96,4.09,717.0,40,4410879.94,52,58,517,33,495,70,51.27,68,Top Performer
OUT0732,Franchise Outlet 0732,154643615.25,28508054.42,18.3,113157.0,403232.0,28.08,1366.51,3.96,701.0,40,3866090.38,72,69,302,143,246,132,51.06,69,Top Performer
OUT0317,Franchise Outlet 0317,193759064.77,31782145.29,16.38,113843.0,475663.0,23.86,1663.31,3.88,777.0,40,4843976.62,35,53,686,280,68,168,50.92,70,Top Performer
OUT0247,Franchise Outlet 0247,131514778.86,23501627.39,17.82,92033.0,259384.0,35.46,1429.0,4.02,687.0,40,3287869.47,112,111,406,21,204,106,50.8,71,Top Performer
OUT0693,Franchise Outlet 0693,172687351.61,29121498.42,16.98,122453.0,369875.0,32.23,1409.0,3.71,731.0,40,4317183.79,55,66,595,47,221,251,50.57,72,Top Performer
OUT0608,Franchise Outlet 0608,198468351.37,33157286.51,16.57,151288.0,569362.0,25.85,1312.76,3.84,743.0,40,4961708.78,30,46,658,213,278,187,50.19,73,Top Performer
OUT0194,Franchise Outlet 0194,117733866.94,22144317.62,18.99,67960.0,242526.0,27.37,1731.29,3.98,690.0,40,2943346.67,134,126,171,169,27,125,50.13,74,Top Performer
OUT0571,Franchise Outlet 0571,126183245.29,22554029.79,17.72,125825.0,320632.0,39.25,1002.26,4.28,693.0,40,3154581.13,119,121,425,5,450,5,49.94,75,Top Performer
OUT0594,Franchise Outlet 0594,150445768.31,27689828.8,18.26,141930.0,495638.0,27.97,1060.26,4.21,637.0,40,3761144.21,84,74,311,148,427,14,49.56,76,Top Performer
OUT0597,Franchise Outlet 0597,171092460.11,28342983.73,16.51,100752.0,368345.0,26.71,1696.83,3.66,841.0,40,4277311.5,56,70,668,184,52,271,48.65,77,Top Performer
OUT0361,Franchise Outlet 0361,122835206.62,24508051.85,19.76,129399.0,435661.0,31.37,899.13,3.98,747.0,40,3070880.17,125,102,59,70,524,125,48.51,78,Top Performer
OUT0572,Franchise Outlet 0572,117054006.3,22803290.97,19.7,72346.0,255066.0,28.35,1619.05,3.46,829.0,40,2926350.16,138,115,63,135,97,359,48.34,79,Top Performer
OUT0702,Franchise Outlet 0702,155717974.69,26513795.25,16.98,136807.0,447383.0,30.58,1138.88,4.14,715.0,40,3892949.37,71,84,595,84,385,43,48.27,80,Top Performer
OUT0049,Franchise Outlet 0049,133342045.51,25611725.94,19.0,114802.0,464329.0,24.71,1161.52,4.18,696.0,40,3333551.14,105,93,170,248,370,25,48.26,81,Top Performer
OUT0660,Franchise Outlet 0660,156523275.96,28998967.86,18.77,121073.0,481914.0,25.13,1257.01,3.61,775.0,40,3913081.9,69,68,211,235,316,300,48.18,82,Top Performer
OUT0582,Franchise Outlet 0582,153634678.07,29256577.51,19.08,91308.0,383820.0,24.37,1642.28,3.05,965.0,40,3840866.95,75,63,156,258,83,563,47.97,83,Top Performer
OUT0039,Franchise Outlet 0039,115867619.26,22192651.8,19.03,96042.0,307053.0,32.2,1172.77,3.95,692.0,40,2896690.48,142,125,165,49,364,138,47.96,84,Top Performer
OUT0581,Franchise Outlet 0581,147675183.94,26727040.69,18.16,92040.0,421949.0,21.84,1604.27,3.82,752.0,40,3691879.6,86,82,336,363,113,197,47.87,85,Top Performer
OUT0140,Franchise Outlet 0140,126933817.51,23409569.89,18.5,95581.0,300237.0,31.87,1327.78,3.7,834.0,40,3173345.44,117,112,271,57,268,256,47.65,86,Top Performer
OUT0685,Franchise Outlet 0685,143584811.46,27133160.61,19.09,136658.0,511621.0,26.69,1051.16,3.79,735.0,40,3589620.29,90,79,155,185,431,216,47.49,87,Top Performer
OUT0342,Franchise Outlet 0342,150999155.12,26212298.54,17.6,89496.0,309189.0,28.34,1686.69,3.31,945.0,40,3774978.88,83,87,458,136,56,434,47.32,88,Top Performer
OUT0690,Franchise Outlet 0690,182332188.82,29225289.92,16.04,135661.0,455931.0,29.74,1343.39,3.61,869.0,40,4558304.72,48,64,714,98,255,300,47.25,89,Top Performer
OUT0737,Franchise Outlet 0737,120694652.84,23025577.62,19.05,122679.0,411991.0,29.78,984.16,4.1,767.0,40,3017366.32,128,113,161,96,466,67,47.05,90,Top Performer
OUT0672,Franchise Outlet 0672,115395025.67,21724357.08,18.82,66845.0,284210.0,22.97,1725.9,3.86,740.0,40,2884875.64,143,130,201,317,33,176,46.83,91,Top Performer
OUT0423,Franchise Outlet 0423,164199425.21,27961694.83,17.04,106481.0,430396.0,24.17,1543.37,3.64,767.0,40,4104985.63,63,72,580,269,143,286,46.75,92,Top Performer
OUT0203,Franchise Outlet 0203,183678005.24,29088094.75,15.69,112338.0,457424.0,23.36,1635.93,3.74,776.0,40,4591950.13,45,67,728,303,87,241,46.68,93,Top Performer
OUT0253,Franchise Outlet 0253,134245154.36,26497429.37,19.72,89228.0,433629.0,20.59,1505.08,3.46,898.0,40,3356128.86,104,85,61,416,162,359,46.63,94,Top Performer
OUT0459,Franchise Outlet 0459,154610800.73,27335696.52,17.87,95015.0,372359.0,25.59,1625.11,3.24,967.0,40,3865270.02,73,76,396,223,93,473,46.44,95,Top Performer
OUT0506,Franchise Outlet 0506,94145861.8,17296670.65,18.26,71336.0,215465.0,32.27,1321.7,4.31,649.0,40,2353646.54,193,190,311,46,272,2,46.41,96,Top Performer
OUT0051,Franchise Outlet 0051,140698948.77,26967696.21,19.19,102356.0,482825.0,21.26,1374.81,3.6,787.0,40,3517473.72,95,80,137,388,239,306,46.33,97,Top Performer
OUT0370,Franchise Outlet 0370,135195587.6,22470949.24,16.37,92736.0,285083.0,32.56,1458.83,3.94,691.0,40,3379889.69,99,123,688,42,187,143,46.3,98,Top Performer
OUT0647,Franchise Outlet 0647,123357733.83,22978652.43,18.76,87107.0,398479.0,21.88,1416.82,4.09,638.0,40,3083943.35,123,114,215,360,213,70,46.27,99,Top Performer
OUT0703,Franchise Outlet 0703,93976186.3,16345441.8,17.5,57842.0,177160.0,32.67,1626.76,4.19,657.0,40,2349404.66,195,209,479,41,91,21,46.27,99,Top Performer
OUT0592,Franchise Outlet 0592,151705736.17,26765819.4,17.71,108032.0,425250.0,25.43,1401.52,3.63,796.0,40,3792643.4,82,81,429,227,224,293,46.26,101,Top Performer
OUT0558,Franchise Outlet 0558,122981804.07,21539320.75,17.69,69172.0,247120.0,28.75,1734.77,3.61,797.0,40,3074545.1,124,132,437,124,26,300,46.2,102,Top Performer
OUT0381,Franchise Outlet 0381,145732811.63,25689050.7,17.76,136543.0,539175.0,25.38,1065.92,4.17,590.0,40,3643320.29,87,92,417,228,424,32,46.2,102,Top Performer
OUT0718,Franchise Outlet 0718,162281509.16,26706638.88,16.56,107127.0,452673.0,23.67,1514.2,3.86,734.0,40,4057037.73,65,83,660,292,158,176,46.05,104,Top Performer
OUT0401,Franchise Outlet 0401,117379507.75,20720640.5,17.41,78534.0,265823.0,30.3,1455.74,4.0,650.0,40,2934487.69,135,141,504,89,189,115,45.86,105,Top Performer
OUT0010,Franchise Outlet 0010,89808414.2,18718482.51,20.82,69043.0,270184.0,25.58,1299.96,3.83,745.0,40,2245210.36,213,166,11,225,288,192,45.83,106,Top Performer
OUT0699,Franchise Outlet 0699,74162006.11,16403701.93,22.08,133822.0,430809.0,31.07,554.41,4.24,708.0,40,1854050.15,283,208,1,75,699,8,45.74,107,Top Performer
OUT0239,Franchise Outlet 0239,134364222.63,24812476.58,18.59,90948.0,332406.0,24.7,1479.92,3.51,857.0,40,3359105.57,103,98,246,249,174,343,45.7,108,Top Performer
OUT0079,Franchise Outlet 0079,153453990.94,27167124.39,17.52,154377.0,508841.0,30.36,993.32,3.67,764.0,40,3836349.77,76,78,474,88,457,264,45.56,109,Top Performer
OUT0346,Franchise Outlet 0346,140769635.75,25816686.91,18.28,111485.0,382791.0,29.14,1260.9,3.38,942.0,40,3519240.89,94,89,306,111,313,398,45.48,110,Top Performer
OUT0734,Franchise Outlet 0734,134857228.35,23652820.58,17.56,127669.0,464377.0,27.53,1056.54,4.2,694.0,40,3371430.71,100,109,466,162,428,17,45.39,111,Top Performer
OUT0671,Franchise Outlet 0671,124922585.95,23712071.25,18.98,97871.0,397413.0,24.63,1276.56,3.76,789.0,40,3123064.65,120,108,173,250,306,233,45.36,112,Top Performer
OUT0157,Franchise Outlet 0157,58057622.05,12466296.33,21.56,65306.0,189606.0,34.45,889.23,4.09,666.0,40,1451440.55,368,301,4,24,530,70,45.28,113,Top Performer
OUT0179,Franchise Outlet 0179,152768870.98,26406903.02,17.2,86436.0,369381.0,24.08,1717.91,3.27,986.0,40,3819221.77,80,86,551,272,37,456,44.85,114,Top Performer
OUT0082,Franchise Outlet 0082,142219099.66,24917954.15,17.69,111159.0,500237.0,22.24,1277.88,3.98,729.0,40,3555477.49,92,96,437,343,305,125,44.63,115,Top Performer
OUT0151,Franchise Outlet 0151,88285266.65,16318171.08,18.62,51141.0,176290.0,28.29,1726.51,3.78,748.0,40,2207131.67,221,211,240,138,32,223,44.54,116,Top Performer
OUT0526,Franchise Outlet 0526,123748067.7,23563705.86,19.07,68121.0,363633.0,18.74,1817.16,3.37,848.0,40,3093701.69,122,110,159,522,1,401,44.54,116,Top Performer
OUT0108,Franchise Outlet 0108,137007323.28,25707293.93,18.61,98853.0,440078.0,21.42,1385.01,3.57,822.0,40,3425183.08,97,91,242,380,233,319,44.46,118,Top Performer
OUT0222,Franchise Outlet 0222,103030598.69,17795632.39,17.38,95176.0,261385.0,36.46,1082.73,4.11,595.0,40,2575764.97,169,182,515,16,416,62,44.39,119,Top Performer
OUT0311,Franchise Outlet 0311,91483417.72,16299079.58,17.97,67563.0,201113.0,32.83,1314.37,4.11,696.0,40,2287085.44,206,212,379,37,276,62,44.34,120,Top Performer
OUT0386,Franchise Outlet 0386,136829351.29,24763128.44,18.1,148227.0,514919.0,28.82,922.36,3.81,819.0,40,3420733.78,98,100,347,121,507,207,44.34,120,Top Performer
OUT0171,Franchise Outlet 0171,118437263.86,22644512.99,19.08,120110.0,433924.0,27.68,985.34,3.82,749.0,40,2960931.6,132,118,156,155,464,197,44.29,122,Top Performer
OUT0230,Franchise Outlet 0230,118875512.54,20491766.8,17.23,120288.0,357350.0,32.91,986.72,4.18,631.0,40,2971887.81,130,145,545,36,462,25,44.27,123,Top Performer
OUT0669,Franchise Outlet 0669,111259439.24,17538388.2,15.88,84429.0,233260.0,37.06,1287.21,4.22,656.0,40,2781485.98,149,187,722,14,299,12,44.27,123,Top Performer
OUT0259,Franchise Outlet 0259,162863448.94,25035662.43,15.47,183354.0,575517.0,31.94,887.94,4.19,628.0,40,4071586.22,64,95,738,56,531,21,44.27,123,Top Performer
OUT0525,Franchise Outlet 0525,93430241.82,18765053.78,19.82,83532.0,294069.0,28.39,1118.98,3.86,692.0,40,2335756.05,198,165,54,133,400,176,44.2,126,Top Performer
OUT0339,Franchise Outlet 0339,100827581.91,18242279.14,18.09,55934.0,200136.0,28.0,1800.44,3.55,902.0,40,2520689.55,174,173,350,147,3,333,44.12,127,Top Performer
OUT0707,Franchise Outlet 0707,156511515.54,25596289.38,16.51,137182.0,572291.0,24.05,1140.66,4.11,687.0,40,3912787.89,70,94,668,275,382,62,44.03,128,Top Performer
OUT0467,Franchise Outlet 0467,139066753.98,24892597.72,17.85,140282.0,532230.0,25.79,992.46,3.95,708.0,40,3476668.85,96,97,403,216,460,138,44.03,128,Top Performer
OUT0536,Franchise Outlet 0536,100655891.76,21206877.16,21.0,106348.0,471201.0,22.57,946.85,3.84,748.0,40,2516397.29,175,135,7,334,491,187,43.96,130,Top Performer
OUT0267,Franchise Outlet 0267,143957685.91,25727311.37,17.96,127811.0,562554.0,22.75,1126.77,3.85,714.0,40,3598942.15,88,90,382,326,394,184,43.94,131,Top Performer
OUT0492,Franchise Outlet 0492,134582728.64,24743511.42,18.42,113270.0,457066.0,24.33,1189.59,3.66,809.0,40,3364568.22,101,101,284,260,350,271,43.93,132,Top Performer
OUT0249,Franchise Outlet 0249,109116310.45,20339498.08,18.59,101291.0,364555.0,27.88,1046.43,4.08,650.0,40,2727907.76,159,147,246,149,434,80,43.9,133,Top Performer
OUT0018,Franchise Outlet 0018,56029295.94,11633055.68,20.65,44014.0,146321.0,29.38,1271.43,4.1,712.0,40,1400732.4,378,334,17,106,309,67,43.68,134,Top Performer
OUT0382,Franchise Outlet 0382,118480787.31,22782528.02,19.38,86162.0,369336.0,22.72,1376.05,3.45,908.0,40,2962019.68,131,116,108,330,238,365,43.49,135,Top Performer
OUT0580,Franchise Outlet 0580,56388598.7,11032849.36,19.53,48288.0,141294.0,35.1,1139.65,4.2,651.0,40,1409714.97,373,356,87,22,384,17,43.4,136,Top Performer
OUT0233,Franchise Outlet 0233,67373134.5,12114267.06,17.75,40783.0,124060.0,32.72,1621.27,4.15,680.0,40,1684328.36,318,311,419,40,94,35,43.21,137,Top Performer
OUT0112,Franchise Outlet 0112,87936095.63,16136599.62,18.24,52348.0,205110.0,25.47,1681.26,3.96,722.0,40,2198402.39,222,215,315,226,59,132,43.17,138,Top Performer
OUT0134,Franchise Outlet 0134,57256088.32,10765772.12,18.96,38932.0,122377.0,31.77,1471.25,4.18,697.0,40,1431402.21,370,363,180,61,180,25,43.09,139,Top Performer
OUT0096,Franchise Outlet 0096,96207939.54,16344823.14,17.24,155654.0,389202.0,42.01,589.58,4.3,662.0,40,2405198.49,190,210,541,2,676,3,43.05,140,Top Performer
OUT0085,Franchise Outlet 0085,117096849.42,21045825.23,17.93,86161.0,332389.0,25.26,1361.46,3.82,756.0,40,2927421.24,137,139,387,230,248,197,43.05,140,Top Performer
OUT0473,Franchise Outlet 0473,105017870.02,19986674.53,18.98,108658.0,456025.0,23.85,966.49,4.26,638.0,40,2625446.75,165,151,173,282,474,6,42.95,142,Top Performer
OUT0617,Franchise Outlet 0617,88572862.94,17204255.08,19.48,88547.0,298527.0,29.75,999.99,3.95,736.0,40,2214321.57,219,191,93,97,452,138,42.88,143,Top Performer
OUT0016,Franchise Outlet 0016,103913418.6,16735467.26,16.3,86087.0,229008.0,37.7,1175.17,4.06,683.0,40,2597835.47,167,202,695,10,360,90,42.86,144,Top Performer
OUT0470,Franchise Outlet 0470,133222564.15,23763167.55,18.0,93007.0,358098.0,25.97,1433.38,3.24,1049.0,40,3330564.1,106,107,374,209,199,473,42.75,145,Top Performer
OUT0221,Franchise Outlet 0221,123904349.92,21175257.05,17.13,86235.0,307015.0,28.07,1435.92,3.63,803.0,40,3097608.75,121,136,562,144,198,293,42.65,146,Top Performer
OUT0530,Franchise Outlet 0530,64782151.15,12013818.49,18.62,37111.0,116182.0,30.92,1704.1,3.82,727.0,40,1619553.78,333,314,240,79,45,197,42.64,147,Top Performer
OUT0666,Franchise Outlet 0666,143838107.45,24060516.89,16.85,81083.0,366607.0,22.16,1773.66,3.33,982.0,40,3595952.69,89,105,611,349,13,422,42.62,148,Top Performer
OUT0712,Franchise Outlet 0712,119644988.98,21049044.04,17.64,131402.0,411446.0,31.95,911.52,3.86,678.0,40,2991124.72,129,138,452,55,515,176,42.52,149,Top Performer
OUT0576,Franchise Outlet 0576,98097861.05,20390461.63,20.77,65972.0,307414.0,21.5,1486.46,3.13,968.0,40,2452446.53,184,146,13,374,168,528,42.44,150,Top Performer
OUT0573,Franchise Outlet 0573,81107019.11,14969441.73,18.47,47757.0,196101.0,23.68,1698.82,4.02,648.0,40,2027675.48,245,235,277,291,47,106,42.43,151,Top Performer
OUT0111,Franchise Outlet 0111,116657786.64,21075600.53,18.18,89189.0,382926.0,22.8,1306.65,3.88,743.0,40,2916444.67,140,137,326,323,284,168,42.38,152,Top Performer
OUT0153,Franchise Outlet 0153,102746534.07,16934761.44,16.39,64964.0,227773.0,27.77,1580.9,4.17,709.0,40,2568663.35,171,195,685,151,127,32,42.28,153,Top Performer
OUT0178,Franchise Outlet 0178,118164568.54,21736977.37,18.49,106759.0,448869.0,23.81,1107.36,3.87,737.0,40,2954114.21,133,129,273,284,408,174,42.26,154,Top Performer
OUT0256,Franchise Outlet 0256,142822746.98,22603882.56,16.09,178697.0,539466.0,31.35,798.79,4.14,694.0,40,3570568.67,91,119,709,72,574,43,42.08,155,Top Performer
OUT0254,Franchise Outlet 0254,161614167.81,25974120.02,16.09,129216.0,565721.0,22.85,1250.41,3.78,781.0,40,4040354.2,66,88,709,321,322,223,42.06,156,Top Performer
OUT0724,Franchise Outlet 0724,131833368.58,22556750.87,17.1,80896.0,376011.0,21.53,1592.27,3.64,838.0,40,3295834.21,111,120,567,372,118,286,41.95,157,Top Performer
OUT0199,Franchise Outlet 0199,122213704.39,22366120.8,18.18,67611.0,345494.0,19.54,1807.2,3.27,909.0,40,3055342.61,127,124,326,471,2,456,41.95,157,Top Performer
OUT0127,Franchise Outlet 0127,141799353.42,24381676.08,17.07,91391.0,447668.0,20.86,1516.74,3.56,792.0,40,3544983.84,93,103,573,403,156,326,41.91,159,Top Performer
OUT0299,Franchise Outlet 0299,134393707.49,21743079.76,16.2,79067.0,348069.0,22.65,1656.47,3.75,737.0,40,3359842.69,102,128,701,331,71,235,41.64,160,Top Performer
OUT0175,Franchise Outlet 0175,103271994.74,18872217.43,18.19,216987.0,632712.0,34.32,476.73,4.21,685.0,40,2581799.87,168,162,324,25,734,14,41.59,161,Top Performer
OUT0554,Franchise Outlet 0554,117157298.05,20512906.73,17.39,142505.0,455060.0,30.51,822.62,4.07,657.0,40,2928932.45,136,144,511,86,566,85,41.59,161,Top Performer
OUT0577,Franchise Outlet 0577,101641988.85,17760859.71,17.67,56981.0,294992.0,19.33,1781.55,3.94,714.0,40,2541049.72,173,184,444,482,10,143,41.47,163,Top Performer
OUT0160,Franchise Outlet 0160,76781018.33,16651704.15,21.59,51027.0,262147.0,20.01,1465.09,3.29,975.0,40,1919525.46,261,205,2,451,183,446,41.39,164,Top Performer
OUT0100,Franchise Outlet 0100,132153374.85,24201664.69,18.16,106043.0,457312.0,22.15,1245.94,3.46,887.0,40,3303834.37,110,104,336,350,325,359,41.37,165,Top Performer
OUT0001,Franchise Outlet 0001,65503882.04,13292791.99,20.36,37120.0,147671.0,25.13,1762.53,3.26,991.0,40,1637597.05,328,276,23,235,18,463,41.24,166,Top Performer
OUT0287,Franchise Outlet 0287,97077890.31,19947414.12,20.47,72129.0,345866.0,21.39,1310.68,3.25,1020.0,40,2426947.26,186,153,21,382,280,468,40.98,167,Top Performer
OUT0119,Franchise Outlet 0119,109329583.54,20629699.05,18.91,85835.0,373422.0,23.0,1274.14,3.51,895.0,40,2733239.59,158,142,188,315,308,343,40.9,168,Top Performer
OUT0532,Franchise Outlet 0532,98058506.31,19170638.57,19.59,58444.0,273686.0,21.36,1676.82,3.11,1026.0,40,2451462.66,185,159,78,384,61,538,40.89,169,Top Performer
OUT0721,Franchise Outlet 0721,90446539.04,17135324.56,19.15,101106.0,355293.0,29.1,875.37,3.9,687.0,40,2261163.48,212,192,141,113,540,163,40.85,170,Top Performer
OUT0195,Franchise Outlet 0195,102872733.11,19768510.44,19.26,119440.0,507407.0,23.0,862.79,4.01,692.0,40,2571818.33,170,156,121,315,546,111,40.71,171,Top Performer
OUT0632,Franchise Outlet 0632,91406727.89,16781754.37,18.57,88820.0,319908.0,27.79,1029.1,3.99,721.0,40,2285168.2,207,200,256,150,441,118,40.7,172,Top Performer
OUT0728,Franchise Outlet 0728,96719580.11,18862406.96,19.67,59784.0,255571.0,23.4,1619.64,3.0,1028.0,40,2417989.5,189,164,68,300,96,585,40.69,173,Top Performer
OUT0490,Franchise Outlet 0490,76045653.44,14530526.48,18.92,67343.0,253931.0,26.53,1129.41,4.15,681.0,40,1901141.34,265,246,186,191,390,35,40.66,174,Top Performer
OUT0025,Franchise Outlet 0025,82350644.29,13828805.93,16.91,52218.0,189385.0,28.23,1540.81,4.15,665.0,40,2058766.11,238,262,602,140,145,35,40.62,175,Top Performer
OUT0372,Franchise Outlet 0372,43529332.41,8268632.67,19.17,27066.0,96789.0,28.76,1568.99,4.04,698.0,40,1088233.31,465,442,138,123,134,100,40.27,176,Top Performer
OUT0549,Franchise Outlet 0549,93650876.0,18865372.37,20.28,53591.0,318508.0,16.84,1747.52,3.07,1038.0,40,2341271.9,196,163,26,604,24,556,40.14,177,Top Performer
OUT0202,Franchise Outlet 0202,65719564.22,11926770.63,17.97,63766.0,176975.0,36.02,1029.19,4.07,745.0,40,1642989.11,326,318,379,18,440,85,40.12,178,Top Performer
OUT0177,Franchise Outlet 0177,110951209.37,19852734.94,17.9,75597.0,334236.0,22.63,1466.46,3.53,775.0,40,2773780.23,152,154,393,332,181,336,40.09,179,Top Performer
OUT0456,Franchise Outlet 0456,112056740.07,19558390.28,17.44,116762.0,404671.0,28.86,960.52,3.85,716.0,40,2801418.5,146,157,494,120,476,184,40.02,180,Top Performer
OUT0591,Franchise Outlet 0591,126197542.08,22736873.21,17.98,98151.0,398937.0,23.96,1283.47,3.25,942.0,40,3154938.55,118,117,378,276,302,468,39.95,181,Top Performer
OUT0472,Franchise Outlet 0472,85286561.74,16728837.65,19.37,99889.0,374219.0,26.69,853.16,3.94,705.0,40,2132164.04,227,203,111,185,553,143,39.8,182,Top Performer
OUT0031,Franchise Outlet 0031,113065239.41,18681258.79,16.61,83007.0,344051.0,24.95,1319.87,3.96,707.0,40,2826630.99,145,167,655,242,275,132,39.68,183,Top Performer
OUT0210,Franchise Outlet 0210,66069880.96,12112383.95,18.37,38786.0,147060.0,25.76,1700.0,3.74,762.0,40,1651747.02,325,312,291,217,46,241,39.51,184,Top Performer
OUT0012,Franchise Outlet 0012,127583053.55,22096037.64,17.03,111991.0,490532.0,22.81,1141.31,3.79,742.0,40,3189576.34,116,127,582,322,381,216,39.49,185,Top Performer
OUT0654,Franchise Outlet 0654,79013020.31,14602699.01,18.59,64373.0,225886.0,28.49,1227.4,3.73,805.0,40,1975325.51,253,243,246,129,333,245,39.39,186,Top Performer
OUT0740,Franchise Outlet 0740,116357269.45,20233821.62,17.24,95820.0,345532.0,27.72,1215.78,3.45,938.0,40,2908931.74,141,148,541,154,336,365,39.23,187,Top Performer
OUT0295,Franchise Outlet 0295,110038618.43,20210902.84,18.01,75851.0,341077.0,22.22,1448.3,3.37,894.0,40,2750965.46,154,149,369,344,192,401,39.15,188,Top Performer
OUT0631,Franchise Outlet 0631,71882057.98,14510091.08,20.3,67384.0,248083.0,25.62,1046.56,3.62,774.0,40,1797051.45,293,247,25,222,433,297,39.04,189,Above Average
OUT0433,Franchise Outlet 0433,80605696.36,16233011.01,19.82,170398.0,562510.0,30.21,462.56,3.96,699.0,40,2015142.41,247,213,54,92,743,132,39.0,190,Above Average
OUT0475,Franchise Outlet 0475,132569716.77,22496500.48,16.91,78359.0,375595.0,20.37,1691.75,3.14,965.0,40,3314242.92,108,122,602,428,53,519,38.95,191,Above Average
OUT0540,Franchise Outlet 0540,80810557.05,13996946.56,17.3,60265.0,202876.0,29.05,1340.59,3.92,743.0,40,2020263.93,246,259,528,114,260,156,38.92,192,Above Average
OUT0407,Franchise Outlet 0407,63205207.04,11900101.53,19.03,40297.0,166694.0,24.85,1526.38,3.74,815.0,40,1580130.18,340,321,165,243,152,241,38.87,193,Above Average
OUT0341,Franchise Outlet 0341,78373353.56,15053671.53,19.14,60811.0,254809.0,23.88,1289.71,3.69,779.0,40,1959333.84,255,232,143,278,297,259,38.8,194,Above Average
OUT0369,Franchise Outlet 0369,60628332.67,11808142.2,19.45,62012.0,192988.0,31.23,978.8,3.82,726.0,40,1515708.32,352,329,97,73,469,197,38.75,195,Above Average
OUT0139,Franchise Outlet 0139,111380943.0,20542256.75,18.33,62455.0,446425.0,14.0,1786.2,3.33,904.0,40,2784523.58,148,143,294,685,7,422,38.62,196,Above Average
OUT0106,Franchise Outlet 0106,76565597.08,13992590.49,18.18,80172.0,281427.0,28.53,956.43,4.14,678.0,40,1914139.93,262,260,326,126,481,43,38.59,197,Above Average
OUT0496,Franchise Outlet 0496,108027646.83,17771152.03,16.55,76411.0,374875.0,20.37,1416.19,4.13,646.0,40,2700691.17,161,183,661,428,214,49,38.57,198,Above Average
OUT0611,Franchise Outlet 0611,108102653.01,19971110.65,18.59,126685.0,461707.0,27.49,853.97,3.45,884.0,40,2702566.33,160,152,246,165,551,365,38.5,199,Above Average
OUT0698,Franchise Outlet 0698,73485524.22,15592160.68,21.13,87505.0,409075.0,21.44,839.68,3.7,712.0,40,1837138.11,285,228,6,377,556,256,38.29,200,Above Average
OUT0083,Franchise Outlet 0083,76936704.22,13704990.09,18.13,73582.0,260039.0,28.32,1045.31,4.02,699.0,40,1923417.61,259,265,341,137,435,106,38.28,201,Above Average
OUT0736,Franchise Outlet 0736,65585822.17,11985462.92,18.24,49352.0,179818.0,27.48,1329.51,3.92,682.0,40,1639645.55,327,317,315,166,267,156,38.26,202,Above Average
OUT0568,Franchise Outlet 0568,71404282.98,14708503.62,20.68,56794.0,332649.0,17.07,1255.43,3.73,762.0,40,1785107.07,298,240,16,597,319,245,38.24,203,Above Average
OUT0104,Franchise Outlet 0104,111218742.5,19818846.26,17.71,70356.0,372826.0,19.31,1545.71,3.42,887.0,40,2780468.56,151,155,429,483,140,381,38.21,204,Above Average
OUT0556,Franchise Outlet 0556,75576694.55,13599016.08,18.09,94874.0,275355.0,33.58,795.89,3.93,758.0,40,1889417.36,268,268,350,29,577,151,38.04,205,Above Average
OUT0446,Franchise Outlet 0446,53261433.22,9151654.36,17.28,34401.0,119173.0,28.9,1546.47,4.13,669.0,40,1331535.83,396,411,533,117,139,49,37.93,206,Above Average
OUT0695,Franchise Outlet 0695,106031452.74,18052964.95,17.02,85653.0,435362.0,19.66,1238.38,4.14,650.0,40,2650786.32,163,177,588,466,330,43,37.91,207,Above Average
OUT0623,Franchise Outlet 0623,89180000.86,17612957.55,19.92,83639.0,394166.0,21.23,1066.29,3.46,855.0,40,2229500.02,216,186,44,391,423,359,37.87,208,Above Average
OUT0379,Franchise Outlet 0379,111255024.27,18892332.24,17.03,72985.0,378256.0,19.3,1523.08,3.67,791.0,40,2781375.61,150,161,582,485,154,264,37.8,209,Above Average
OUT0673,Franchise Outlet 0673,66205074.8,12804088.65,19.43,50429.0,221016.0,21.78,1312.71,3.83,785.0,40,1655126.87,324,290,101,365,279,192,37.8,209,Above Average
OUT0236,Franchise Outlet 0236,43024523.78,8129153.91,19.11,24487.0,92125.0,26.5,1756.19,3.57,903.0,40,1075613.09,470,451,151,192,21,319,37.75,211,Above Average
OUT0019,Franchise Outlet 0019,74682456.97,12433417.56,16.71,50737.0,154937.0,32.73,1472.13,3.64,798.0,40,1867061.42,275,302,636,39,179,286,37.75,211,Above Average
OUT0228,Franchise Outlet 0228,70760377.14,14437624.99,20.43,58002.0,341929.0,16.98,1221.6,3.8,735.0,40,1769009.43,303,248,22,600,335,210,37.72,213,Above Average
OUT0636,Franchise Outlet 0636,72665390.91,14375703.85,20.1,47083.0,236139.0,19.94,1543.27,3.23,1080.0,40,1816634.77,288,252,34,459,144,479,37.55,214,Above Average
OUT0316,Franchise Outlet 0316,48304441.85,8268028.07,17.29,28933.0,88556.0,32.94,1620.63,3.77,744.0,40,1207611.05,431,443,529,35,95,228,37.55,214,Above Average
OUT0426,Franchise Outlet 0426,79783144.47,15941291.02,19.85,61616.0,305995.0,19.13,1295.18,3.51,864.0,40,1994578.61,249,219,51,494,293,343,37.54,216,Above Average
OUT0348,Franchise Outlet 0348,128996786.55,21337622.41,16.47,78047.0,417426.0,18.72,1653.79,3.33,957.0,40,3224919.66,114,133,675,523,75,422,37.51,217,Above Average
OUT0266,Franchise Outlet 0266,89770368.65,16894965.64,18.82,63263.0,299741.0,21.16,1415.08,3.37,932.0,40,2244259.22,214,197,201,395,218,401,37.48,218,Above Average
OUT0353,Franchise Outlet 0353,40764549.21,7983121.81,20.0,23212.0,96107.0,24.13,1755.53,3.43,875.0,40,1019113.73,481,457,38,271,22,374,37.44,219,Above Average
OUT0109,Franchise Outlet 0109,130492724.1,21327708.05,16.31,100372.0,459579.0,21.86,1299.58,3.56,850.0,40,3262318.1,113,134,694,362,289,326,37.4,220,Above Average
OUT0719,Franchise Outlet 0719,85382567.43,16045011.25,18.57,54234.0,233277.0,23.25,1574.61,3.17,1018.0,40,2134564.19,226,218,256,309,131,503,37.32,221,Above Average
OUT0314,Franchise Outlet 0314,63734132.6,13274547.53,20.98,124677.0,421559.0,29.56,499.5,3.65,793.0,40,1593353.32,336,277,8,102,720,278,37.29,222,Above Average
OUT0714,Franchise Outlet 0714,76882347.12,14296214.35,18.53,68282.0,251963.0,27.09,1128.19,3.66,818.0,40,1922058.68,260,254,265,176,393,271,37.28,223,Above Average
OUT0416,Franchise Outlet 0416,72621505.46,14263568.32,19.44,44208.0,211853.0,20.85,1642.64,3.18,949.0,40,1815537.64,289,255,98,405,82,497,37.04,224,Above Average
OUT0330,Franchise Outlet 0330,51653434.45,10182026.67,19.44,42833.0,163425.0,26.24,1205.73,3.8,731.0,40,1291335.86,406,382,98,203,344,210,36.9,225,Above Average
OUT0511,Franchise Outlet 0511,54734641.69,9709948.17,17.59,32426.0,133845.0,24.3,1689.31,3.96,725.0,40,1368366.04,385,395,461,261,54,132,36.89,226,Above Average
OUT0303,Franchise Outlet 0303,116824421.61,20036631.63,17.43,85887.0,432445.0,19.86,1360.54,3.4,896.0,40,2920610.54,139,150,499,460,249,391,36.88,227,Above Average
OUT0077,Franchise Outlet 0077,62485670.77,11822593.02,18.69,65184.0,250600.0,26.01,959.79,4.15,664.0,40,1562141.77,343,328,230,208,479,35,36.85,228,Above Average
OUT0711,Franchise Outlet 0711,110076972.0,19466065.38,17.76,91306.0,358433.0,24.79,1205.9,3.21,925.0,40,2751924.3,153,158,417,245,343,486,36.82,229,Above Average
OUT0412,Franchise Outlet 0412,88906354.97,16691243.88,18.75,92413.0,381315.0,23.59,961.17,3.69,782.0,40,2222658.87,218,204,218,295,475,259,36.8,230,Above Average
OUT0014,Franchise Outlet 0014,53643501.61,10266882.67,19.1,30375.0,148959.0,19.75,1765.33,3.63,810.0,40,1341087.54,394,379,154,464,16,293,36.66,231,Above Average
OUT0166,Franchise Outlet 0166,114006082.42,20805226.29,18.02,79282.0,371283.0,20.77,1437.33,2.97,1106.0,40,2850152.06,144,140,365,406,197,602,36.63,232,Above Average
OUT0282,Franchise Outlet 0282,70975059.8,13629483.48,19.22,121722.0,387786.0,31.4,583.98,3.78,772.0,40,1774376.5,300,267,128,68,680,223,36.6,233,Above Average
OUT0003,Franchise Outlet 0003,70656261.59,13186310.65,18.73,131722.0,417597.0,30.66,536.44,4.09,687.0,40,1766406.54,304,280,221,83,704,70,36.56,234,Above Average
OUT0510,Franchise Outlet 0510,44179299.93,7780156.32,17.63,28839.0,95821.0,29.35,1531.36,3.94,698.0,40,1104482.5,460,468,454,108,148,143,36.52,235,Above Average
OUT0677,Franchise Outlet 0677,105096727.14,18907025.13,18.01,90806.0,483010.0,18.79,1155.69,3.68,780.0,40,2627418.18,164,160,369,517,371,262,36.48,236,Above Average
OUT0218,Franchise Outlet 0218,92123456.05,16629761.43,18.08,67756.0,331258.0,20.5,1326.16,3.59,851.0,40,2303086.4,203,206,356,422,269,309,36.41,237,Above Average
OUT0624,Franchise Outlet 0624,109419106.67,18199493.39,16.66,108120.0,379128.0,28.49,1012.97,3.56,845.0,40,2735477.67,157,175,644,129,445,326,36.37,238,Above Average
OUT0165,Franchise Outlet 0165,99693497.85,18231929.82,18.4,102965.0,475000.0,21.69,968.45,3.65,783.0,40,2492337.45,177,174,286,366,472,278,36.37,238,Above Average
OUT0224,Franchise Outlet 0224,64102834.17,10713539.74,16.68,105997.0,263122.0,40.24,604.26,4.17,674.0,40,1602570.85,334,364,643,4,667,32,36.35,240,Above Average
OUT0420,Franchise Outlet 0420,89557295.66,15635808.45,17.5,64489.0,336235.0,19.14,1386.56,3.89,701.0,40,2238932.39,215,227,479,492,232,165,36.3,241,Above Average
OUT0697,Franchise Outlet 0697,88327103.24,17023270.89,19.2,77762.0,374251.0,21.25,1109.99,3.42,879.0,40,2208177.58,220,193,134,390,406,381,36.28,242,Above Average
OUT0026,Franchise Outlet 0026,109471057.4,18608500.88,17.17,139514.0,507430.0,27.48,785.32,3.71,809.0,40,2736776.44,156,170,556,166,582,251,36.28,242,Above Average
OUT0097,Franchise Outlet 0097,99415016.4,18373726.88,18.33,70003.0,476411.0,15.04,1388.98,3.61,855.0,40,2485375.41,178,171,294,657,229,300,36.2,244,Above Average
OUT0068,Franchise Outlet 0068,98670793.62,18280886.27,18.57,62240.0,362322.0,17.21,1583.36,3.13,1043.0,40,2466769.84,181,172,256,589,125,528,36.2,244,Above Average
OUT0013,Franchise Outlet 0013,58850615.78,11067972.44,18.77,54993.0,200186.0,27.5,1071.54,3.84,771.0,40,1471265.39,363,353,211,163,421,187,36.18,246,Above Average
OUT0074,Franchise Outlet 0074,57767512.43,11305800.44,19.47,98423.0,273861.0,35.84,574.1,3.59,870.0,40,1444187.81,369,342,95,19,684,309,36.16,247,Above Average
OUT0638,Franchise Outlet 0638,72354295.81,13220519.29,18.31,58801.0,215181.0,27.29,1232.69,3.51,820.0,40,1808857.4,292,279,299,171,332,343,36.14,248,Above Average
OUT0603,Franchise Outlet 0603,33851298.59,6287755.22,18.51,34026.0,99974.0,34.07,992.88,4.11,676.0,40,846282.46,551,542,270,26,458,62,36.13,249,Above Average
OUT0185,Franchise Outlet 0185,53654732.7,9966783.9,18.59,40109.0,171235.0,22.88,1337.67,4.03,685.0,40,1341368.32,393,388,246,320,262,104,36.09,250,Above Average
OUT0071,Franchise Outlet 0071,75675127.57,14427135.37,19.15,42787.0,221967.0,19.3,1770.51,3.01,1047.0,40,1891878.19,267,250,141,485,14,582,36.01,251,Above Average
OUT0514,Franchise Outlet 0514,90486446.11,14570855.75,16.13,90442.0,294817.0,30.71,1001.43,3.97,678.0,40,2262161.15,211,245,706,81,451,130,36.0,252,Above Average
OUT0584,Franchise Outlet 0584,55480182.78,11166745.99,20.23,36237.0,207919.0,16.57,1530.18,3.57,757.0,40,1387004.57,380,349,28,614,149,319,35.87,253,Above Average
OUT0340,Franchise Outlet 0340,92763647.4,17305137.87,18.54,134007.0,592918.0,22.59,691.78,3.93,697.0,40,2319091.18,200,189,264,333,620,151,35.83,254,Above Average
OUT0207,Franchise Outlet 0207,93525771.14,16620584.05,17.82,102831.0,450973.0,23.3,891.75,3.89,727.0,40,2338144.28,197,207,406,306,529,165,35.76,255,Above Average
OUT0375,Franchise Outlet 0375,97000275.68,18024082.91,18.57,91497.0,427281.0,21.44,1060.29,3.43,921.0,40,2425006.89,187,178,256,377,426,374,35.75,256,Above Average
OUT0107,Franchise Outlet 0107,71722968.69,13489521.18,18.64,49377.0,271196.0,18.17,1452.67,3.73,790.0,40,1793074.22,296,274,236,548,190,245,35.72,257,Above Average
OUT0212,Franchise Outlet 0212,81431204.13,14676133.93,17.87,84934.0,283624.0,29.22,960.26,3.59,753.0,40,2035780.1,243,241,396,109,477,309,35.72,257,Above Average
OUT0313,Franchise Outlet 0313,48406452.46,8212810.33,17.06,29130.0,111338.0,26.74,1627.38,3.99,739.0,40,1210161.31,430,445,575,183,89,118,35.68,259,Above Average
OUT0258,Franchise Outlet 0258,72429028.35,12714483.0,17.41,42139.0,167738.0,25.13,1722.61,3.31,868.0,40,1810725.71,291,293,504,235,35,434,35.68,259,Above Average
OUT0088,Franchise Outlet 0088,92427486.06,17744825.19,19.26,56457.0,344139.0,16.4,1638.22,2.89,1158.0,40,2310687.15,202,185,121,616,85,639,35.62,261,Above Average
OUT0197,Franchise Outlet 0197,85899587.31,15839681.44,18.49,51918.0,306164.0,16.98,1655.2,3.27,901.0,40,2147489.68,225,221,273,600,73,456,35.54,262,Above Average
OUT0041,Franchise Outlet 0041,98873002.78,17896333.43,18.21,114823.0,431917.0,26.56,858.44,3.36,1001.0,40,2471825.07,180,181,322,189,549,410,35.49,263,Above Average
OUT0213,Franchise Outlet 0213,52501814.89,10120745.15,19.22,34250.0,137281.0,24.97,1534.28,3.3,910.0,40,1312545.37,401,386,128,240,147,440,35.47,264,Above Average
OUT0483,Franchise Outlet 0483,99036467.99,17962371.77,18.1,59983.0,331970.0,18.12,1652.16,3.02,1061.0,40,2475911.7,179,179,347,551,77,576,35.46,265,Above Average
OUT0070,Franchise Outlet 0070,62017947.96,10655023.42,17.02,53252.0,168428.0,30.73,1163.87,3.93,708.0,40,1550448.7,344,365,588,80,368,151,35.4,266,Above Average
OUT0656,Franchise Outlet 0656,91176728.51,15810352.89,17.29,133803.0,498145.0,26.86,681.44,4.06,784.0,40,2279418.21,208,222,529,180,625,90,35.27,267,Above Average
OUT0198,Franchise Outlet 0198,90829493.99,16965147.16,18.52,65175.0,334362.0,20.02,1356.99,3.22,994.0,40,2270737.35,209,194,269,447,250,483,35.2,268,Above Average
OUT0717,Franchise Outlet 0717,92870384.66,15784011.05,17.12,89256.0,355440.0,23.77,1040.07,3.86,735.0,40,2321759.62,199,223,566,285,437,176,35.15,269,Above Average
OUT0668,Franchise Outlet 0668,83126780.29,14734765.59,17.65,46662.0,221043.0,21.12,1785.19,3.11,1081.0,40,2078169.51,233,238,448,396,8,538,35.15,269,Above Average
OUT0708,Franchise Outlet 0708,89102473.44,16808720.83,18.82,89496.0,431339.0,20.74,999.66,3.52,888.0,40,2227561.84,217,199,201,408,453,340,35.04,271,Above Average
OUT0147,Franchise Outlet 0147,59151026.58,10996601.6,18.83,38848.0,182935.0,21.26,1525.57,3.52,771.0,40,1478775.66,361,358,197,388,153,340,35.03,272,Above Average
OUT0527,Franchise Outlet 0527,100193460.28,17908733.15,17.71,57313.0,342270.0,17.18,1705.8,3.07,1024.0,40,2504836.51,176,180,429,591,42,556,35.01,273,Above Average
OUT0531,Franchise Outlet 0531,102715716.08,16918610.15,16.5,164834.0,560661.0,29.45,622.88,3.95,698.0,40,2567892.9,172,196,672,104,656,138,34.95,274,Above Average
OUT0691,Franchise Outlet 0691,83760604.05,15846937.12,18.88,61297.0,316890.0,19.39,1367.06,3.22,930.0,40,2094015.1,231,220,191,479,244,483,34.83,275,Above Average
OUT0563,Franchise Outlet 0563,75802415.78,14202189.16,18.73,147387.0,533659.0,27.59,514.31,3.92,716.0,40,1895060.39,266,256,221,160,711,156,34.79,276,Above Average
OUT0338,Franchise Outlet 0338,78546231.53,15008674.48,19.14,60312.0,337402.0,17.87,1302.5,3.43,890.0,40,1963655.79,254,234,143,559,287,374,34.76,277,Above Average
OUT0196,Franchise Outlet 0196,85977347.94,14890232.11,17.26,127152.0,414490.0,30.68,675.93,3.79,783.0,40,2149433.7,224,237,538,82,627,216,34.61,278,Above Average
OUT0519,Franchise Outlet 0519,77296660.07,15093947.3,19.63,77757.0,390093.0,19.96,994.71,3.45,920.0,40,1932416.5,258,231,73,456,456,365,34.45,279,Above Average
OUT0499,Franchise Outlet 0499,72471577.23,12528456.23,17.39,50692.0,243169.0,20.9,1429.95,3.81,791.0,40,1811789.43,290,298,511,401,203,207,34.45,279,Above Average
OUT0701,Franchise Outlet 0701,63272165.76,12157205.73,19.31,66408.0,268118.0,24.75,953.57,3.59,783.0,40,1581804.14,339,310,118,247,484,309,34.43,281,Above Average
OUT0297,Franchise Outlet 0297,56163321.66,12110908.96,21.58,42229.0,231551.0,17.79,1329.88,2.94,1118.0,40,1404083.04,376,313,3,564,266,617,34.37,282,Above Average
OUT0612,Franchise Outlet 0612,94070905.43,16219010.9,17.23,54750.0,312680.0,17.54,1713.4,3.26,954.0,40,2351772.64,194,214,545,572,38,463,34.35,283,Above Average
OUT0066,Franchise Outlet 0066,48727674.37,8764457.34,17.9,30689.0,166684.0,18.42,1588.71,4.11,675.0,40,1218191.86,427,423,393,534,120,62,34.31,284,Above Average
OUT0308,Franchise Outlet 0308,106546195.07,18625853.85,17.48,79278.0,443512.0,18.38,1308.25,3.32,922.0,40,2663654.88,162,169,484,536,282,428,34.3,285,Above Average
OUT0639,Franchise Outlet 0639,56262720.48,9791374.58,17.44,55539.0,200869.0,27.67,1012.48,4.14,690.0,40,1406568.01,374,392,494,157,447,43,34.29,286,Above Average
OUT0048,Franchise Outlet 0048,69992589.36,12229431.17,17.46,52854.0,219505.0,23.47,1321.66,3.72,773.0,40,1749814.73,309,307,491,298,273,249,34.13,287,Above Average
OUT0520,Franchise Outlet 0520,111384252.62,18101119.2,16.44,127142.0,520791.0,23.86,876.29,3.75,769.0,40,2784606.32,147,176,682,280,537,235,34.09,288,Above Average
OUT0055,Franchise Outlet 0055,59770161.48,11241855.53,18.64,33506.0,209905.0,16.0,1782.82,3.44,890.0,40,1494254.04,356,346,236,631,9,372,33.91,289,Above Average
OUT0488,Franchise Outlet 0488,71356379.89,12872849.13,18.1,44197.0,231401.0,19.14,1613.43,3.34,964.0,40,1783909.5,299,289,347,492,104,417,33.77,290,Above Average
OUT0103,Franchise Outlet 0103,81818080.19,14317789.04,17.59,114425.0,544509.0,20.61,715.69,4.33,666.0,40,2045452.0,240,253,461,413,610,1,33.75,291,Above Average
OUT0620,Franchise Outlet 0620,98139005.82,16736879.83,17.02,103554.0,472371.0,22.5,924.25,3.77,705.0,40,2453475.15,183,201,588,337,506,228,33.73,292,Above Average
OUT0255,Franchise Outlet 0255,65237476.45,12761502.16,19.68,48401.0,269190.0,17.99,1346.68,3.24,1003.0,40,1630936.91,329,291,66,557,254,473,33.4,293,Above Average
OUT0087,Franchise Outlet 0087,94450520.43,15029370.2,16.03,78743.0,283424.0,26.33,1198.41,3.56,785.0,40,2361263.01,192,233,716,198,345,326,33.39,294,Above Average
OUT0149,Franchise Outlet 0149,91800740.07,15349533.54,16.77,96703.0,355053.0,27.22,951.97,3.56,828.0,40,2295018.5,204,229,628,172,485,326,33.38,295,Above Average
OUT0534,Franchise Outlet 0534,82223990.19,14040837.02,17.18,77942.0,297502.0,26.88,1028.9,3.54,880.0,40,2055599.75,239,258,555,179,442,334,33.37,296,Above Average
OUT0437,Franchise Outlet 0437,82704346.57,15127143.63,18.17,76697.0,295743.0,25.86,1077.68,3.14,998.0,40,2067608.66,235,230,332,212,418,519,33.36,297,Above Average
OUT0509,Franchise Outlet 0509,63615452.91,10935197.53,17.14,49115.0,243325.0,20.22,1296.33,4.12,677.0,40,1590386.32,338,360,559,440,292,57,33.3,298,Above Average
OUT0234,Franchise Outlet 0234,81411698.31,13334838.02,16.4,89683.0,307370.0,28.4,908.04,3.88,727.0,40,2035292.46,244,275,684,131,518,168,33.26,299,Above Average
OUT0101,Franchise Outlet 0101,29761114.03,5906230.82,20.09,54174.0,168084.0,31.41,549.49,3.91,769.0,40,744027.85,593,563,35,67,701,161,33.26,299,Above Average
OUT0215,Franchise Outlet 0215,61308788.18,11873235.26,19.36,87315.0,394824.0,22.12,702.64,3.93,737.0,40,1532719.7,349,324,112,351,615,151,33.25,301,Above Average
OUT0181,Franchise Outlet 0181,90807478.07,15691706.41,17.53,96969.0,477978.0,20.27,910.61,3.84,728.0,40,2270186.95,210,225,473,437,516,187,33.19,302,Above Average
OUT0380,Franchise Outlet 0380,32547679.18,6272032.69,19.39,29632.0,141645.0,21.44,1075.15,4.15,631.0,40,813691.98,565,545,105,377,420,35,33.06,303,Above Average
OUT0190,Franchise Outlet 0190,68437937.77,10930748.5,16.01,47389.0,167236.0,27.68,1443.85,3.65,824.0,40,1710948.44,312,361,718,155,194,278,33.04,304,Above Average
OUT0661,Franchise Outlet 0661,92627572.2,16808952.44,17.81,75000.0,347620.0,22.03,1207.64,3.11,1065.0,40,2315689.31,201,198,410,353,341,538,33.02,305,Above Average
OUT0458,Franchise Outlet 0458,35697922.62,6975170.17,19.43,44308.0,183267.0,24.24,786.69,4.2,642.0,40,892448.07,534,498,101,267,580,17,33.01,306,Above Average
OUT0264,Franchise Outlet 0264,74178943.97,12211251.76,16.46,80854.0,306037.0,27.74,874.27,4.06,697.0,40,1854473.6,282,308,678,152,542,90,32.99,307,Above Average
OUT0269,Franchise Outlet 0269,104940856.75,17429974.61,16.71,74124.0,399146.0,19.03,1382.92,3.3,955.0,40,2623521.42,166,188,636,498,235,440,32.95,308,Above Average
OUT0180,Franchise Outlet 0180,45198563.6,8143597.79,18.07,31715.0,131434.0,24.81,1388.56,3.66,777.0,40,1129964.09,451,449,357,244,230,271,32.93,309,Above Average
OUT0005,Franchise Outlet 0005,72951597.49,14429176.43,19.76,62730.0,322523.0,19.43,1164.29,3.04,1005.0,40,1823789.94,286,249,59,475,367,568,32.83,310,Above Average
OUT0358,Franchise Outlet 0358,109846944.92,18681240.03,16.83,67241.0,428246.0,16.16,1588.55,3.04,1045.0,40,2746173.62,155,168,615,624,121,568,32.72,311,Above Average
OUT0360,Franchise Outlet 0360,55882079.95,9308896.39,16.57,41007.0,148028.0,27.04,1363.48,3.8,780.0,40,1397052.0,379,407,658,177,247,210,32.72,311,Above Average
OUT0130,Franchise Outlet 0130,24822783.19,4976636.94,19.91,40187.0,135917.0,29.66,617.24,4.04,749.0,40,620569.58,630,614,45,100,658,100,32.72,311,Above Average
OUT0477,Franchise Outlet 0477,44976766.56,7672312.58,16.9,34338.0,129281.0,26.55,1310.15,4.02,720.0,40,1124419.16,452,475,605,190,281,106,32.71,314,Above Average
OUT0683,Franchise Outlet 0683,32646999.1,6342309.67,19.34,46949.0,167675.0,28.01,695.31,4.08,668.0,40,816174.98,564,538,115,146,617,80,32.69,315,Above Average
OUT0710,Franchise Outlet 0710,58475816.8,11026732.94,18.91,39803.0,179098.0,23.36,1397.71,3.09,1082.0,40,1461895.42,366,357,188,303,225,552,32.67,316,Above Average
OUT0279,Franchise Outlet 0279,68759275.31,10907970.94,15.89,70708.0,233662.0,30.29,970.76,4.02,704.0,40,1718981.88,311,362,721,90,471,106,32.63,317,Above Average
OUT0637,Franchise Outlet 0637,95815110.63,15681570.88,16.45,117795.0,401784.0,28.55,813.14,3.54,846.0,40,2395377.77,191,226,681,125,568,334,32.59,318,Above Average
OUT0400,Franchise Outlet 0400,29088504.91,5719445.26,19.59,26345.0,96211.0,27.43,1104.33,3.58,877.0,40,727212.62,604,577,78,168,409,314,32.58,319,Above Average
OUT0099,Franchise Outlet 0099,59694502.74,11480989.91,19.16,129444.0,430353.0,29.43,462.26,3.66,803.0,40,1492362.57,359,338,140,105,744,271,32.51,320,Above Average
OUT0206,Franchise Outlet 0206,62003434.63,11863833.72,19.21,118760.0,498732.0,23.85,521.61,3.94,789.0,40,1550085.87,345,327,132,282,708,143,32.49,321,Above Average
OUT0480,Franchise Outlet 0480,79522756.82,13550497.24,16.93,135952.0,445343.0,30.54,584.32,3.82,716.0,40,1988068.92,251,271,601,85,679,197,32.49,321,Above Average
OUT0280,Franchise Outlet 0280,50949082.73,9520816.1,18.69,39938.0,174576.0,23.31,1247.23,3.51,888.0,40,1273727.07,411,397,230,305,323,343,32.48,323,Above Average
OUT0436,Franchise Outlet 0436,75444119.82,14921872.13,19.48,50105.0,285282.0,17.6,1505.35,2.71,1307.0,40,1886103.0,269,236,93,570,161,731,32.42,324,Above Average
OUT0034,Franchise Outlet 0034,82571558.45,13701105.61,16.48,74001.0,283887.0,26.07,1085.16,3.61,831.0,40,2064288.96,236,266,673,206,414,300,32.35,325,Above Average
OUT0705,Franchise Outlet 0705,40600763.65,6385376.45,15.67,33400.0,99775.0,33.5,1212.08,4.09,694.0,40,1015019.09,483,535,730,31,339,70,32.26,326,Above Average
OUT0542,Franchise Outlet 0542,74484116.17,13117700.3,17.54,123676.0,448806.0,27.59,602.18,3.86,678.0,40,1862102.9,279,282,469,160,669,176,32.26,326,Above Average
OUT0257,Franchise Outlet 0257,71488024.16,13705400.81,19.22,58852.0,288234.0,19.99,1179.9,3.12,980.0,40,1787200.6,297,264,128,454,358,533,32.22,328,Above Average
OUT0578,Franchise Outlet 0578,29987716.53,6231194.72,20.7,48015.0,206712.0,23.72,612.25,4.0,705.0,40,749692.91,590,551,15,289,660,115,32.2,329,Above Average
OUT0544,Franchise Outlet 0544,37753179.76,6279353.81,16.65,22239.0,87341.0,26.31,1605.85,3.83,730.0,40,943829.49,515,544,647,199,110,192,32.19,330,Above Average
OUT0616,Franchise Outlet 0616,84385016.13,16072378.88,19.11,59297.0,319762.0,18.59,1422.18,2.65,1287.0,40,2109625.4,230,217,151,529,207,746,32.18,331,Above Average
OUT0533,Franchise Outlet 0533,37236671.2,6713839.97,18.17,61442.0,194261.0,31.65,606.45,4.13,672.0,40,930916.78,520,512,332,63,664,49,32.06,332,Above Average
OUT0482,Franchise Outlet 0482,43569632.61,9085536.5,20.9,27497.0,204358.0,13.46,1584.25,3.11,939.0,40,1089240.82,464,414,10,695,124,538,32.03,333,Above Average
OUT0725,Franchise Outlet 0725,79148746.66,13535279.16,17.32,46073.0,240166.0,19.18,1719.81,3.03,1088.0,40,1978718.67,252,272,526,489,36,571,32.0,334,Above Average
OUT0163,Franchise Outlet 0163,50477725.13,9428862.12,18.81,52248.0,240400.0,21.22,967.22,3.91,716.0,40,1261943.13,415,400,205,392,473,161,31.99,335,Above Average
OUT0371,Franchise Outlet 0371,30050411.29,5869447.48,19.7,40330.0,153575.0,24.2,744.88,4.12,713.0,40,751260.28,586,565,63,268,596,57,31.98,336,Above Average
OUT0047,Franchise Outlet 0047,33012652.63,6397066.38,19.39,34599.0,129391.0,27.5,930.36,3.67,766.0,40,825316.32,557,532,105,163,501,264,31.97,337,Above Average
OUT0217,Franchise Outlet 0217,68853227.82,11678005.0,17.13,150837.0,486575.0,31.0,455.62,4.03,727.0,40,1721330.7,310,332,562,77,746,104,31.96,338,Above Average
OUT0167,Franchise Outlet 0167,74909510.08,11276399.01,14.95,52898.0,203554.0,26.03,1415.19,3.88,744.0,40,1872737.75,273,344,749,207,217,168,31.9,339,Above Average
OUT0075,Franchise Outlet 0075,44007583.51,8847038.81,19.85,38290.0,178670.0,22.01,1122.94,3.37,868.0,40,1100189.59,461,422,51,354,398,401,31.78,340,Above Average
OUT0564,Franchise Outlet 0564,49186147.86,10435370.86,21.18,31903.0,230510.0,13.83,1543.56,2.84,1172.0,40,1229653.7,426,374,5,687,142,668,31.76,341,Above Average
OUT0123,Franchise Outlet 0123,64858717.95,11233847.94,17.38,50226.0,227374.0,22.09,1291.76,3.6,873.0,40,1621467.95,332,347,515,352,295,306,31.76,341,Above Average
OUT0307,Franchise Outlet 0307,47896227.18,8915352.78,18.59,30882.0,135384.0,23.41,1510.16,3.14,1053.0,40,1197405.68,432,420,246,299,160,519,31.71,343,Above Average
OUT0694,Franchise Outlet 0694,53935549.53,10169907.54,18.76,61933.0,328381.0,18.85,870.38,4.09,666.0,40,1348388.74,389,385,215,512,544,70,31.68,344,Above Average
OUT0409,Franchise Outlet 0409,27832720.77,5454996.1,19.5,15795.0,71912.0,20.37,1759.82,3.19,981.0,40,695818.02,614,591,91,428,20,491,31.68,344,Above Average
OUT0750,Franchise Outlet 0750,49456138.42,8169968.35,16.65,88405.0,231518.0,36.33,559.68,4.05,678.0,40,1236403.46,423,447,647,17,695,97,31.67,346,Above Average
OUT0629,Franchise Outlet 0629,44568951.74,8733828.45,19.57,31755.0,166274.0,18.62,1404.34,3.34,987.0,40,1114223.79,457,426,83,526,222,417,31.62,347,Above Average
OUT0500,Franchise Outlet 0500,66987507.36,11777204.77,17.65,56615.0,276852.0,19.96,1154.96,3.75,714.0,40,1674687.68,321,330,448,456,372,235,31.56,348,Above Average
OUT0383,Franchise Outlet 0383,52877577.0,9773906.07,18.17,32124.0,175268.0,17.45,1648.37,3.42,889.0,40,1321939.42,398,393,332,579,80,381,31.53,349,Above Average
OUT0455,Franchise Outlet 0455,36448942.17,6393711.48,17.73,32905.0,125013.0,26.36,1107.62,3.98,687.0,40,911223.55,525,534,423,195,407,125,31.51,350,Above Average
OUT0523,Franchise Outlet 0523,28715492.57,5390483.83,18.73,51175.0,173575.0,29.48,560.9,4.23,671.0,40,717887.31,607,592,221,103,694,11,31.41,351,Above Average
OUT0029,Franchise Outlet 0029,63993908.94,11877061.44,18.58,39621.0,221764.0,18.26,1578.03,3.02,1053.0,40,1599847.72,335,323,253,541,130,576,31.38,352,Above Average
OUT0032,Franchise Outlet 0032,66966652.14,11868195.31,17.74,37759.0,189647.0,20.36,1737.89,2.91,1214.0,40,1674166.3,322,325,422,431,25,628,31.38,352,Above Average
OUT0539,Franchise Outlet 0539,75424884.8,14149361.62,18.79,50559.0,350861.0,14.45,1492.54,3.07,1087.0,40,1885622.12,270,257,206,672,166,556,31.37,354,Above Average
OUT0367,Franchise Outlet 0367,59724944.45,9978214.99,16.73,52792.0,200945.0,26.31,1130.79,3.77,765.0,40,1493123.61,357,387,633,199,389,228,31.33,355,Above Average
OUT0406,Franchise Outlet 0406,61958929.94,11064199.84,17.95,97153.0,420088.0,23.04,623.27,4.15,637.0,40,1548973.25,346,354,384,314,655,35,31.31,356,Above Average
OUT0485,Franchise Outlet 0485,32864773.44,6296245.69,19.27,42987.0,151988.0,28.28,763.96,3.75,817.0,40,821619.34,561,541,120,139,590,235,31.28,357,Above Average
OUT0285,Franchise Outlet 0285,83328216.25,13839903.53,16.66,55014.0,261333.0,21.56,1478.85,3.18,1021.0,40,2083205.41,232,261,644,371,175,497,31.24,358,Above Average
OUT0211,Franchise Outlet 0211,70793002.67,13118478.16,18.19,47989.0,315903.0,15.21,1473.93,3.33,961.0,40,1769825.07,302,281,324,650,178,422,31.2,359,Above Average
OUT0318,Franchise Outlet 0318,76122109.34,13822603.57,17.96,67494.0,307587.0,21.94,1128.28,3.23,1016.0,40,1903052.73,264,263,382,358,392,479,31.2,359,Above Average
OUT0065,Franchise Outlet 0065,53803532.83,10551049.9,19.41,90128.0,404476.0,23.4,567.94,3.79,798.0,40,1345088.32,392,367,103,300,689,216,31.15,361,Above Average
OUT0017,Franchise Outlet 0017,67323220.11,12691058.36,18.85,111228.0,415793.0,26.17,604.27,3.43,895.0,40,1683080.5,319,294,195,205,666,374,31.13,362,Above Average
OUT0331,Franchise Outlet 0331,83013043.52,13016161.4,15.63,54675.0,272142.0,20.1,1521.83,3.62,738.0,40,2075326.09,234,285,732,444,155,297,31.09,363,Above Average
OUT0315,Franchise Outlet 0315,81573436.13,12998867.3,16.09,53442.0,213641.0,24.99,1526.93,3.09,1042.0,40,2039335.9,242,286,709,238,151,552,31.03,364,Above Average
OUT0537,Franchise Outlet 0537,80342676.81,12323436.9,15.46,79468.0,274487.0,28.98,1010.52,3.71,782.0,40,2008566.92,248,304,739,116,448,251,31.0,365,Above Average
OUT0362,Franchise Outlet 0362,52755980.25,10538089.12,19.99,33251.0,200248.0,16.61,1585.89,2.8,1132.0,40,1318899.51,399,369,40,612,123,686,30.99,366,Above Average
OUT0651,Franchise Outlet 0651,43249388.81,7570157.6,17.62,61112.0,228786.0,25.97,708.59,4.3,678.0,40,1081234.72,467,477,456,209,613,3,30.92,367,Above Average
OUT0298,Franchise Outlet 0298,96882885.99,14712476.95,15.17,164930.0,574754.0,29.37,573.08,3.97,730.0,40,2422072.15,188,239,745,107,686,130,30.86,368,Above Average
OUT0680,Franchise Outlet 0680,70049553.29,11103219.86,15.75,140716.0,442579.0,33.48,472.76,4.12,674.0,40,1751238.83,307,351,726,32,737,57,30.84,369,Above Average
OUT0575,Franchise Outlet 0575,59146737.65,10175861.52,17.17,35558.0,166855.0,21.22,1627.0,3.28,965.0,40,1478668.44,362,383,556,392,90,451,30.81,370,Above Average
OUT0643,Franchise Outlet 0643,65048211.35,11301382.15,17.65,102896.0,424575.0,23.61,632.35,4.04,670.0,40,1626205.28,330,343,448,293,651,100,30.7,371,Above Average
OUT0504,Franchise Outlet 0504,47353442.18,8196763.0,17.31,30157.0,136099.0,22.19,1569.71,3.46,853.0,40,1183836.05,438,446,527,347,133,359,30.63,372,Above Average
OUT0102,Franchise Outlet 0102,79740238.09,14409602.79,18.04,67444.0,315689.0,21.4,1182.48,2.99,1154.0,40,1993505.95,250,251,361,381,355,591,30.59,373,Above Average
OUT0428,Franchise Outlet 0428,74453012.22,12962196.07,17.45,66438.0,310912.0,21.38,1118.43,3.41,877.0,40,1861325.31,281,287,492,383,401,387,30.49,374,Above Average
OUT0081,Franchise Outlet 0081,40999328.41,7370636.54,17.92,50776.0,214001.0,24.27,787.67,4.19,690.0,40,1024983.21,480,486,389,266,579,21,30.49,374,Above Average
OUT0454,Franchise Outlet 0454,70023614.54,11454082.82,16.46,75220.0,339334.0,22.78,905.49,4.06,685.0,40,1750590.36,308,339,678,324,519,90,30.49,374,Above Average
OUT0398,Franchise Outlet 0398,34362698.5,6284277.63,18.07,63124.0,207701.0,30.41,543.22,4.09,639.0,40,859067.46,549,543,357,87,703,70,30.28,377,Average
OUT0156,Franchise Outlet 0156,70508739.3,12419496.55,17.64,51027.0,227820.0,23.6,1313.6,2.95,1049.0,40,1762718.48,306,303,452,294,277,611,30.16,378,Average
OUT0633,Franchise Outlet 0633,44348108.65,7976236.22,17.99,26997.0,123997.0,22.31,1604.12,3.13,995.0,40,1108702.72,459,458,375,341,114,528,30.09,379,Average
OUT0741,Franchise Outlet 0741,66408109.3,11904706.92,17.92,43926.0,245437.0,17.83,1511.28,3.11,1008.0,40,1660202.73,323,320,389,561,159,538,30.09,379,Average
OUT0529,Franchise Outlet 0529,82490141.61,14603711.45,17.86,84819.0,445759.0,19.13,947.88,3.39,835.0,40,2062253.54,237,242,400,494,490,394,30.08,381,Average
OUT0238,Franchise Outlet 0238,53819649.4,10392486.92,19.38,37375.0,209678.0,17.83,1439.51,2.94,1112.0,40,1345491.24,391,376,108,561,195,617,30.08,381,Average
OUT0739,Franchise Outlet 0739,63075298.93,12230650.29,19.38,39323.0,343799.0,11.71,1566.94,3.02,1092.0,40,1576882.47,341,306,108,732,135,576,30.07,383,Average
OUT0466,Franchise Outlet 0466,41192092.33,7785407.6,19.03,30061.0,126686.0,23.75,1370.75,3.0,1106.0,40,1029802.31,478,466,165,286,241,585,30.04,384,Average
OUT0141,Franchise Outlet 0141,49269008.05,9940468.84,19.78,50072.0,239714.0,20.88,984.35,3.21,947.0,40,1231725.2,425,389,58,402,465,486,29.96,385,Average
OUT0015,Franchise Outlet 0015,63714992.5,11999553.48,18.69,53826.0,277364.0,19.41,1183.27,3.14,1054.0,40,1592874.81,337,315,230,478,354,519,29.93,386,Average
OUT0465,Franchise Outlet 0465,67951030.34,11989469.86,17.59,49558.0,244516.0,20.27,1371.0,3.16,1020.0,40,1698775.76,315,316,461,437,240,511,29.91,387,Average
OUT0334,Franchise Outlet 0334,91712777.68,15704023.32,16.91,52805.0,337854.0,16.01,1697.55,2.79,1201.0,40,2292819.44,205,224,602,630,50,690,29.89,388,Average
OUT0040,Franchise Outlet 0040,98160575.83,16097381.39,16.36,58655.0,318543.0,17.97,1674.74,2.76,1320.0,40,2454014.4,182,216,689,558,63,703,29.89,388,Average
OUT0503,Franchise Outlet 0503,58069617.07,10467776.78,17.87,49499.0,280793.0,17.64,1173.51,3.71,791.0,40,1451740.43,367,372,396,568,363,251,29.81,390,Average
OUT0427,Franchise Outlet 0427,25126815.28,4913121.94,19.56,22190.0,116482.0,19.06,1130.91,3.8,777.0,40,628170.38,628,615,84,497,388,210,29.75,391,Average
OUT0322,Franchise Outlet 0322,27813679.19,5014877.34,18.01,54328.0,173143.0,31.37,511.82,4.13,641.0,40,695341.98,615,610,369,70,713,49,29.69,392,Average
OUT0676,Franchise Outlet 0676,35693931.9,6243896.56,17.51,38933.0,140462.0,27.74,916.05,3.89,727.0,40,892348.3,536,550,478,152,510,165,29.66,393,Average
OUT0122,Franchise Outlet 0122,47499566.94,9004688.59,18.83,39808.0,168976.0,22.34,1193.73,3.18,996.0,40,1187489.17,437,417,197,340,347,497,29.63,394,Average
OUT0744,Franchise Outlet 0744,27476411.24,5214659.35,18.88,30114.0,106126.0,28.37,912.84,3.53,827.0,40,686910.28,618,598,191,134,513,336,29.62,395,Average
OUT0059,Franchise Outlet 0059,47886719.73,8980112.93,18.72,77887.0,293653.0,27.1,602.19,3.6,816.0,40,1197167.99,433,419,224,175,668,306,29.6,396,Average
OUT0084,Franchise Outlet 0084,41076430.38,8002751.52,19.26,28442.0,152466.0,18.66,1447.83,3.12,1035.0,40,1026910.76,479,456,121,525,193,533,29.58,397,Average
OUT0541,Franchise Outlet 0541,51254160.61,9140258.61,17.67,52196.0,215037.0,24.28,982.2,3.63,792.0,40,1281354.02,408,412,444,264,468,293,29.53,398,Average
OUT0373,Franchise Outlet 0373,81730910.78,13572966.6,16.66,85310.0,414884.0,20.56,957.3,3.65,770.0,40,2043272.77,241,270,644,419,480,278,29.48,399,Average
OUT0726,Franchise Outlet 0726,70857990.26,12524259.24,17.75,62798.0,416831.0,15.07,1126.66,3.67,713.0,40,1771449.76,301,299,419,656,395,264,29.47,400,Average
OUT0388,Franchise Outlet 0388,59204058.26,11603967.14,19.64,62156.0,273242.0,22.74,951.51,2.85,1110.0,40,1480101.46,360,336,71,329,487,659,29.45,401,Average
OUT0114,Franchise Outlet 0114,23539202.49,4466924.3,19.07,21098.0,89299.0,23.71,1116.63,3.62,853.0,40,588480.06,640,633,159,290,402,297,29.42,402,Average
OUT0733,Franchise Outlet 0733,31664378.59,6095892.1,19.4,55240.0,255742.0,21.58,573.16,4.15,691.0,40,791609.46,571,554,104,370,685,35,29.34,403,Average
OUT0545,Franchise Outlet 0545,71855698.29,12551701.5,17.52,59901.0,328782.0,18.68,1172.19,3.38,930.0,40,1796392.46,294,296,474,524,365,398,29.34,403,Average
OUT0648,Franchise Outlet 0648,52347516.25,10298219.31,19.81,87558.0,427612.0,20.48,582.4,3.56,847.0,40,1308687.91,403,378,57,424,682,326,29.25,405,Average
OUT0635,Franchise Outlet 0635,60574551.33,10542821.98,17.21,44250.0,210635.0,21.01,1368.54,3.29,906.0,40,1514363.78,353,368,550,399,242,446,29.2,406,Average
OUT0464,Franchise Outlet 0464,38396588.0,6971700.1,18.22,31123.0,161108.0,19.35,1235.22,3.72,757.0,40,959914.7,502,499,321,480,331,249,29.18,407,Average
OUT0304,Franchise Outlet 0304,51162675.29,9222537.92,18.03,47300.0,212227.0,23.54,1023.85,3.44,815.0,40,1279066.88,410,409,363,297,443,372,29.16,408,Average
OUT0512,Franchise Outlet 0512,56078092.37,9105366.96,16.24,34022.0,152283.0,22.35,1647.32,3.3,945.0,40,1401952.31,377,413,699,339,81,440,29.15,409,Average
OUT0596,Franchise Outlet 0596,51951954.69,8653954.45,16.64,32503.0,132422.0,24.57,1597.9,3.13,930.0,40,1298798.87,404,431,652,252,117,528,29.13,410,Average
OUT0644,Franchise Outlet 0644,64997015.62,11440880.56,17.4,117382.0,456661.0,24.43,553.59,3.88,673.0,40,1624925.39,331,340,509,254,700,168,29.12,411,Average
OUT0027,Franchise Outlet 0027,77416103.08,12555671.41,16.15,45632.0,279860.0,15.86,1698.34,3.29,922.0,40,1935402.58,257,295,704,635,48,446,29.11,412,Average
OUT0378,Franchise Outlet 0378,84442759.4,14588148.07,17.19,97929.0,507604.0,19.34,862.14,3.52,839.0,40,2111068.99,228,244,553,481,547,340,29.1,413,Average
OUT0291,Franchise Outlet 0291,23167407.71,4624214.9,19.91,29085.0,119131.0,23.9,796.88,3.66,839.0,40,579185.19,643,630,45,277,576,271,29.08,414,Average
OUT0618,Franchise Outlet 0618,50059615.2,9853506.82,19.6,60455.0,284212.0,20.73,830.58,3.32,923.0,40,1251490.38,417,391,75,409,561,428,29.07,415,Average
OUT0664,Franchise Outlet 0664,36518356.58,6834817.51,18.83,45840.0,200552.0,23.3,780.64,3.79,794.0,40,912958.91,524,506,197,306,584,216,29.02,416,Average
OUT0036,Franchise Outlet 0036,61604757.39,11917469.69,19.08,62209.0,337360.0,18.41,989.55,3.19,974.0,40,1540118.93,347,319,156,535,461,491,28.96,417,Average
OUT0486,Franchise Outlet 0486,74911838.55,13503285.9,18.12,52343.0,288452.0,17.71,1430.37,2.75,1331.0,40,1872795.96,272,273,342,567,201,706,28.92,418,Average
OUT0461,Franchise Outlet 0461,43668967.22,8436436.23,19.34,27174.0,143860.0,18.92,1610.27,2.68,1302.0,40,1091724.18,463,436,115,507,107,737,28.84,419,Average
OUT0675,Franchise Outlet 0675,74646638.18,12196157.52,16.08,64637.0,237635.0,27.19,1153.07,3.15,1026.0,40,1866165.95,276,309,712,173,375,516,28.84,419,Average
OUT0390,Franchise Outlet 0390,43811118.14,7911507.83,18.11,92347.0,321199.0,28.8,474.12,3.82,751.0,40,1095277.95,462,460,345,122,736,197,28.82,421,Average
OUT0076,Franchise Outlet 0076,73716565.39,12251141.77,16.79,41079.0,260655.0,15.78,1793.64,2.96,1133.0,40,1842914.13,284,305,623,637,5,609,28.78,422,Average
OUT0453,Franchise Outlet 0453,20513165.01,3922899.64,19.2,15999.0,86762.0,17.55,1281.07,3.79,769.0,40,512829.13,677,650,134,571,304,216,28.76,423,Average
OUT0550,Franchise Outlet 0550,49465580.17,8248769.11,16.76,71753.0,283349.0,25.26,689.96,4.18,689.0,40,1236639.5,422,444,629,230,621,25,28.75,424,Average
OUT0337,Franchise Outlet 0337,39561470.18,7696588.91,19.66,21885.0,143481.0,15.15,1762.56,2.74,1266.0,40,989036.75,493,473,70,653,17,712,28.74,425,Average
OUT0585,Franchise Outlet 0585,45662699.25,8711245.69,19.11,30552.0,184505.0,16.95,1457.42,3.04,1038.0,40,1141567.48,448,427,151,603,188,568,28.71,426,Average
OUT0547,Franchise Outlet 0547,44605572.23,8157435.57,18.17,31357.0,173835.0,18.06,1420.15,3.37,920.0,40,1115139.31,455,448,332,553,210,401,28.7,427,Average
OUT0742,Franchise Outlet 0742,60440860.22,11370900.77,18.86,51842.0,372160.0,13.62,1164.87,3.4,869.0,40,1511021.51,354,341,194,692,366,391,28.64,428,Average
OUT0590,Franchise Outlet 0590,71807750.54,11880332.49,16.52,65833.0,353478.0,18.62,1090.8,3.75,754.0,40,1795193.76,295,322,664,526,413,235,28.63,429,Average
OUT0385,Franchise Outlet 0385,24229763.66,4683637.1,19.35,27656.0,124641.0,22.22,875.49,3.78,737.0,40,605744.09,633,628,114,344,539,223,28.6,430,Average
OUT0105,Franchise Outlet 0105,74939711.08,11652824.42,15.68,81842.0,327960.0,24.98,916.32,3.74,816.0,40,1873492.78,271,333,729,239,509,241,28.56,431,Average
OUT0271,Franchise Outlet 0271,45639955.26,8315025.9,18.23,27463.0,159951.0,16.32,1663.0,3.12,1105.0,40,1140998.88,449,440,318,617,69,533,28.52,432,Average
OUT0326,Franchise Outlet 0326,54661043.14,9903028.31,18.09,36465.0,197449.0,18.46,1496.45,2.99,1113.0,40,1366526.08,387,390,350,532,164,591,28.39,433,Average
OUT0209,Franchise Outlet 0209,78035815.01,12881371.93,16.69,59706.0,330487.0,18.08,1306.17,3.28,1029.0,40,1950895.38,256,288,641,552,286,451,28.38,434,Average
OUT0183,Franchise Outlet 0183,54712681.78,9537805.87,17.39,51621.0,208903.0,24.78,1060.9,3.29,900.0,40,1367817.04,386,396,511,246,425,446,28.2,435,Average
OUT0022,Franchise Outlet 0022,48516431.22,9445336.62,19.6,31716.0,238562.0,13.3,1528.83,2.89,1240.0,40,1212910.78,428,399,75,703,150,639,28.19,436,Average
OUT0135,Franchise Outlet 0135,37217038.84,6639642.98,17.7,22314.0,105336.0,20.63,1667.38,3.11,1106.0,40,930425.97,521,519,434,411,66,538,28.17,437,Average
OUT0265,Franchise Outlet 0265,42503432.6,7467352.59,17.81,47463.0,183687.0,25.22,895.61,3.59,813.0,40,1062585.82,472,482,410,233,525,309,28.17,437,Average
OUT0216,Franchise Outlet 0216,34828705.95,5809048.65,16.47,42447.0,136633.0,31.78,804.47,3.83,676.0,40,870717.65,546,574,675,60,571,192,28.01,439,Average
OUT0384,Franchise Outlet 0384,30626989.0,5806286.93,18.79,19079.0,94084.0,19.81,1605.14,2.97,1111.0,40,765674.72,579,575,206,462,111,602,27.96,440,Average
OUT0064,Franchise Outlet 0064,42265084.36,8109183.52,19.14,51122.0,246246.0,20.29,827.03,3.51,859.0,40,1056627.11,473,452,143,434,562,343,27.88,441,Average
OUT0008,Franchise Outlet 0008,31187279.94,5810177.93,18.4,22752.0,113526.0,20.48,1341.37,3.35,934.0,40,779682.0,574,573,286,424,258,414,27.78,442,Average
OUT0281,Franchise Outlet 0281,67791507.04,12466729.48,18.32,73168.0,376644.0,19.43,926.94,3.14,1034.0,40,1694787.68,317,300,297,475,504,519,27.77,443,Average
OUT0678,Franchise Outlet 0678,24288230.74,4796753.77,19.64,20424.0,107934.0,18.93,1187.36,3.38,904.0,40,607205.77,631,623,71,506,351,398,27.76,444,Average
OUT0730,Franchise Outlet 0730,35651290.07,6712112.24,18.97,26626.0,153524.0,17.34,1338.54,3.27,936.0,40,891282.25,537,513,177,581,261,456,27.67,445,Average
OUT0056,Franchise Outlet 0056,50738980.94,10196073.07,19.9,45685.0,252186.0,17.16,1111.13,2.86,1318.0,40,1268474.52,413,381,47,594,405,653,27.67,445,Average
OUT0133,Franchise Outlet 0133,40043776.81,7212845.04,17.72,23194.0,164024.0,14.15,1728.82,3.36,906.0,40,1001094.42,488,491,425,682,30,410,27.65,447,Average
OUT0244,Franchise Outlet 0244,52711119.23,9379606.43,17.69,41039.0,271524.0,15.12,1286.77,3.57,831.0,40,1317777.98,400,403,437,654,300,319,27.62,448,Average
OUT0035,Franchise Outlet 0035,32242394.45,5981544.96,18.37,67331.0,230151.0,28.4,479.07,3.79,725.0,40,806059.86,567,559,291,131,730,216,27.55,449,Average
OUT0182,Franchise Outlet 0182,76296616.03,13032081.75,17.03,52125.0,303436.0,16.75,1464.48,2.93,1175.0,40,1907415.4,263,284,582,609,185,622,27.55,449,Average
OUT0080,Franchise Outlet 0080,55166545.72,11086555.42,20.04,48042.0,329280.0,15.03,1112.03,2.83,1144.0,40,1379163.64,381,352,37,659,404,672,27.46,451,Average
OUT0478,Franchise Outlet 0478,70578723.88,12541467.84,17.67,88644.0,400622.0,21.64,795.72,3.27,945.0,40,1764468.1,305,297,444,369,578,456,27.46,451,Average
OUT0292,Franchise Outlet 0292,29994841.65,5463215.65,18.26,43713.0,168827.0,25.85,671.14,3.8,805.0,40,749871.04,589,590,311,213,631,210,27.34,453,Average
OUT0126,Franchise Outlet 0126,86078177.48,13573509.15,15.78,68981.0,345728.0,19.5,1246.01,3.24,933.0,40,2151954.44,223,269,725,472,324,473,27.33,454,Average
OUT0607,Franchise Outlet 0607,60953373.25,11255957.52,18.59,43449.0,306625.0,14.15,1403.72,2.92,1136.0,40,1523834.33,350,345,246,682,223,625,27.32,455,Average
OUT0634,Franchise Outlet 0634,74484258.16,11176149.81,15.04,42816.0,326229.0,13.03,1705.3,3.68,736.0,40,1862106.45,278,348,746,708,43,262,27.28,456,Average
OUT0320,Franchise Outlet 0320,29551747.97,4694854.63,16.04,46877.0,149011.0,31.54,629.97,4.22,695.0,40,738793.7,599,627,714,65,653,12,27.27,457,Average
OUT0240,Franchise Outlet 0240,60759623.81,10401672.23,17.2,109367.0,433307.0,25.27,555.79,3.67,763.0,40,1518990.6,351,375,551,229,698,264,27.24,458,Average
OUT0273,Franchise Outlet 0273,35635952.3,6395755.8,17.82,26056.0,129132.0,20.21,1367.47,3.35,939.0,40,890898.81,538,533,406,442,243,414,27.22,459,Average
OUT0565,Franchise Outlet 0565,74504202.41,12725452.52,17.41,50168.0,308242.0,16.29,1484.83,2.79,1268.0,40,1862605.06,277,292,504,618,170,690,27.21,460,Average
OUT0225,Franchise Outlet 0225,84399377.28,13260973.02,15.4,48083.0,301109.0,15.58,1755.53,3.03,1078.0,40,2109984.43,229,278,740,642,22,571,27.15,461,Average
OUT0462,Franchise Outlet 0462,50931193.28,9415978.77,18.44,30771.0,259873.0,11.84,1655.53,3.02,1092.0,40,1273279.83,412,401,279,729,72,576,27.09,462,Average
OUT0327,Franchise Outlet 0327,68302311.22,11629076.41,17.05,111479.0,430584.0,25.84,613.34,3.41,909.0,40,1707557.78,313,335,577,215,659,387,27.07,463,Average
OUT0007,Franchise Outlet 0007,29559993.15,5150645.57,17.37,32394.0,155073.0,21.47,868.2,4.13,725.0,40,738999.83,597,600,517,376,545,49,26.86,464,Average
OUT0355,Franchise Outlet 0355,49656983.79,9407894.31,19.21,34008.0,211739.0,16.1,1459.65,2.65,1458.0,40,1241424.59,420,402,132,625,186,746,26.83,465,Average
OUT0376,Franchise Outlet 0376,60347752.6,11119782.43,18.33,68667.0,358315.0,19.18,879.37,3.21,1033.0,40,1508693.82,355,350,294,489,534,486,26.75,466,Average
OUT0093,Franchise Outlet 0093,32970753.66,6464652.5,19.68,29464.0,150507.0,19.58,1120.02,3.02,1105.0,40,824268.84,559,528,66,468,399,576,26.74,467,Average
OUT0574,Franchise Outlet 0574,74469231.38,13049049.03,17.55,69296.0,405517.0,17.82,1029.91,3.1,1002.0,40,1861730.78,280,283,467,563,439,547,26.73,468,Average
OUT0043,Franchise Outlet 0043,31121781.63,5493295.27,17.6,24406.0,102710.0,23.73,1275.47,3.29,977.0,40,778044.54,575,587,458,287,307,446,26.68,469,Average
OUT0319,Franchise Outlet 0319,30200819.95,5936646.78,19.82,17911.0,131242.0,13.34,1686.42,2.77,1293.0,40,755020.5,584,560,54,701,57,701,26.61,470,Average
OUT0679,Franchise Outlet 0679,62891413.61,11044650.59,17.41,106664.0,468785.0,22.75,590.9,3.57,824.0,40,1572285.34,342,355,504,326,674,319,26.61,470,Average
OUT0154,Franchise Outlet 0154,51211149.51,8988869.14,17.58,32549.0,178670.0,18.27,1573.99,2.86,1150.0,40,1280278.74,409,418,465,540,132,653,26.57,472,Average
OUT0746,Franchise Outlet 0746,36977630.74,6777777.05,18.44,23954.0,126159.0,19.03,1544.17,2.85,1204.0,40,924440.77,522,507,279,498,141,659,26.57,472,Average
OUT0063,Franchise Outlet 0063,74852501.76,11714429.89,15.52,50325.0,297441.0,17.85,1411.65,3.35,921.0,40,1871312.54,274,331,737,560,220,414,26.51,474,Average
OUT0502,Franchise Outlet 0502,56473015.72,10478065.65,18.71,66231.0,351147.0,18.86,853.19,3.17,1035.0,40,1411825.39,371,370,227,510,552,503,26.45,475,Average
OUT0619,Franchise Outlet 0619,26974740.02,4838024.48,17.89,16135.0,90390.0,18.32,1629.01,3.2,924.0,40,674368.5,620,621,395,538,88,490,26.44,476,Average
OUT0161,Franchise Outlet 0161,59702932.8,10322996.55,17.28,36806.0,210744.0,17.47,1618.64,2.75,1207.0,40,1492573.32,358,377,533,577,98,706,26.37,477,Average
OUT0321,Franchise Outlet 0321,37792265.9,6772740.5,17.77,26525.0,153939.0,17.25,1424.73,3.32,891.0,40,944806.65,513,508,415,586,206,428,26.35,478,Average
OUT0350,Franchise Outlet 0350,33122389.62,6523430.24,19.69,34996.0,177257.0,19.79,946.55,3.14,984.0,40,828059.74,554,526,65,463,492,519,26.31,479,Average
OUT0599,Franchise Outlet 0599,22539319.4,4537437.32,20.09,50027.0,187345.0,26.21,450.22,3.39,896.0,40,563482.98,649,632,35,204,750,394,26.29,480,Average
OUT0252,Franchise Outlet 0252,32742386.04,5612473.03,17.19,46522.0,177135.0,26.25,704.36,3.87,742.0,40,818559.65,562,581,553,202,614,174,26.29,480,Average
OUT0296,Franchise Outlet 0296,39678288.16,7017137.16,17.79,62404.0,236195.0,26.34,634.53,3.57,856.0,40,991957.2,492,494,414,197,647,319,26.25,482,Average
OUT0665,Franchise Outlet 0665,38963364.17,6990697.46,18.01,34179.0,248702.0,13.76,1137.33,3.82,766.0,40,974084.1,496,496,369,690,386,197,26.22,483,Average
OUT0652,Franchise Outlet 0652,67963194.72,11863948.59,17.36,71679.0,428115.0,16.76,948.33,3.41,830.0,40,1699079.87,314,326,523,608,489,387,26.21,484,Average
OUT0037,Franchise Outlet 0037,53102329.85,8754625.06,16.36,29953.0,158072.0,18.95,1775.11,2.89,1112.0,40,1327558.25,397,425,689,505,11,639,26.15,485,Average
OUT0176,Franchise Outlet 0176,58515320.88,10460181.37,17.87,36080.0,250933.0,14.38,1626.3,2.74,1282.0,40,1462883.02,365,373,396,676,92,712,26.14,486,Average
OUT0687,Franchise Outlet 0687,46349897.92,7784588.55,16.94,52765.0,217609.0,24.29,878.71,3.56,802.0,40,1158747.45,444,467,600,263,536,326,26.12,487,Average
OUT0336,Franchise Outlet 0336,15718791.09,3303987.66,20.92,30958.0,157680.0,19.63,507.74,3.65,813.0,40,392969.78,710,694,9,467,717,278,26.05,488,Average
OUT0155,Franchise Outlet 0155,55163992.06,10197826.26,18.65,86658.0,443032.0,19.58,637.11,3.37,811.0,40,1379099.8,382,380,234,468,644,401,26.03,489,Average
OUT0655,Franchise Outlet 0655,56459525.32,9313807.49,16.51,89243.0,427988.0,20.86,633.57,4.05,668.0,40,1411488.13,372,406,668,403,648,97,26.02,490,Average
OUT0548,Franchise Outlet 0548,20613532.35,3819871.34,18.65,12843.0,87077.0,14.36,1606.34,3.33,901.0,40,515338.31,675,654,234,677,109,422,25.98,491,Average
OUT0552,Franchise Outlet 0552,43461730.39,7377584.86,17.08,29304.0,133620.0,21.95,1484.05,2.95,1103.0,40,1086543.26,466,485,571,356,171,611,25.96,492,Average
OUT0450,Franchise Outlet 0450,49604761.16,8519231.85,17.24,42266.0,188406.0,22.43,1174.18,3.1,1031.0,40,1240119.03,421,435,541,338,362,547,25.9,493,Average
OUT0551,Franchise Outlet 0551,32652311.23,6304325.69,19.36,26856.0,126208.0,21.31,1215.06,2.74,1239.0,40,816307.78,563,540,112,387,338,712,25.88,494,Average
OUT0268,Franchise Outlet 0268,49426211.71,9377223.39,19.2,71160.0,377080.0,18.86,695.3,3.25,955.0,40,1235655.29,424,404,134,510,618,468,25.85,495,Average
OUT0226,Franchise Outlet 0226,44861686.05,8419137.42,18.96,38147.0,213869.0,17.29,1175.6,2.95,1127.0,40,1121542.15,453,438,180,585,359,611,25.83,496,Average
OUT0023,Franchise Outlet 0023,29552178.91,5173828.88,17.52,21380.0,99794.0,21.91,1354.71,3.24,996.0,40,738804.47,598,599,474,359,251,473,25.8,497,Average
OUT0553,Franchise Outlet 0553,36143699.7,6835843.73,18.78,43094.0,251273.0,17.14,837.89,3.64,844.0,40,903592.49,531,505,209,595,559,286,25.75,498,Average
OUT0186,Franchise Outlet 0186,33538945.14,5811915.95,17.41,25863.0,141795.0,18.26,1297.23,3.51,845.0,40,838473.63,553,572,504,541,291,343,25.61,499,Average
OUT0333,Franchise Outlet 0333,49674655.78,8684668.37,17.48,33603.0,183464.0,18.31,1478.5,2.87,1275.0,40,1241866.39,419,429,484,539,176,647,25.53,500,Average
OUT0684,Franchise Outlet 0684,29623669.57,5091011.41,17.34,17094.0,101741.0,17.22,1687.96,3.19,1023.0,40,740591.74,595,606,524,588,55,491,25.51,501,Average
OUT0479,Franchise Outlet 0479,29353972.06,5140136.41,17.67,28164.0,105472.0,26.65,1042.39,3.17,992.0,40,733849.3,602,601,444,188,436,503,25.46,502,Average
OUT0601,Franchise Outlet 0601,32879804.2,6756665.91,20.34,22184.0,226102.0,9.57,1485.06,2.85,1146.0,40,821995.1,560,509,24,746,169,659,25.44,503,Average
OUT0030,Franchise Outlet 0030,16742580.69,3268510.16,19.58,11292.0,71053.0,15.92,1482.81,3.01,1048.0,40,418564.52,703,695,80,633,173,582,25.29,504,Average
OUT0110,Franchise Outlet 0110,51562057.58,9030816.81,17.54,79111.0,317635.0,24.28,652.33,3.36,974.0,40,1289051.44,407,416,469,264,635,410,25.29,504,Average
OUT0444,Franchise Outlet 0444,38336614.35,7476230.72,19.53,26669.0,187869.0,13.88,1437.86,2.72,1303.0,40,958415.36,504,481,87,686,196,730,25.27,506,Average
OUT0024,Franchise Outlet 0024,40169820.87,7363612.34,18.38,41546.0,228363.0,18.22,915.62,3.43,881.0,40,1004245.52,486,488,289,546,511,374,25.25,507,Average
OUT0242,Franchise Outlet 0242,40750397.34,7707757.96,19.01,36173.0,190378.0,19.03,1126.55,2.85,1199.0,40,1018759.93,482,471,169,498,396,659,25.22,508,Average
OUT0524,Franchise Outlet 0524,39950911.1,7234100.05,18.24,43181.0,210742.0,20.57,900.3,3.32,888.0,40,998772.78,490,489,315,418,522,428,25.2,509,Average
OUT0364,Franchise Outlet 0364,61503166.9,10474359.37,16.95,38924.0,248530.0,15.67,1579.5,2.81,1163.0,40,1537579.17,348,371,599,638,129,681,25.16,510,Average
OUT0366,Franchise Outlet 0366,23923167.45,4556696.9,19.14,16951.0,108521.0,15.65,1412.31,3.08,1048.0,40,598079.19,636,631,143,639,219,555,25.14,511,Average
OUT0689,Franchise Outlet 0689,23059433.99,3819706.3,16.54,15222.0,80934.0,18.82,1514.77,3.65,859.0,40,576485.85,645,655,663,515,157,278,25.12,512,Average
OUT0598,Franchise Outlet 0598,19928439.99,3718931.3,18.61,15893.0,81588.0,19.49,1253.14,3.26,1022.0,40,498211.0,686,663,242,473,320,463,25.09,513,Average
OUT0431,Franchise Outlet 0431,67289844.58,10941102.63,16.2,50154.0,257451.0,18.99,1341.8,3.0,984.0,40,1682246.11,320,359,701,503,257,585,25.05,514,Average
OUT0613,Franchise Outlet 0613,30027099.81,5236260.44,17.47,64638.0,252388.0,24.96,464.52,4.01,708.0,40,750677.5,588,597,487,241,740,111,25.01,515,Average
OUT0626,Franchise Outlet 0626,67835653.61,11557301.38,17.09,83626.0,412382.0,19.71,811.22,3.25,925.0,40,1695891.34,316,337,569,465,569,468,24.93,516,Average
OUT0438,Franchise Outlet 0438,20824755.75,4106899.89,19.46,39572.0,176735.0,22.95,513.48,3.58,800.0,40,520618.89,668,644,96,318,712,314,24.9,517,Average
OUT0132,Franchise Outlet 0132,40020483.09,7549596.14,18.93,61425.0,294627.0,20.35,651.97,3.34,1003.0,40,1000512.08,489,478,185,432,636,417,24.88,518,Average
OUT0138,Franchise Outlet 0138,58550176.58,10171091.04,17.26,61356.0,329338.0,18.62,954.92,3.26,944.0,40,1463754.41,364,384,538,526,483,463,24.78,519,Average
OUT0143,Franchise Outlet 0143,34620767.43,6260125.17,17.69,26775.0,128549.0,20.42,1290.8,3.07,1123.0,40,865519.19,547,548,437,427,296,556,24.77,520,Average
OUT0200,Franchise Outlet 0200,22369604.98,3909351.4,17.22,43283.0,177873.0,24.34,516.81,4.19,660.0,40,559240.12,651,651,548,259,709,21,24.67,521,Average
OUT0411,Franchise Outlet 0411,35507183.28,5836384.43,16.55,46327.0,200684.0,23.08,766.24,3.92,705.0,40,887679.58,540,569,661,313,588,156,24.64,522,Average
OUT0722,Franchise Outlet 0722,45699069.72,8320433.14,18.2,46302.0,224957.0,20.59,986.02,2.98,1203.0,40,1142476.74,447,439,323,416,463,595,24.58,523,Average
OUT0142,Franchise Outlet 0142,21453050.46,3602389.82,16.8,22037.0,73292.0,30.11,973.25,3.32,919.0,40,536326.26,661,672,620,95,470,428,24.54,524,Average
OUT0706,Franchise Outlet 0706,35572137.32,6901890.59,19.6,56826.0,323895.0,18.0,610.83,3.37,875.0,40,889303.43,539,503,75,556,661,401,24.51,525,Average
OUT0399,Franchise Outlet 0399,24105127.36,4898384.33,20.5,21135.0,122673.0,16.79,1139.74,2.74,1229.0,40,602628.18,634,616,19,606,383,712,24.51,525,Average
OUT0293,Franchise Outlet 0293,45563523.01,8600904.41,18.71,42560.0,258299.0,16.06,1070.9,3.0,1091.0,40,1139088.08,450,433,227,628,422,585,24.43,527,Average
OUT0731,Franchise Outlet 0731,35694098.49,6010769.17,16.9,22069.0,117377.0,18.79,1617.48,2.99,1173.0,40,892352.46,535,557,605,517,99,591,24.41,528,Average
OUT0417,Franchise Outlet 0417,35489647.9,6269213.21,17.92,28170.0,160923.0,17.53,1259.21,3.18,1016.0,40,887241.2,541,546,389,574,315,497,24.41,528,Average
OUT0543,Franchise Outlet 0543,38777262.55,7719727.33,19.98,77446.0,365832.0,21.08,489.24,3.05,1064.0,40,969431.56,497,470,41,397,725,563,24.39,530,Average
OUT0312,Franchise Outlet 0312,45957594.03,7944069.3,17.29,28081.0,190481.0,14.77,1637.89,2.87,1306.0,40,1148939.85,445,459,529,664,86,647,24.26,531,Average
OUT0146,Franchise Outlet 0146,42118625.37,7378721.76,17.6,83539.0,316564.0,26.46,504.96,3.39,874.0,40,1052965.63,474,484,458,194,719,394,24.24,532,Average
OUT0403,Franchise Outlet 0403,37736606.73,6878528.89,18.49,35718.0,163076.0,21.36,1055.85,2.85,1169.0,40,943415.17,516,504,273,384,429,659,24.2,533,Average
OUT0377,Franchise Outlet 0377,55139561.1,8762402.81,16.02,43456.0,203195.0,20.92,1268.59,3.13,985.0,40,1378489.03,383,424,717,400,310,528,24.15,534,Average
OUT0570,Franchise Outlet 0570,28883009.0,4300712.72,15.01,29683.0,120805.0,25.21,949.5,4.13,678.0,40,722075.22,606,638,748,234,488,49,24.1,535,Average
OUT0410,Franchise Outlet 0410,28974340.21,5517376.74,19.23,40100.0,175091.0,22.92,722.81,3.07,1026.0,40,724358.51,605,586,126,319,606,556,24.09,536,Average
OUT0095,Franchise Outlet 0095,36333059.96,6040849.53,16.79,40365.0,197709.0,20.43,900.21,3.75,763.0,40,908326.5,526,556,623,426,523,235,24.08,537,Average
OUT0246,Franchise Outlet 0246,34397325.99,5531273.19,16.14,28435.0,129997.0,21.88,1208.52,3.5,908.0,40,859933.15,548,585,705,360,340,354,23.95,538,Average
OUT0688,Franchise Outlet 0688,31257319.48,5805922.71,18.76,20217.0,187522.0,10.79,1546.57,3.03,1066.0,40,781432.99,572,576,215,741,138,571,23.9,539,Average
OUT0201,Franchise Outlet 0201,17169497.67,3324199.29,19.5,15004.0,123734.0,11.83,1142.63,3.53,859.0,40,429237.44,702,693,91,731,380,336,23.89,540,Average
OUT0440,Franchise Outlet 0440,20343164.05,4061076.85,19.97,23632.0,116909.0,20.28,859.1,3.0,1159.0,40,508579.1,679,646,42,436,548,585,23.88,541,Average
OUT0274,Franchise Outlet 0274,34929053.42,6177638.06,17.77,41657.0,198964.0,20.5,838.24,3.46,837.0,40,873226.34,544,553,415,422,558,359,23.88,541,Average
OUT0657,Franchise Outlet 0657,48490385.65,8896136.01,18.53,68361.0,311574.0,21.99,709.95,2.92,1152.0,40,1212259.64,429,421,265,355,611,625,23.88,541,Average
OUT0628,Franchise Outlet 0628,19413597.05,3346886.37,17.37,14475.0,76215.0,19.03,1341.28,3.42,894.0,40,485339.93,689,691,517,498,259,381,23.84,544,Average
OUT0460,Franchise Outlet 0460,13259434.85,2726249.35,20.59,9042.0,89778.0,10.09,1465.58,2.95,1184.0,40,331485.87,723,712,18,744,182,611,23.82,545,Average
OUT0414,Franchise Outlet 0414,53892751.52,9763274.76,18.14,46808.0,324229.0,14.43,1151.42,2.94,1159.0,40,1347318.79,390,394,339,675,378,617,23.81,546,Average
OUT0173,Franchise Outlet 0173,41319480.56,7526984.1,18.02,27489.0,183433.0,14.63,1464.54,2.85,1284.0,40,1032987.01,477,479,365,670,184,659,23.79,547,Average
OUT0229,Franchise Outlet 0229,31908057.71,5488112.1,17.29,32099.0,138304.0,23.21,995.65,3.28,939.0,40,797701.44,569,589,529,310,454,451,23.79,547,Average
OUT0447,Franchise Outlet 0447,30049985.64,5686216.85,18.75,59010.0,253627.0,23.28,509.22,3.4,914.0,40,751249.64,587,580,218,308,716,391,23.77,549,Average
OUT0020,Franchise Outlet 0020,32982774.76,6048345.73,18.48,18906.0,163679.0,11.84,1704.9,2.78,1307.0,40,824569.37,558,555,276,729,44,697,23.73,550,Average
OUT0528,Franchise Outlet 0528,54881194.59,9363278.46,17.06,39618.0,262983.0,15.08,1348.84,3.0,997.0,40,1372029.86,384,405,575,655,253,585,23.68,551,Average
OUT0243,Franchise Outlet 0243,38158508.0,6710138.14,17.61,50714.0,224579.0,23.13,734.39,3.33,936.0,40,953962.7,506,514,457,311,601,422,23.62,552,Average
OUT0374,Franchise Outlet 0374,46684241.35,7890677.72,16.71,32831.0,170329.0,19.31,1420.96,2.88,1257.0,40,1167106.03,442,461,636,483,209,644,23.61,553,Average
OUT0235,Franchise Outlet 0235,44482197.68,8136929.23,18.16,64784.0,315464.0,20.02,686.5,3.27,1000.0,40,1112054.94,458,450,336,447,623,456,23.58,554,Average
OUT0405,Franchise Outlet 0405,33573522.07,6673661.49,19.89,26811.0,283771.0,9.46,1250.6,2.98,1116.0,40,839338.05,552,515,48,747,321,595,23.56,555,Average
OUT0220,Franchise Outlet 0220,19140318.94,3061925.69,16.1,29539.0,112504.0,25.66,647.64,4.2,626.0,40,478507.97,691,703,708,221,637,17,23.54,556,Average
OUT0439,Franchise Outlet 0439,29423584.29,5928396.53,20.13,51604.0,258491.0,20.01,569.73,3.05,1066.0,40,735589.61,600,561,32,451,688,563,23.53,557,Average
OUT0658,Franchise Outlet 0658,38513946.32,6918204.99,18.18,32584.0,213287.0,14.9,1182.42,3.16,1041.0,40,962848.66,500,501,326,663,356,511,23.53,557,Average
OUT0605,Franchise Outlet 0605,27590126.03,5015189.78,18.38,45777.0,199787.0,23.57,586.07,3.43,840.0,40,689753.15,617,609,289,296,677,374,23.5,559,Average
OUT0538,Franchise Outlet 0538,30260537.15,5874878.37,19.56,34195.0,203844.0,16.78,885.28,3.07,1094.0,40,756513.43,581,564,84,607,532,556,23.45,560,Average
OUT0517,Franchise Outlet 0517,44860751.68,7842441.14,17.44,78095.0,393564.0,20.33,561.86,3.64,817.0,40,1121518.79,454,463,494,433,693,286,23.43,561,Average
OUT0609,Franchise Outlet 0609,29310113.74,4701068.55,16.0,22400.0,91809.0,24.41,1307.22,3.25,925.0,40,732752.84,603,625,719,255,283,468,23.43,561,Average
OUT0159,Franchise Outlet 0159,42851542.18,7704765.77,18.23,45058.0,270334.0,16.66,951.72,3.17,955.0,40,1071288.55,471,472,318,611,486,503,23.35,563,Below Average
OUT0747,Franchise Outlet 0747,25894219.34,4878445.04,18.94,26977.0,165921.0,16.25,959.95,3.32,847.0,40,647355.48,624,617,182,619,478,428,23.33,564,Below Average
OUT0424,Franchise Outlet 0424,24239048.8,4340207.74,17.93,25946.0,115418.0,21.95,935.02,3.31,936.0,40,605976.22,632,635,387,356,497,434,23.3,565,Below Average
OUT0046,Franchise Outlet 0046,41734150.56,7688982.4,18.46,60127.0,345066.0,17.43,694.0,3.36,854.0,40,1043353.76,476,474,278,580,619,410,23.26,566,Below Average
OUT0193,Franchise Outlet 0193,52480242.89,9191933.79,17.43,57460.0,325780.0,17.18,914.34,3.23,935.0,40,1312006.07,402,410,499,591,512,479,23.25,567,Below Average
OUT0356,Franchise Outlet 0356,21827361.07,3945474.33,17.94,28832.0,134391.0,21.49,757.28,3.61,749.0,40,545684.03,657,649,385,375,593,300,23.24,568,Below Average
OUT0692,Franchise Outlet 0692,38154680.85,6374336.5,16.65,33133.0,145891.0,22.21,1152.4,3.15,982.0,40,953867.02,507,537,647,346,376,516,23.23,569,Below Average
OUT0098,Franchise Outlet 0098,56188744.1,9449415.98,16.72,32811.0,257112.0,12.77,1711.88,2.73,1286.0,40,1404718.6,375,398,635,713,39,721,23.22,570,Below Average
OUT0365,Franchise Outlet 0365,47218307.53,8281468.38,17.59,27628.0,256533.0,10.81,1710.35,2.75,1289.0,40,1180457.69,440,441,461,739,40,706,23.15,571,Below Average
OUT0494,Franchise Outlet 0494,39246427.49,7492702.01,18.98,26872.0,224186.0,11.95,1430.29,2.66,1270.0,40,981160.69,494,480,173,727,202,741,23.01,572,Below Average
OUT0696,Franchise Outlet 0696,53501220.2,8683868.63,16.35,34513.0,196968.0,17.53,1549.34,2.74,1236.0,40,1337530.51,395,430,691,574,137,712,22.99,573,Below Average
OUT0343,Franchise Outlet 0343,25662392.44,4859309.75,19.17,28245.0,181397.0,15.59,908.82,3.3,963.0,40,641559.81,625,618,138,640,517,440,22.98,574,Below Average
OUT0323,Franchise Outlet 0323,49767809.86,8052725.77,16.3,32318.0,195839.0,16.52,1539.88,2.91,1165.0,40,1244195.25,418,453,695,615,146,628,22.88,575,Below Average
OUT0042,Franchise Outlet 0042,20379695.4,3606682.01,17.39,12630.0,61327.0,20.63,1612.25,2.75,1232.0,40,509492.39,678,671,511,411,106,706,22.87,576,Below Average
OUT0682,Franchise Outlet 0682,35295691.46,6594521.13,18.79,40102.0,200887.0,19.98,879.25,2.89,1293.0,40,882392.29,542,524,206,455,535,639,22.86,577,Below Average
OUT0174,Franchise Outlet 0174,43033305.29,7762019.62,18.05,76512.0,353839.0,21.02,562.03,3.3,943.0,40,1075832.63,469,469,360,398,692,440,22.83,578,Below Average
OUT0060,Franchise Outlet 0060,45891145.45,7824131.68,17.08,67841.0,370467.0,18.77,660.15,3.64,807.0,40,1147278.64,446,464,571,520,633,286,22.82,579,Below Average
OUT0434,Franchise Outlet 0434,24087068.18,4154274.54,17.28,47241.0,180888.0,26.79,497.84,3.64,836.0,40,602176.7,635,642,533,181,722,286,22.77,580,Below Average
OUT0709,Franchise Outlet 0709,42015799.55,7671486.0,18.27,79800.0,388580.0,20.54,526.77,3.31,964.0,40,1050394.99,475,476,308,420,707,434,22.76,581,Below Average
OUT0546,Franchise Outlet 0546,54361500.18,9240136.31,17.04,74090.0,428854.0,16.03,733.88,3.57,900.0,40,1359037.5,388,408,580,629,602,319,22.75,582,Below Average
OUT0727,Franchise Outlet 0727,29357557.15,5491578.21,18.91,23293.0,156087.0,14.93,1260.58,2.86,1172.0,40,733938.93,601,588,188,662,314,653,22.7,583,Below Average
OUT0120,Franchise Outlet 0120,17588118.57,3435091.42,19.67,18870.0,86663.0,21.36,931.86,2.79,1171.0,40,439702.96,701,686,68,384,499,690,22.68,584,Below Average
OUT0418,Franchise Outlet 0418,28258640.84,4855490.56,17.54,44935.0,189284.0,23.73,628.81,3.5,815.0,40,706466.02,610,619,469,287,654,354,22.62,585,Below Average
OUT0653,Franchise Outlet 0653,36217263.35,6400720.05,17.65,26991.0,158945.0,17.03,1342.38,2.87,1106.0,40,905431.58,529,531,448,598,256,647,22.59,586,Below Average
OUT0262,Franchise Outlet 0262,50704272.66,9070321.81,17.72,87741.0,424702.0,20.67,578.5,3.19,1036.0,40,1267606.82,414,415,425,410,683,491,22.51,587,Below Average
OUT0057,Franchise Outlet 0057,36022508.22,6605216.17,18.27,76883.0,436108.0,18.04,459.16,3.67,825.0,40,900562.71,532,522,308,554,745,264,22.45,588,Below Average
OUT0481,Franchise Outlet 0481,20766049.43,3675470.54,17.48,32102.0,125155.0,25.68,647.49,3.45,898.0,40,519151.24,671,666,484,219,638,365,22.28,589,Below Average
OUT0649,Franchise Outlet 0649,39938660.77,6984992.46,17.55,61448.0,346121.0,18.18,635.04,3.58,911.0,40,998466.52,491,497,467,547,646,314,22.26,590,Below Average
OUT0150,Franchise Outlet 0150,28398205.01,5308315.91,18.64,22105.0,151281.0,14.26,1286.6,2.91,1208.0,40,709955.13,609,594,236,679,301,628,22.22,591,Below Average
OUT0474,Franchise Outlet 0474,46456990.22,7814816.66,16.76,38108.0,195372.0,20.02,1186.12,2.87,1160.0,40,1161424.76,443,465,629,447,353,647,22.2,592,Below Average
OUT0621,Franchise Outlet 0621,21432229.65,3789513.97,17.85,35037.0,146578.0,24.44,582.66,3.47,829.0,40,535805.74,663,657,403,253,681,357,22.19,593,Below Average
OUT0131,Franchise Outlet 0131,30607496.21,5578594.45,17.99,26535.0,163984.0,16.58,1125.54,3.11,1023.0,40,765187.41,580,582,375,613,397,538,22.18,594,Below Average
OUT0363,Franchise Outlet 0363,23811668.41,4025851.66,17.03,26563.0,115011.0,22.57,895.23,3.45,834.0,40,595291.71,638,648,582,334,526,365,22.17,595,Below Average
OUT0593,Franchise Outlet 0593,23162092.35,4161638.01,18.02,22877.0,121619.0,18.8,1012.64,3.21,998.0,40,579052.31,644,641,365,516,446,486,21.95,596,Below Average
OUT0004,Franchise Outlet 0004,15001524.36,2734756.27,18.14,17824.0,117417.0,15.2,842.07,3.84,722.0,40,375038.11,714,711,339,651,555,187,21.92,597,Below Average
OUT0569,Franchise Outlet 0569,30876516.46,5243815.2,16.97,17873.0,118571.0,15.04,1724.58,2.77,1248.0,40,771912.91,576,596,597,657,34,701,21.82,598,Below Average
OUT0223,Franchise Outlet 0223,47794591.14,8699486.66,18.44,58096.0,337773.0,17.23,823.3,2.83,1254.0,40,1194864.78,434,428,279,587,564,672,21.81,599,Below Average
OUT0402,Franchise Outlet 0402,36630387.67,6414382.85,17.47,38426.0,222032.0,17.74,931.01,3.26,837.0,40,915759.69,523,530,487,566,500,463,21.81,599,Below Average
OUT0310,Franchise Outlet 0310,47279576.18,8550010.75,17.86,39624.0,254428.0,15.16,1191.32,2.73,1300.0,40,1181989.4,439,434,400,652,349,721,21.79,601,Below Average
OUT0277,Franchise Outlet 0277,31871715.79,5913708.2,18.61,52077.0,257405.0,20.22,610.78,3.16,1030.0,40,796792.89,570,562,242,440,662,511,21.72,602,Below Average
OUT0729,Franchise Outlet 0729,40211007.09,7210660.26,17.8,59036.0,323919.0,18.26,680.92,3.31,1039.0,40,1005275.18,484,492,413,541,626,434,21.67,603,Below Average
OUT0232,Franchise Outlet 0232,16091836.3,2883399.52,18.11,12158.0,66014.0,18.46,1322.97,2.91,1136.0,40,402295.91,707,707,345,532,271,628,21.59,604,Below Average
OUT0589,Franchise Outlet 0589,34287783.82,5848932.72,16.87,64745.0,268727.0,24.08,529.76,3.51,869.0,40,857194.6,550,567,609,272,706,343,21.55,605,Below Average
OUT0430,Franchise Outlet 0430,18657646.76,3535209.94,18.7,32559.0,134452.0,24.3,557.27,3.15,1005.0,40,466441.17,695,679,229,261,696,516,21.5,606,Below Average
OUT0052,Franchise Outlet 0052,23485129.64,4075207.99,17.52,43115.0,154633.0,26.47,544.74,3.31,958.0,40,587128.24,641,645,474,193,702,434,21.48,607,Below Average
OUT0645,Franchise Outlet 0645,15823609.35,3036155.64,19.13,21509.0,103781.0,20.77,735.78,3.1,1086.0,40,395590.23,708,704,149,406,600,547,21.44,608,Below Average
OUT0559,Franchise Outlet 0559,27937957.71,5549630.89,19.62,28524.0,234354.0,12.51,956.1,2.98,1025.0,40,698448.94,613,584,74,719,482,595,21.43,609,Below Average
OUT0169,Franchise Outlet 0169,47070518.02,7872231.38,16.51,47412.0,205568.0,22.55,992.5,2.86,1255.0,40,1176762.95,441,462,668,336,459,653,21.4,610,Below Average
OUT0715,Franchise Outlet 0715,21437414.74,3775946.87,17.63,17311.0,81915.0,20.61,1240.15,2.85,1222.0,40,535935.37,662,659,454,413,329,659,21.32,611,Below Average
OUT0309,Franchise Outlet 0309,22968331.22,3532208.25,15.24,24357.0,101434.0,24.08,943.3,3.77,740.0,40,574208.28,646,680,744,272,494,228,21.27,612,Below Average
OUT0117,Franchise Outlet 0117,30199957.09,5716734.47,18.97,40909.0,205510.0,19.42,736.51,2.87,1251.0,40,754998.93,585,578,177,477,598,647,21.15,613,Below Average
OUT0168,Franchise Outlet 0168,21275840.25,3565340.04,16.8,44592.0,183082.0,24.39,477.9,3.78,751.0,40,531896.01,664,677,620,256,732,223,21.03,614,Below Average
OUT0272,Franchise Outlet 0272,32308100.2,6216755.0,19.14,27691.0,256044.0,10.8,1163.44,2.83,1225.0,40,807702.5,566,552,143,740,369,672,20.92,615,Below Average
OUT0090,Franchise Outlet 0090,25292939.94,4695833.13,18.55,43249.0,175968.0,24.58,584.7,2.89,1239.0,40,632323.5,627,626,263,251,678,639,20.9,616,Below Average
OUT0429,Franchise Outlet 0429,20793987.38,3479102.15,16.76,40757.0,156407.0,26.67,498.92,3.58,859.0,40,519849.68,669,683,629,187,721,314,20.89,617,Below Average
OUT0391,Franchise Outlet 0391,36217500.52,5998096.05,16.65,20935.0,160867.0,13.05,1729.18,2.73,1218.0,40,905437.51,528,558,647,706,29,721,20.75,618,Below Average
OUT0622,Franchise Outlet 0622,30731869.59,5131316.98,16.65,22154.0,130496.0,17.0,1387.32,2.97,1120.0,40,768296.74,577,602,647,599,231,602,20.68,619,Below Average
OUT0443,Franchise Outlet 0443,38559541.49,7057280.76,18.27,32237.0,250141.0,12.88,1195.46,2.76,1215.0,40,963988.54,498,493,308,712,346,703,20.67,620,Below Average
OUT0072,Franchise Outlet 0072,37862408.36,7233884.31,19.14,58731.0,341783.0,17.18,644.64,2.83,1166.0,40,946560.21,511,490,143,591,641,672,20.66,621,Below Average
OUT0393,Franchise Outlet 0393,36198986.45,6645122.07,18.32,41632.0,295300.0,14.44,850.35,3.11,1018.0,40,904974.66,530,516,297,674,554,538,20.64,622,Below Average
OUT0115,Franchise Outlet 0115,31922764.71,5818314.07,18.09,28090.0,215187.0,13.05,1136.9,3.03,1071.0,40,798069.12,568,571,350,706,387,571,20.62,623,Below Average
OUT0501,Franchise Outlet 0501,40187513.86,7426124.42,18.43,48957.0,282569.0,17.32,822.89,2.78,1317.0,40,1004687.85,485,483,283,583,565,697,20.57,624,Below Average
OUT0325,Franchise Outlet 0325,22731713.46,4221003.67,18.58,15991.0,123220.0,13.36,1382.0,2.71,1355.0,40,568292.84,648,639,253,698,236,731,20.49,625,Below Average
OUT0493,Franchise Outlet 0493,50218162.37,8431524.6,16.79,74286.0,394995.0,18.79,675.89,3.22,1029.0,40,1255454.06,416,437,623,517,628,483,20.47,626,Below Average
OUT0231,Franchise Outlet 0231,18043694.5,3559056.32,19.58,22969.0,158629.0,14.14,786.0,3.16,1044.0,40,451092.36,699,678,80,684,581,511,20.47,626,Below Average
OUT0518,Franchise Outlet 0518,21875356.3,4322121.71,19.85,32526.0,244706.0,13.31,672.76,3.17,1025.0,40,546883.91,656,636,51,702,629,503,20.4,628,Below Average
OUT0389,Franchise Outlet 0389,10005473.4,1868918.12,18.78,20577.0,86398.0,23.88,486.13,3.24,961.0,40,250136.84,732,729,209,278,726,473,20.29,629,Below Average
OUT0306,Franchise Outlet 0306,38555565.03,7365268.64,18.99,47914.0,310584.0,15.44,804.89,2.73,1306.0,40,963889.13,499,487,171,644,570,721,20.29,629,Below Average
OUT0283,Franchise Outlet 0283,35832817.48,6476410.55,18.23,30319.0,278929.0,11.14,1154.13,2.95,1177.0,40,895820.44,533,527,318,736,374,611,20.23,631,Below Average
OUT0002,Franchise Outlet 0002,24944927.22,3786024.64,15.26,27543.0,106322.0,25.9,905.18,3.45,866.0,40,623623.18,629,658,743,211,521,365,20.21,632,Below Average
OUT0704,Franchise Outlet 0704,15421840.62,2828425.29,18.31,19638.0,97348.0,20.19,784.16,3.16,1032.0,40,385546.02,711,708,299,443,583,511,20.17,633,Below Average
OUT0113,Franchise Outlet 0113,9857606.74,1825204.73,18.53,21740.0,94162.0,23.11,453.26,3.41,892.0,40,246440.17,733,730,265,312,748,387,20.17,633,Below Average
OUT0745,Franchise Outlet 0745,51802218.34,8651240.34,16.64,64990.0,378492.0,17.21,797.37,3.14,999.0,40,1295055.46,405,432,652,589,575,519,20.09,635,Below Average
OUT0125,Franchise Outlet 0125,37393841.95,6305621.94,16.84,31117.0,176187.0,18.58,1143.63,2.84,1244.0,40,934846.05,518,539,612,530,379,668,20.09,635,Below Average
OUT0351,Franchise Outlet 0351,26144551.26,4772391.94,18.5,39594.0,257351.0,16.08,631.04,3.34,864.0,40,653613.78,623,624,271,627,652,417,20.08,637,Below Average
OUT0062,Franchise Outlet 0062,14551015.17,2598773.65,17.71,29995.0,125299.0,23.37,485.98,3.51,872.0,40,363775.38,716,715,429,302,727,343,20.08,637,Below Average
OUT0368,Franchise Outlet 0368,23565335.48,4443710.37,18.97,19222.0,140651.0,13.36,1225.92,2.67,1359.0,40,589133.39,639,634,177,698,334,739,20.02,639,Below Average
OUT0357,Franchise Outlet 0357,28570910.4,4841075.31,17.1,18390.0,136738.0,13.44,1556.05,2.8,1298.0,40,714272.76,608,620,567,696,136,686,20.01,640,Below Average
OUT0148,Franchise Outlet 0148,31193984.92,5386870.53,17.28,28877.0,160505.0,18.01,1080.74,2.91,1196.0,40,779849.62,573,593,533,555,417,628,19.9,641,Below Average
OUT0487,Franchise Outlet 0487,14697085.04,2666385.61,18.01,16412.0,101985.0,16.1,895.13,3.39,990.0,40,367427.13,715,713,369,625,527,394,19.82,642,Below Average
OUT0347,Franchise Outlet 0347,33054208.95,5691119.15,17.14,54493.0,217244.0,24.38,607.32,3.02,1036.0,40,826355.22,555,579,559,257,663,576,19.82,642,Below Average
OUT0328,Franchise Outlet 0328,39016019.3,7014737.71,17.85,64935.0,357867.0,18.15,600.12,3.1,1010.0,40,975400.48,495,495,403,550,670,547,19.77,644,Below Average
OUT0555,Franchise Outlet 0555,38462452.01,6267663.0,16.28,28445.0,171212.0,16.23,1351.95,2.87,1184.0,40,961561.3,501,547,697,621,252,647,19.71,645,Below Average
OUT0219,Franchise Outlet 0219,44586486.89,6906738.32,15.32,65111.0,287125.0,21.53,684.55,3.53,864.0,40,1114662.17,456,502,742,372,624,336,19.7,646,Below Average
OUT0128,Franchise Outlet 0128,34862457.16,6640996.71,18.94,39064.0,302749.0,12.92,893.11,2.81,1238.0,40,871561.43,545,518,182,710,528,681,19.69,647,Below Average
OUT0188,Franchise Outlet 0188,26253354.44,4306440.48,16.52,20241.0,111697.0,18.17,1298.36,2.97,1116.0,40,656333.86,622,637,664,548,290,602,19.69,647,Below Average
OUT0505,Franchise Outlet 0505,20768249.56,3640983.32,17.75,25881.0,142162.0,18.24,801.3,3.28,994.0,40,519206.24,670,667,419,545,573,451,19.68,649,Below Average
OUT0011,Franchise Outlet 0011,29847587.47,5128210.76,17.22,20926.0,227459.0,9.21,1426.71,3.14,1035.0,40,746189.69,592,604,548,748,205,519,19.59,650,Below Average
OUT0394,Franchise Outlet 0394,37792170.23,6922590.45,18.53,43290.0,356781.0,11.85,875.73,2.98,1055.0,40,944804.26,514,500,265,728,538,595,19.56,651,Below Average
OUT0566,Franchise Outlet 0566,47785800.58,8003350.57,16.84,52749.0,278880.0,18.89,905.44,2.79,1285.0,40,1194645.01,435,455,612,508,520,690,19.5,652,Below Average
OUT0170,Franchise Outlet 0170,29899597.43,4993975.17,16.7,39518.0,210196.0,18.83,757.29,3.42,814.0,40,747489.94,591,612,640,513,592,381,19.46,653,Below Average
OUT0387,Franchise Outlet 0387,28121691.99,5129019.73,18.18,26703.0,165105.0,16.18,1053.77,2.75,1293.0,40,703042.3,612,603,326,623,430,706,19.45,654,Below Average
OUT0738,Franchise Outlet 0738,20615538.96,3743944.69,18.3,15493.0,123325.0,12.59,1330.31,2.78,1237.0,40,515388.47,674,661,302,718,265,697,19.31,655,Below Average
OUT0208,Franchise Outlet 0208,21024475.01,3634272.94,17.45,23087.0,126469.0,18.25,912.02,3.17,1052.0,40,525611.88,665,669,492,544,514,503,19.29,656,Below Average
OUT0659,Franchise Outlet 0659,9078362.91,1738206.1,19.03,6361.0,54589.0,12.0,1393.92,2.74,1308.0,40,226959.07,736,734,165,726,227,712,19.22,657,Below Average
OUT0397,Franchise Outlet 0397,47532757.48,8021631.17,17.07,44188.0,283720.0,15.55,1076.35,2.7,1312.0,40,1188318.94,436,454,573,643,419,735,19.21,658,Below Average
OUT0396,Franchise Outlet 0396,72948700.23,10571121.69,14.45,66183.0,340960.0,18.89,1102.92,2.84,1168.0,40,1823717.51,287,366,750,508,410,668,19.13,659,Below Average
OUT0352,Franchise Outlet 0352,6562133.42,1311252.27,20.26,13789.0,104249.0,13.22,475.98,3.43,880.0,40,164053.34,745,741,27,705,735,374,19.11,660,Below Average
OUT0404,Franchise Outlet 0404,19937073.3,3343740.9,16.88,11988.0,83713.0,13.62,1663.62,2.75,1248.0,40,498426.83,685,692,608,692,67,706,19.04,661,Below Average
OUT0050,Franchise Outlet 0050,18617709.24,3407992.8,18.31,20202.0,255487.0,7.92,921.66,3.65,748.0,40,465442.73,696,687,299,750,508,278,19.03,662,Below Average
OUT0263,Franchise Outlet 0263,40052378.71,6632777.87,16.48,42372.0,220921.0,19.18,945.41,2.93,1081.0,40,1001309.47,487,521,673,489,493,622,19.01,663,Below Average
OUT0089,Franchise Outlet 0089,27456527.65,4630413.43,16.8,24687.0,144181.0,17.63,1083.64,3.03,1101.0,40,686413.19,619,629,620,569,415,571,18.98,664,Below Average
OUT0451,Franchise Outlet 0451,38348498.91,6382922.07,16.73,74372.0,335387.0,22.19,515.68,3.19,1071.0,40,958712.47,503,536,633,347,710,491,18.97,665,Below Average
OUT0720,Franchise Outlet 0720,18973844.2,3080650.31,16.27,27151.0,177185.0,15.32,698.84,4.05,679.0,40,474346.1,692,701,698,648,616,97,18.84,666,Below Average
OUT0614,Franchise Outlet 0614,19463894.53,3003552.99,15.53,13082.0,64574.0,20.29,1489.91,2.91,1189.0,40,486597.36,688,705,736,434,167,628,18.81,667,Below Average
OUT0069,Franchise Outlet 0069,33046761.77,5841270.48,17.43,49130.0,309393.0,15.89,672.08,3.3,934.0,40,826169.04,556,568,499,634,630,440,18.81,667,Below Average
OUT0345,Franchise Outlet 0345,20583003.3,3587121.8,17.37,41680.0,190874.0,21.84,493.34,3.37,914.0,40,514575.08,676,675,517,363,723,401,18.75,669,Below Average
OUT0121,Franchise Outlet 0121,23209209.0,3768855.92,16.33,14453.0,107924.0,13.44,1605.14,2.9,1192.0,40,580230.22,642,660,692,696,111,636,18.69,670,Below Average
OUT0586,Franchise Outlet 0586,10485980.83,2051255.04,19.54,20479.0,114415.0,17.48,511.74,3.14,1050.0,40,262149.52,728,727,86,576,714,519,18.68,671,Below Average
OUT0302,Franchise Outlet 0302,21005416.05,3800476.71,18.02,16901.0,151100.0,11.18,1243.35,2.97,1106.0,40,525135.4,666,656,365,734,326,602,18.64,672,Below Average
OUT0662,Franchise Outlet 0662,20302164.72,3394313.36,16.64,12676.0,101079.0,12.27,1601.21,2.93,1110.0,40,507554.12,682,689,652,723,115,622,18.6,673,Below Average
OUT0507,Franchise Outlet 0507,22007276.01,3635090.15,16.79,30131.0,151152.0,20.61,708.85,3.34,885.0,40,550181.9,654,668,623,413,612,417,18.58,674,Below Average
OUT0058,Franchise Outlet 0058,29713698.83,5089489.84,17.05,44746.0,222793.0,20.1,663.84,3.12,989.0,40,742842.47,594,607,577,444,632,533,18.32,675,Below Average
OUT0392,Franchise Outlet 0392,18874721.33,3476676.58,18.3,24939.0,129401.0,19.3,756.98,2.86,1143.0,40,471868.03,693,684,302,485,594,653,18.31,676,Below Average
OUT0054,Franchise Outlet 0054,37855530.25,6439504.15,17.01,32211.0,242691.0,12.92,1174.6,2.85,1208.0,40,946388.26,512,529,592,710,361,659,18.3,677,Below Average
OUT0094,Franchise Outlet 0094,22825276.78,3865173.06,16.81,19817.0,104636.0,18.96,1151.84,2.82,1202.0,40,570631.92,647,653,617,504,377,677,18.29,678,Below Average
OUT0681,Franchise Outlet 0681,21572044.6,3893563.01,18.03,23332.0,185870.0,12.6,925.3,3.17,1005.0,40,539301.12,659,652,363,717,505,503,18.18,679,Below Average
OUT0415,Franchise Outlet 0415,29603254.93,5551637.78,18.74,38524.0,340446.0,11.04,765.86,3.05,1108.0,40,740081.37,596,583,220,737,589,563,18.17,680,Below Average
OUT0187,Franchise Outlet 0187,38138133.5,6754588.35,17.72,45084.0,367190.0,12.36,820.29,3.05,1086.0,40,953453.34,508,510,425,720,567,563,18.15,681,Below Average
OUT0600,Franchise Outlet 0600,19905007.15,3360973.95,17.05,17723.0,104013.0,17.54,1092.57,2.94,1102.0,40,497625.18,687,690,577,572,412,617,18.02,682,Below Average
OUT0172,Franchise Outlet 0172,43204216.98,6644621.11,15.55,31348.0,214110.0,14.29,1378.55,2.86,1246.0,40,1080105.42,468,517,735,678,237,653,18.01,683,Below Average
OUT0749,Franchise Outlet 0749,26956997.27,4985817.86,18.4,41236.0,256169.0,16.68,632.57,2.94,1084.0,40,673924.93,621,613,286,610,650,617,17.99,684,Below Average
OUT0260,Franchise Outlet 0260,13673337.67,2317514.51,16.89,12863.0,69657.0,19.03,1032.06,3.09,1021.0,40,341833.44,721,721,607,498,438,552,17.98,685,Below Average
OUT0588,Franchise Outlet 0588,25413286.91,4163965.08,16.32,17035.0,111403.0,15.31,1492.59,2.73,1239.0,40,635332.17,626,640,693,649,165,721,17.98,685,Below Average
OUT0237,Franchise Outlet 0237,35224855.18,5864925.7,16.46,77507.0,387141.0,20.04,453.71,3.42,897.0,40,880621.38,543,566,678,446,747,381,17.96,687,Below Average
OUT0145,Franchise Outlet 0145,37619848.88,6604891.36,17.44,31669.0,256405.0,12.36,1187.13,2.66,1399.0,40,940496.22,517,523,494,720,352,741,17.95,688,Below Average
OUT0006,Franchise Outlet 0006,20305395.55,3493614.8,17.37,21580.0,123336.0,18.83,874.37,2.98,1091.0,40,507634.89,681,682,517,513,541,595,17.92,689,Below Average
OUT0152,Franchise Outlet 0152,30203537.69,5261588.21,17.42,56876.0,283965.0,20.02,530.82,3.01,1112.0,40,755088.44,583,595,503,447,705,582,17.5,690,Below Average
OUT0227,Franchise Outlet 0227,38045363.79,6637522.08,17.68,52005.0,308903.0,16.84,731.3,2.73,1282.0,40,951134.09,510,520,442,604,603,721,17.49,691,Below Average
OUT0078,Franchise Outlet 0078,37301424.31,6571296.68,17.68,50697.0,284550.0,17.3,736.28,2.7,1354.0,40,932535.61,519,525,442,584,599,735,17.49,691,Below Average
OUT0602,Franchise Outlet 0602,16092685.8,2895523.63,18.12,22052.0,120264.0,18.36,729.85,2.95,1146.0,40,402317.14,705,706,342,537,604,611,17.46,693,Below Average
OUT0630,Franchise Outlet 0630,30717174.83,5000422.85,16.47,42573.0,244134.0,17.46,721.51,3.28,894.0,40,767929.37,578,611,675,578,608,451,17.39,694,Below Average
OUT0301,Franchise Outlet 0301,9430719.02,1621990.13,17.13,13751.0,77413.0,17.78,686.7,3.51,876.0,40,235767.98,734,736,562,565,622,343,17.26,695,Below Average
OUT0497,Franchise Outlet 0497,36258549.18,6245995.32,17.28,63514.0,315767.0,19.57,556.73,2.88,1112.0,40,906463.73,527,549,533,470,697,644,17.23,696,Below Average
OUT0144,Franchise Outlet 0144,20710054.85,3453819.07,16.71,36613.0,161082.0,22.75,565.62,3.17,949.0,40,517751.37,672,685,636,326,690,503,17.19,697,Below Average
OUT0073,Franchise Outlet 0073,20701492.04,3266297.27,15.82,13866.0,108952.0,13.36,1421.52,3.11,1042.0,40,517537.3,673,697,724,698,208,538,17.16,698,Below Average
OUT0329,Franchise Outlet 0329,13541044.76,2282214.68,16.78,12170.0,58645.0,20.27,1114.09,2.78,1218.0,40,338526.12,722,723,627,437,403,697,17.11,699,Below Average
OUT0204,Franchise Outlet 0204,12399934.93,2193584.64,17.7,10392.0,78386.0,13.26,1192.28,2.91,1183.0,40,309998.37,726,726,434,704,348,628,17.05,700,Below Average
OUT0038,Franchise Outlet 0038,22199881.34,4115877.38,18.69,46993.0,290508.0,16.2,472.28,2.96,1072.0,40,554997.03,652,643,230,622,738,609,16.66,701,Below Average
OUT0583,Franchise Outlet 0583,15761478.47,2741693.93,17.24,12504.0,96698.0,12.64,1263.02,2.88,1196.0,40,394036.96,709,710,541,716,311,644,16.64,702,Below Average
OUT0557,Franchise Outlet 0557,38196849.2,6718732.89,17.44,43766.0,345070.0,12.35,871.13,2.81,1147.0,40,954921.23,505,511,494,722,543,681,16.57,703,Below Average
OUT0189,Franchise Outlet 0189,10498703.37,1890650.65,17.99,12764.0,77089.0,16.96,803.23,2.98,1135.0,40,262467.58,727,728,375,602,572,595,16.56,704,Below Average
OUT0214,Franchise Outlet 0214,28225305.4,4826324.31,17.03,29582.0,163932.0,18.53,933.35,2.62,1323.0,40,705632.64,611,622,582,531,498,749,16.49,705,Below Average
OUT0508,Franchise Outlet 0508,18313704.43,3230798.47,17.47,21927.0,113969.0,19.22,835.37,2.73,1289.0,40,457842.61,698,699,487,488,560,721,16.34,706,Below Average
OUT0289,Franchise Outlet 0289,9308262.26,1799326.58,19.05,12412.0,88061.0,14.55,728.31,2.85,1135.0,40,232706.56,735,731,161,671,605,659,16.18,707,Below Average
OUT0305,Franchise Outlet 0305,12858073.67,2336723.87,18.44,14632.0,90190.0,16.25,879.87,2.65,1342.0,40,321451.84,725,719,279,619,533,746,16.12,708,Below Average
OUT0650,Franchise Outlet 0650,19155799.48,3511776.47,18.28,19004.0,175048.0,10.89,1006.96,2.8,1221.0,40,478894.99,690,681,306,738,449,686,16.09,709,Below Average
OUT0587,Franchise Outlet 0587,5403622.43,1079758.97,20.0,8538.0,63172.0,13.54,633.15,2.79,1291.0,40,135090.56,747,747,38,694,649,690,16.05,710,Below Average
OUT0432,Franchise Outlet 0432,16476548.97,2778564.04,17.02,26714.0,133616.0,20.0,617.49,3.07,1018.0,40,411913.72,704,709,588,453,657,556,15.87,711,Below Average
OUT0610,Franchise Outlet 0610,27658008.72,5067348.02,18.06,28164.0,252919.0,11.15,983.19,2.59,1255.0,40,691450.22,616,608,359,735,467,750,15.52,712,Below Average
OUT0491,Franchise Outlet 0491,8420027.22,1488829.83,17.71,8977.0,59855.0,15.03,939.29,2.91,1105.0,40,210500.68,738,739,429,659,496,628,15.48,713,Below Average
OUT0425,Franchise Outlet 0425,8216709.65,1603928.88,19.52,10532.0,98026.0,10.76,780.5,2.79,1257.0,40,205417.74,739,738,90,742,585,690,15.34,714,Below Average
OUT0278,Franchise Outlet 0278,21514975.1,3632584.55,17.0,36440.0,237408.0,15.36,590.85,3.23,987.0,40,537874.38,660,670,594,645,675,479,15.16,715,Below Average
OUT0408,Franchise Outlet 0408,20323789.77,3685479.11,18.26,33306.0,214719.0,15.85,597.28,2.74,1337.0,40,508094.74,680,664,311,636,671,712,15.03,716,Below Average
OUT0162,Franchise Outlet 0162,18729811.86,3396883.01,17.97,24470.0,165907.0,14.76,766.46,2.74,1329.0,40,468245.3,694,688,379,665,587,712,15.01,717,Below Average
OUT0261,Franchise Outlet 0261,21617269.0,3593618.68,16.52,33440.0,214664.0,15.59,646.82,3.27,891.0,40,540431.72,658,673,664,640,640,456,14.95,718,Below Average
OUT0136,Franchise Outlet 0136,10152780.5,1788641.27,17.7,19552.0,119131.0,17.33,479.15,3.18,1060.0,40,253819.51,730,732,434,582,729,497,14.87,719,Below Average
OUT0663,Franchise Outlet 0663,22405927.59,3733428.29,16.84,46803.0,260429.0,17.14,477.87,3.19,988.0,40,560148.19,650,662,612,595,733,491,14.67,720,Below Average
OUT0448,Franchise Outlet 0448,20144058.4,3580275.97,17.91,35331.0,230621.0,15.36,570.57,2.84,1246.0,40,503601.46,683,676,392,645,687,668,14.45,721,Below Average
OUT0164,Franchise Outlet 0164,30207657.73,5094560.83,17.01,40704.0,287954.0,13.79,741.59,2.82,1244.0,40,755191.44,582,605,592,689,597,677,14.35,722,Below Average
OUT0124,Franchise Outlet 0124,23865131.63,3592777.03,15.04,19229.0,135211.0,14.25,1241.03,2.99,1046.0,40,596628.29,637,674,746,680,328,591,14.34,723,Below Average
OUT0495,Franchise Outlet 0495,15066625.76,2661278.9,17.5,30367.0,163297.0,19.12,483.63,2.9,1160.0,40,376665.64,713,714,479,496,728,636,14.33,724,Below Average
OUT0205,Franchise Outlet 0205,8459457.88,1608863.42,18.94,13213.0,96522.0,13.72,640.36,2.76,1242.0,40,211486.45,737,737,182,691,643,703,14.32,725,Below Average
OUT0251,Franchise Outlet 0251,38126277.5,5831986.52,15.35,29632.0,281700.0,10.25,1288.03,2.82,1194.0,40,953156.94,509,570,741,743,298,677,14.32,725,Below Average
OUT0625,Franchise Outlet 0625,21906927.04,4055595.02,18.63,36703.0,287882.0,12.77,596.8,2.67,1268.0,40,547673.18,655,647,239,713,672,739,14.24,727,Below Average
OUT0248,Franchise Outlet 0248,7984553.32,1395007.76,17.25,8609.0,58867.0,14.69,927.68,2.9,1209.0,40,199613.83,740,740,540,666,503,636,14.22,728,Below Average
OUT0421,Franchise Outlet 0421,14333251.85,2200820.5,15.56,19854.0,100187.0,19.82,722.16,3.18,1025.0,40,358331.3,718,725,734,461,607,497,13.96,729,Below Average
OUT0670,Franchise Outlet 0670,18362834.23,3170749.32,17.37,24065.0,170109.0,14.18,763.43,2.79,1223.0,40,459070.86,697,700,517,681,591,690,13.73,730,Below Average
OUT0284,Franchise Outlet 0284,4900663.92,950586.36,19.32,9654.0,74833.0,12.65,506.39,2.8,1266.0,40,122516.6,749,748,117,715,718,686,13.37,731,Below Average
OUT0452,Franchise Outlet 0452,20892987.35,3237385.63,15.65,34499.0,150959.0,22.28,605.92,2.81,1275.0,40,522324.68,667,698,731,342,665,681,13.06,732,Below Average
OUT0674,Franchise Outlet 0674,10391068.52,1727591.13,16.58,12143.0,83152.0,14.64,855.5,2.97,1117.0,40,259776.71,729,735,656,669,550,602,13.03,733,Below Average
OUT0686,Franchise Outlet 0686,7324391.15,1256657.28,17.14,15287.0,67247.0,22.76,479.03,2.66,1298.0,40,183109.78,744,743,559,325,731,741,12.79,734,Below Average
OUT0191,Franchise Outlet 0191,17695119.38,3267965.86,18.61,24596.0,285038.0,8.64,719.08,2.66,1272.0,40,442377.98,700,696,242,749,609,741,12.66,735,Below Average
OUT0449,Franchise Outlet 0449,4220579.65,799814.35,18.77,9306.0,76595.0,12.19,453.22,2.98,1156.0,40,105514.49,750,750,211,724,749,595,12.63,736,Below Average
OUT0567,Franchise Outlet 0567,15182075.42,2571183.59,16.86,32771.0,164642.0,19.95,463.28,2.73,1158.0,40,379551.89,712,717,610,458,742,721,12.29,737,Below Average
OUT0288,Franchise Outlet 0288,7342069.32,1228264.44,16.58,11171.0,76229.0,14.65,656.57,3.12,1089.0,40,183551.73,743,744,656,668,634,533,12.06,738,Below Average
OUT0270,Franchise Outlet 0270,13061708.7,2245558.98,17.33,23196.0,147841.0,14.45,563.3,2.83,1242.0,40,326542.72,724,724,525,672,691,672,11.85,739,Below Average
OUT0286,Franchise Outlet 0286,13877417.23,2304779.28,16.52,17990.0,122918.0,14.66,770.64,2.81,1244.0,40,346935.43,720,722,664,667,586,681,11.82,740,Below Average
OUT0184,Franchise Outlet 0184,6226955.32,1144446.94,18.34,8240.0,83073.0,9.93,756.42,2.71,1297.0,40,155673.88,746,746,293,745,595,731,11.72,741,Below Average
OUT0700,Franchise Outlet 0700,14016902.26,2335404.64,16.69,27390.0,192812.0,13.82,511.37,3.1,1024.0,40,350422.56,719,720,641,688,715,547,11.58,742,Below Average
OUT0241,Franchise Outlet 0241,7508400.93,1181030.78,15.74,11175.0,58925.0,19.48,640.58,2.97,1076.0,40,187710.02,741,745,727,474,642,602,11.54,743,Below Average
OUT0498,Franchise Outlet 0498,10034736.56,1785972.91,17.81,15115.0,125399.0,12.12,647.36,2.74,1363.0,40,250868.41,731,733,410,725,639,712,11.5,744,Below Average
OUT0092,Franchise Outlet 0092,22046052.6,3677703.79,16.74,26168.0,231605.0,11.28,824.63,2.68,1268.0,40,551151.32,653,665,632,733,563,737,11.46,745,Below Average
OUT0335,Franchise Outlet 0335,14513137.79,2396761.27,16.38,22775.0,152342.0,14.97,636.86,2.92,1163.0,40,362828.44,717,718,686,661,645,625,11.41,746,Below Average
OUT0344,Franchise Outlet 0344,7489668.6,1293054.46,17.13,15249.0,81320.0,18.77,491.48,2.66,1339.0,40,187241.72,742,742,562,520,724,741,11.13,747,Below Average
OUT0045,Franchise Outlet 0045,5369232.57,915170.66,17.09,11548.0,75355.0,15.33,463.72,2.71,1309.0,40,134230.81,748,749,569,647,741,731,9.35,748,Below Average
OUT0053,Franchise Outlet 0053,20067997.03,3077948.45,15.57,43138.0,262426.0,16.0,465.38,2.82,1323.0,40,501699.93,684,702,733,631,739,677,9.06,749,Below Average
OUT0442,Franchise Outlet 0442,16092420.13,2591210.67,16.08,27235.0,210757.0,12.93,591.19,2.73,1309.0,40,402310.5,706,716,712,709,673,721,8.68,750,Below Average
