Outlet_ID,Records,Total_Marketing_Spend,Total_Sales_Revenue,Total_Orders,Average_Conversion_Rate,Revenue_Per_Marketing_Rupee,Marketing_Spend_Percentage,Marketing_Category,Alert_Level,Marketing_Insights,Recommendations,Marketing_Effectiveness_Score,Effectiveness_Category,Campaign_Records,Total_Marketing_Reach,Total_Marketing_Conversions,Average_Campaign_ROI,High_Performing_Campaigns,Needs_Improvement_Campaigns,Primary_Campaign_Type,Customer_Engagement_Rate,Campaign_Performance_Category,Marketing_Effectiveness_Insight,Marketing_Effectiveness_Recommendation
OUT0001,38,2926886.83,62019742.48,35179.0,25.14,21.19,4.72,Moderate,Low,Marketing efficiency is among the stronger outlet results. Conversion rate is within the middle range of outlet performance. Marketing spend represents a relatively lower proportion of sales revenue.,Continue monitoring successful campaigns and consider scaling effective activities.,60.6,Moderate,40,38692,4873,2.1,14,4,Digital Campaign,12.59,Moderate,"Marketing effectiveness is 60.6/100 (Moderate). Campaign ROI averages 2.10, with 12.59% engagement across 40 campaigns.",Continue the strongest campaign mix and scale spend only where ROI and engagement remain above the network benchmark.
OUT0002,40,1386220.71,24944927.22,27543.0,25.9,17.99,5.56,Needs Improvement,Medium,Marketing efficiency is below the lower-performing outlet range. Conversion rate is within the middle range of outlet performance. Marketing spend represents a relatively lower proportion of sales revenue.,Review marketing campaigns and redirect spending toward better-performing activities.,54.98,Moderate,40,23106,2852,1.02,2,27,Digital Campaign,12.34,Needs Improvement,"Marketing effectiveness is 55.0/100 (Moderate). Campaign ROI averages 1.02, with 12.34% engagement across 40 campaigns.","Review low-ROI campaigns, narrow audience targeting, and move budget to campaign types with stronger conversion results."
OUT0003,40,3289099.19,70656261.59,131722.0,30.66,21.48,4.66,High Performing,Low,Marketing efficiency is among the stronger outlet results. Conversion rate is among the stronger outlet results. Marketing spend represents a relatively lower proportion of sales revenue.,Continue monitoring successful campaigns and consider scaling effective activities.,76.72,High Performing,40,113490,17760,2.16,11,0,Digital Campaign,15.65,Moderate,"Marketing effectiveness is 76.7/100 (High Performing). Campaign ROI averages 2.16, with 15.65% engagement across 40 campaigns.",Continue the strongest campaign mix and scale spend only where ROI and engagement remain above the network benchmark.
OUT0004,40,742992.13,14569182.52,17329.0,15.17,19.61,5.1,Needs Improvement,Medium,Marketing efficiency is within the middle range of outlet performance. Conversion rate is below the lower-performing outlet range. Marketing spend represents a relatively lower proportion of sales revenue.,"Improve campaign targeting, customer engagement, offers, and conversion-focused activities.",47.61,Moderate,40,22883,1603,1.09,3,26,Digital Campaign,7.01,Needs Improvement,"Marketing effectiveness is 47.6/100 (Moderate). Campaign ROI averages 1.09, with 7.01% engagement across 40 campaigns.","Review low-ROI campaigns, narrow audience targeting, and move budget to campaign types with stronger conversion results."
OUT0005,38,3448067.79,69149390.21,59485.0,19.47,20.05,4.99,Moderate,Low,Marketing efficiency is within the middle range of outlet performance. Conversion rate is within the middle range of outlet performance. Marketing spend represents a relatively lower proportion of sales revenue.,Continue monitoring marketing performance and optimize campaigns using sales and conversion trends.,56.76,Moderate,40,88601,8690,2.01,10,3,Digital Campaign,9.81,Moderate,"Marketing effectiveness is 56.8/100 (Moderate). Campaign ROI averages 2.01, with 9.81% engagement across 40 campaigns.",Continue the strongest campaign mix and scale spend only where ROI and engagement remain above the network benchmark.
OUT0006,37,997395.06,18916336.37,21580.0,18.84,18.97,5.27,Needs Improvement,Medium,Marketing efficiency is below the lower-performing outlet range. Conversion rate is within the middle range of outlet performance. Marketing spend represents a relatively lower proportion of sales revenue.,Review marketing campaigns and redirect spending toward better-performing activities.,50.07,Moderate,40,25702,2485,1.1,3,24,Digital Campaign,9.67,Needs Improvement,"Marketing effectiveness is 50.1/100 (Moderate). Campaign ROI averages 1.10, with 9.67% engagement across 40 campaigns.","Review low-ROI campaigns, narrow audience targeting, and move budget to campaign types with stronger conversion results."
OUT0007,37,1372743.68,27480651.16,31572.0,21.42,20.02,5.0,Moderate,Low,Marketing efficiency is within the middle range of outlet performance. Conversion rate is within the middle range of outlet performance. Marketing spend represents a relatively lower proportion of sales revenue.,Continue monitoring marketing performance and optimize campaigns using sales and conversion trends.,55.13,Moderate,40,35643,3694,1.27,3,18,Digital Campaign,10.36,Needs Improvement,"Marketing effectiveness is 55.1/100 (Moderate). Campaign ROI averages 1.27, with 10.36% engagement across 40 campaigns.","Review low-ROI campaigns, narrow audience targeting, and move budget to campaign types with stronger conversion results."
OUT0008,39,1568470.39,30572506.58,22752.0,20.52,19.49,5.13,Moderate,Low,Marketing efficiency is within the middle range of outlet performance. Conversion rate is within the middle range of outlet performance. Marketing spend represents a relatively lower proportion of sales revenue.,Continue monitoring marketing performance and optimize campaigns using sales and conversion trends.,52.48,Moderate,40,25289,2566,1.36,4,19,Digital Campaign,10.15,Needs Improvement,"Marketing effectiveness is 52.5/100 (Moderate). Campaign ROI averages 1.36, with 10.15% engagement across 40 campaigns.","Review low-ROI campaigns, narrow audience targeting, and move budget to campaign types with stronger conversion results."
OUT0009,39,9238767.25,192069813.78,159044.0,31.82,20.79,4.81,High Performing,Low,Marketing efficiency is among the stronger outlet results. Conversion rate is among the stronger outlet results. Marketing spend represents a relatively lower proportion of sales revenue.,Continue monitoring successful campaigns and consider scaling effective activities.,79.64,High Performing,40,161692,25846,3.07,20,2,Digital Campaign,15.98,High Performing,"Marketing effectiveness is 79.6/100 (High Performing). Campaign ROI averages 3.07, with 15.98% engagement across 40 campaigns.",Continue the strongest campaign mix and scale spend only where ROI and engagement remain above the network benchmark.
OUT0010,38,4178335.96,85405812.13,65552.0,25.5,20.44,4.89,Moderate,Low,Marketing efficiency is within the middle range of outlet performance. Conversion rate is within the middle range of outlet performance. Marketing spend represents a relatively lower proportion of sales revenue.,Continue monitoring marketing performance and optimize campaigns using sales and conversion trends.,63.11,Moderate,40,77310,9917,2.35,17,2,Digital Campaign,12.83,High Performing,"Marketing effectiveness is 63.1/100 (Moderate). Campaign ROI averages 2.35, with 12.83% engagement across 40 campaigns.",Continue the strongest campaign mix and scale spend only where ROI and engagement remain above the network benchmark.
OUT0011,40,1539939.27,29189904.29,20449.0,9.22,18.96,5.28,Needs Improvement,High,Marketing efficiency is below the lower-performing outlet range. Conversion rate is below the lower-performing outlet range. Marketing spend represents a relatively lower proportion of sales revenue.,"Review marketing campaigns and redirect spending toward better-performing activities. Improve campaign targeting, customer engagement, offers, and conversion-focused activities.",41.93,Moderate,40,49156,2169,1.22,4,23,Digital Campaign,4.41,Needs Improvement,"Marketing effectiveness is 41.9/100 (Moderate). Campaign ROI averages 1.22, with 4.41% engagement across 40 campaigns.","Review low-ROI campaigns, narrow audience targeting, and move budget to campaign types with stronger conversion results."
OUT0012,38,6423521.34,121360091.27,106412.0,22.81,18.89,5.29,Needs Improvement,Medium,Marketing efficiency is below the lower-performing outlet range. Conversion rate is within the middle range of outlet performance. Marketing spend represents a relatively lower proportion of sales revenue.,Review marketing campaigns and redirect spending toward better-performing activities.,62.94,Moderate,40,153105,17626,2.22,15,3,Digital Campaign,11.51,Moderate,"Marketing effectiveness is 62.9/100 (Moderate). Campaign ROI averages 2.22, with 11.51% engagement across 40 campaigns.",Test campaign offers and targeting to improve conversion while protecting revenue per marketing rupee.
OUT0013,40,3133441.4,58850615.78,54993.0,27.5,18.78,5.32,Needs Improvement,Medium,Marketing efficiency is below the lower-performing outlet range. Conversion rate is among the stronger outlet results. Marketing spend represents a relatively lower proportion of sales revenue.,Review marketing campaigns and redirect spending toward better-performing activities.,60.77,Moderate,40,52886,7291,1.71,7,6,Digital Campaign,13.79,Moderate,"Marketing effectiveness is 60.8/100 (Moderate). Campaign ROI averages 1.71, with 13.79% engagement across 40 campaigns.",Test campaign offers and targeting to improve conversion while protecting revenue per marketing rupee.
OUT0014,40,2564597.86,53643501.61,30375.0,19.75,20.92,4.78,Moderate,Low,Marketing efficiency is among the stronger outlet results. Conversion rate is within the middle range of outlet performance. Marketing spend represents a relatively lower proportion of sales revenue.,Continue monitoring successful campaigns and consider scaling effective activities.,55.11,Moderate,40,38689,3756,1.82,10,6,Digital Campaign,9.71,Moderate,"Marketing effectiveness is 55.1/100 (Moderate). Campaign ROI averages 1.82, with 9.71% engagement across 40 campaigns.",Continue the strongest campaign mix and scale spend only where ROI and engagement remain above the network benchmark.
OUT0015,39,3047398.51,62252696.18,52683.0,19.41,20.43,4.9,Moderate,Low,Marketing efficiency is within the middle range of outlet performance. Conversion rate is within the middle range of outlet performance. Marketing spend represents a relatively lower proportion of sales revenue.,Continue monitoring marketing performance and optimize campaigns using sales and conversion trends.,56.56,Moderate,40,73161,7121,1.98,10,6,Digital Campaign,9.73,Moderate,"Marketing effectiveness is 56.6/100 (Moderate). Campaign ROI averages 1.98, with 9.73% engagement across 40 campaigns.",Continue the strongest campaign mix and scale spend only where ROI and engagement remain above the network benchmark.
OUT0016,38,4734611.43,97823953.32,83405.0,37.65,20.66,4.84,Moderate,Low,Marketing efficiency is within the middle range of outlet performance. Conversion rate is among the stronger outlet results. Marketing spend represents a relatively lower proportion of sales revenue.,Continue monitoring marketing performance and optimize campaigns using sales and conversion trends.,75.62,High Performing,40,69644,13040,2.33,21,4,Digital Campaign,18.72,High Performing,"Marketing effectiveness is 75.6/100 (High Performing). Campaign ROI averages 2.33, with 18.72% engagement across 40 campaigns.",Continue the strongest campaign mix and scale spend only where ROI and engagement remain above the network benchmark.
OUT0017,40,3348335.93,67323220.11,111228.0,26.17,20.11,4.97,Moderate,Low,Marketing efficiency is within the middle range of outlet performance. Conversion rate is within the middle range of outlet performance. Marketing spend represents a relatively lower proportion of sales revenue.,Continue monitoring marketing performance and optimize campaigns using sales and conversion trends.,68.33,Moderate,40,113942,15085,1.94,9,1,Digital Campaign,13.24,Moderate,"Marketing effectiveness is 68.3/100 (Moderate). Campaign ROI averages 1.94, with 13.24% engagement across 40 campaigns.",Continue the strongest campaign mix and scale spend only where ROI and engagement remain above the network benchmark.
OUT0018,39,2460328.04,54659142.91,42895.0,29.38,22.22,4.5,High Performing,Low,Marketing efficiency is among the stronger outlet results. Conversion rate is among the stronger outlet results. Marketing spend represents a relatively lower proportion of sales revenue.,Continue monitoring successful campaigns and consider scaling effective activities.,66.74,Moderate,40,37859,5420,1.95,12,6,Digital Campaign,14.32,Moderate,"Marketing effectiveness is 66.7/100 (Moderate). Campaign ROI averages 1.95, with 14.32% engagement across 40 campaigns.",Continue the strongest campaign mix and scale spend only where ROI and engagement remain above the network benchmark.
OUT0019,39,3711455.37,72629817.84,49391.0,32.73,19.57,5.11,Moderate,Low,Marketing efficiency is within the middle range of outlet performance. Conversion rate is among the stronger outlet results. Marketing spend represents a relatively lower proportion of sales revenue.,Continue monitoring marketing performance and optimize campaigns using sales and conversion trends.,65.8,Moderate,40,43351,7167,2.03,10,2,Digital Campaign,16.53,Moderate,"Marketing effectiveness is 65.8/100 (Moderate). Campaign ROI averages 2.03, with 16.53% engagement across 40 campaigns.",Continue the strongest campaign mix and scale spend only where ROI and engagement remain above the network benchmark.
OUT0020,38,1674955.09,31447088.55,18497.0,11.86,18.77,5.33,Needs Improvement,High,Marketing efficiency is below the lower-performing outlet range. Conversion rate is below the lower-performing outlet range. Marketing spend represents a relatively lower proportion of sales revenue.,"Review marketing campaigns and redirect spending toward better-performing activities. Improve campaign targeting, customer engagement, offers, and conversion-focused activities.",43.59,Moderate,40,37103,2210,1.31,6,22,Digital Campaign,5.96,Needs Improvement,"Marketing effectiveness is 43.6/100 (Moderate). Campaign ROI averages 1.31, with 5.96% engagement across 40 campaigns.","Review low-ROI campaigns, narrow audience targeting, and move budget to campaign types with stronger conversion results."
OUT0021,40,9944725.24,194005262.25,185180.0,37.93,19.51,5.13,Moderate,Low,Marketing efficiency is within the middle range of outlet performance. Conversion rate is among the stronger outlet results. Marketing spend represents a relatively lower proportion of sales revenue.,Continue monitoring marketing performance and optimize campaigns using sales and conversion trends.,85.55,High Performing,40,153922,29373,2.71,15,3,Digital Campaign,19.08,High Performing,"Marketing effectiveness is 85.5/100 (High Performing). Campaign ROI averages 2.71, with 19.08% engagement across 40 campaigns.",Continue the strongest campaign mix and scale spend only where ROI and engagement remain above the network benchmark.
OUT0022,40,2805663.77,47171668.22,30860.0,13.28,16.81,5.95,Needs Improvement,High,Marketing efficiency is below the lower-performing outlet range. Conversion rate is below the lower-performing outlet range. Marketing spend represents a relatively lower proportion of sales revenue.,"Review marketing campaigns and redirect spending toward better-performing activities. Improve campaign targeting, customer engagement, offers, and conversion-focused activities.",42.89,Moderate,40,59540,3948,1.23,0,21,Digital Campaign,6.63,Needs Improvement,"Marketing effectiveness is 42.9/100 (Moderate). Campaign ROI averages 1.23, with 6.63% engagement across 40 campaigns.","Review low-ROI campaigns, narrow audience targeting, and move budget to campaign types with stronger conversion results."
OUT0023,37,1386492.78,27524424.41,20340.0,21.92,19.85,5.04,Moderate,Low,Marketing efficiency is within the middle range of outlet performance. Conversion rate is within the middle range of outlet performance. Marketing spend represents a relatively lower proportion of sales revenue.,Continue monitoring marketing performance and optimize campaigns using sales and conversion trends.,53.97,Moderate,40,21973,2385,1.45,8,20,Digital Campaign,10.85,Moderate,"Marketing effectiveness is 54.0/100 (Moderate). Campaign ROI averages 1.45, with 10.85% engagement across 40 campaigns.",Continue the strongest campaign mix and scale spend only where ROI and engagement remain above the network benchmark.
OUT0024,36,1799477.57,35983809.85,39318.0,18.16,20.0,5.0,Moderate,Low,Marketing efficiency is within the middle range of outlet performance. Conversion rate is within the middle range of outlet performance. Marketing spend represents a relatively lower proportion of sales revenue.,Continue monitoring marketing performance and optimize campaigns using sales and conversion trends.,53.27,Moderate,40,56485,5051,1.5,6,15,Digital Campaign,8.94,Moderate,"Marketing effectiveness is 53.3/100 (Moderate). Campaign ROI averages 1.50, with 8.94% engagement across 40 campaigns.",Continue the strongest campaign mix and scale spend only where ROI and engagement remain above the network benchmark.
OUT0025,39,4368480.86,80293004.57,52218.0,28.18,18.38,5.44,Needs Improvement,Medium,Marketing efficiency is below the lower-performing outlet range. Conversion rate is among the stronger outlet results. Marketing spend represents a relatively lower proportion of sales revenue.,Review marketing campaigns and redirect spending toward better-performing activities.,60.34,Moderate,40,55456,7929,1.94,8,3,Digital Campaign,14.3,Moderate,"Marketing effectiveness is 60.3/100 (Moderate). Campaign ROI averages 1.94, with 14.30% engagement across 40 campaigns.",Test campaign offers and targeting to improve conversion while protecting revenue per marketing rupee.
OUT0026,40,5256562.63,109471057.4,139514.0,27.48,20.83,4.8,High Performing,Low,Marketing efficiency is among the stronger outlet results. Conversion rate is among the stronger outlet results. Marketing spend represents a relatively lower proportion of sales revenue.,Continue monitoring successful campaigns and consider scaling effective activities.,73.86,Moderate,40,150885,20964,2.5,19,1,Digital Campaign,13.89,High Performing,"Marketing effectiveness is 73.9/100 (Moderate). Campaign ROI averages 2.50, with 13.89% engagement across 40 campaigns.",Continue the strongest campaign mix and scale spend only where ROI and engagement remain above the network benchmark.
OUT0027,40,3686831.6,77416103.08,45632.0,15.86,21.0,4.76,Needs Improvement,Medium,Marketing efficiency is among the stronger outlet results. Conversion rate is below the lower-performing outlet range. Marketing spend represents a relatively lower proportion of sales revenue.,"Continue monitoring successful campaigns and consider scaling effective activities. Improve campaign targeting, customer engagement, offers, and conversion-focused activities.",53.77,Moderate,40,78992,6322,2.25,13,2,Digital Campaign,8.0,Moderate,"Marketing effectiveness is 53.8/100 (Moderate). Campaign ROI averages 2.25, with 8.00% engagement across 40 campaigns.",Test campaign offers and targeting to improve conversion while protecting revenue per marketing rupee.
OUT0028,40,9939667.88,201282780.14,153688.0,33.07,20.25,4.94,Moderate,Low,Marketing efficiency is within the middle range of outlet performance. Conversion rate is among the stronger outlet results. Marketing spend represents a relatively lower proportion of sales revenue.,Continue monitoring marketing performance and optimize campaigns using sales and conversion trends.,79.16,High Performing,40,145473,24384,2.82,19,2,Digital Campaign,16.76,High Performing,"Marketing effectiveness is 79.2/100 (High Performing). Campaign ROI averages 2.82, with 16.76% engagement across 40 campaigns.",Continue the strongest campaign mix and scale spend only where ROI and engagement remain above the network benchmark.
OUT0029,37,3085797.8,58613013.45,37293.0,18.25,18.99,5.26,Needs Improvement,Medium,Marketing efficiency is below the lower-performing outlet range. Conversion rate is within the middle range of outlet performance. Marketing spend represents a relatively lower proportion of sales revenue.,Review marketing campaigns and redirect spending toward better-performing activities.,51.42,Moderate,40,59841,5577,1.75,4,5,Digital Campaign,9.32,Moderate,"Marketing effectiveness is 51.4/100 (Moderate). Campaign ROI averages 1.75, with 9.32% engagement across 40 campaigns.",Test campaign offers and targeting to improve conversion while protecting revenue per marketing rupee.
OUT0030,40,798288.25,16742580.69,11292.0,15.92,20.97,4.77,Needs Improvement,Medium,Marketing efficiency is among the stronger outlet results. Conversion rate is below the lower-performing outlet range. Marketing spend represents a relatively lower proportion of sales revenue.,"Continue monitoring successful campaigns and consider scaling effective activities. Improve campaign targeting, customer engagement, offers, and conversion-focused activities.",49.85,Moderate,40,14301,1054,1.28,6,20,Digital Campaign,7.37,Needs Improvement,"Marketing effectiveness is 49.9/100 (Moderate). Campaign ROI averages 1.28, with 7.37% engagement across 40 campaigns.","Review low-ROI campaigns, narrow audience targeting, and move budget to campaign types with stronger conversion results."
OUT0031,38,5310374.46,106573945.83,80797.0,24.9,20.07,4.98,Moderate,Low,Marketing efficiency is within the middle range of outlet performance. Conversion rate is within the middle range of outlet performance. Marketing spend represents a relatively lower proportion of sales revenue.,Continue monitoring marketing performance and optimize campaigns using sales and conversion trends.,63.73,Moderate,40,103602,12802,2.42,20,2,Digital Campaign,12.36,High Performing,"Marketing effectiveness is 63.7/100 (Moderate). Campaign ROI averages 2.42, with 12.36% engagement across 40 campaigns.",Continue the strongest campaign mix and scale spend only where ROI and engagement remain above the network benchmark.
OUT0032,36,2678003.27,60539547.18,35005.0,20.35,22.61,4.42,Moderate,Low,Marketing efficiency is among the stronger outlet results. Conversion rate is within the middle range of outlet performance. Marketing spend represents a relatively lower proportion of sales revenue.,Continue monitoring successful campaigns and consider scaling effective activities.,58.99,Moderate,40,49229,5073,2.23,16,0,Digital Campaign,10.3,Moderate,"Marketing effectiveness is 59.0/100 (Moderate). Campaign ROI averages 2.23, with 10.30% engagement across 40 campaigns.",Continue the strongest campaign mix and scale spend only where ROI and engagement remain above the network benchmark.
OUT0033,37,8956665.23,172350473.43,136831.0,28.52,19.24,5.2,Needs Improvement,Medium,Marketing efficiency is below the lower-performing outlet range. Conversion rate is among the stronger outlet results. Marketing spend represents a relatively lower proportion of sales revenue.,Review marketing campaigns and redirect spending toward better-performing activities.,71.75,Moderate,40,162052,23110,2.77,17,1,Digital Campaign,14.26,High Performing,"Marketing effectiveness is 71.8/100 (Moderate). Campaign ROI averages 2.77, with 14.26% engagement across 40 campaigns.",Test campaign offers and targeting to improve conversion while protecting revenue per marketing rupee.
OUT0034,39,3950748.3,80361380.67,74001.0,26.05,20.34,4.92,Moderate,Low,Marketing efficiency is within the middle range of outlet performance. Conversion rate is within the middle range of outlet performance. Marketing spend represents a relatively lower proportion of sales revenue.,Continue monitoring marketing performance and optimize campaigns using sales and conversion trends.,64.37,Moderate,40,82241,10763,2.2,13,1,Digital Campaign,13.09,Moderate,"Marketing effectiveness is 64.4/100 (Moderate). Campaign ROI averages 2.20, with 13.09% engagement across 40 campaigns.",Continue the strongest campaign mix and scale spend only where ROI and engagement remain above the network benchmark.
OUT0035,40,1603501.77,32242394.45,67331.0,28.4,20.11,4.97,Moderate,Low,Marketing efficiency is within the middle range of outlet performance. Conversion rate is among the stronger outlet results. Marketing spend represents a relatively lower proportion of sales revenue.,Continue monitoring marketing performance and optimize campaigns using sales and conversion trends.,65.16,Moderate,40,52777,7224,1.43,6,19,Digital Campaign,13.69,Moderate,"Marketing effectiveness is 65.2/100 (Moderate). Campaign ROI averages 1.43, with 13.69% engagement across 40 campaigns.",Continue the strongest campaign mix and scale spend only where ROI and engagement remain above the network benchmark.
OUT0036,38,2911740.94,58310783.23,58680.0,18.41,20.03,4.99,Moderate,Low,Marketing efficiency is within the middle range of outlet performance. Conversion rate is within the middle range of outlet performance. Marketing spend represents a relatively lower proportion of sales revenue.,Continue monitoring marketing performance and optimize campaigns using sales and conversion trends.,55.74,Moderate,40,88385,8176,1.9,8,4,Digital Campaign,9.25,Moderate,"Marketing effectiveness is 55.7/100 (Moderate). Campaign ROI averages 1.90, with 9.25% engagement across 40 campaigns.",Continue the strongest campaign mix and scale spend only where ROI and engagement remain above the network benchmark.
OUT0037,40,2578234.17,53102329.85,29953.0,18.95,20.6,4.86,Moderate,Low,Marketing efficiency is within the middle range of outlet performance. Conversion rate is within the middle range of outlet performance. Marketing spend represents a relatively lower proportion of sales revenue.,Continue monitoring marketing performance and optimize campaigns using sales and conversion trends.,53.87,Moderate,40,39417,3703,1.78,8,8,Digital Campaign,9.39,Moderate,"Marketing effectiveness is 53.9/100 (Moderate). Campaign ROI averages 1.78, with 9.39% engagement across 40 campaigns.",Continue the strongest campaign mix and scale spend only where ROI and engagement remain above the network benchmark.
OUT0038,40,1006111.71,22199881.34,46993.0,16.2,22.07,4.53,Needs Improvement,Medium,Marketing efficiency is among the stronger outlet results. Conversion rate is below the lower-performing outlet range. Marketing spend represents a relatively lower proportion of sales revenue.,"Continue monitoring successful campaigns and consider scaling effective activities. Improve campaign targeting, customer engagement, offers, and conversion-focused activities.",56.01,Moderate,40,60169,4558,1.42,6,14,Digital Campaign,7.58,Moderate,"Marketing effectiveness is 56.0/100 (Moderate). Campaign ROI averages 1.42, with 7.58% engagement across 40 campaigns.",Test campaign offers and targeting to improve conversion while protecting revenue per marketing rupee.
OUT0039,39,5325282.52,112625745.55,96042.0,32.21,21.15,4.73,High Performing,Low,Marketing efficiency is among the stronger outlet results. Conversion rate is among the stronger outlet results. Marketing spend represents a relatively lower proportion of sales revenue.,Continue monitoring successful campaigns and consider scaling effective activities.,73.37,Moderate,40,93167,14854,2.51,19,1,Digital Campaign,15.94,High Performing,"Marketing effectiveness is 73.4/100 (Moderate). Campaign ROI averages 2.51, with 15.94% engagement across 40 campaigns.",Continue the strongest campaign mix and scale spend only where ROI and engagement remain above the network benchmark.
OUT0040,39,5100803.39,92743012.03,55544.0,17.94,18.18,5.5,Needs Improvement,Medium,Marketing efficiency is below the lower-performing outlet range. Conversion rate is within the middle range of outlet performance. Marketing spend represents a relatively lower proportion of sales revenue.,Review marketing campaigns and redirect spending toward better-performing activities.,51.88,Moderate,40,95016,8595,2.07,11,1,Digital Campaign,9.05,Moderate,"Marketing effectiveness is 51.9/100 (Moderate). Campaign ROI averages 2.07, with 9.05% engagement across 40 campaigns.",Test campaign offers and targeting to improve conversion while protecting revenue per marketing rupee.
OUT0041,39,4505899.92,94431219.76,109415.0,26.45,20.96,4.77,Moderate,Low,Marketing efficiency is among the stronger outlet results. Conversion rate is within the middle range of outlet performance. Marketing spend represents a relatively lower proportion of sales revenue.,Continue monitoring successful campaigns and consider scaling effective activities.,69.78,Moderate,40,123794,16540,2.36,16,1,Digital Campaign,13.36,High Performing,"Marketing effectiveness is 69.8/100 (Moderate). Campaign ROI averages 2.36, with 13.36% engagement across 40 campaigns.",Continue the strongest campaign mix and scale spend only where ROI and engagement remain above the network benchmark.
OUT0042,39,1028982.91,19910229.03,12333.0,20.63,19.35,5.17,Moderate,Low,Marketing efficiency is within the middle range of outlet performance. Conversion rate is within the middle range of outlet performance. Marketing spend represents a relatively lower proportion of sales revenue.,Continue monitoring marketing performance and optimize campaigns using sales and conversion trends.,51.15,Moderate,40,12805,1237,1.16,6,24,Digital Campaign,9.66,Needs Improvement,"Marketing effectiveness is 51.1/100 (Moderate). Campaign ROI averages 1.16, with 9.66% engagement across 40 campaigns.","Review low-ROI campaigns, narrow audience targeting, and move budget to campaign types with stronger conversion results."
OUT0043,39,1628707.75,30190923.12,23725.0,23.73,18.54,5.39,Needs Improvement,Medium,Marketing efficiency is below the lower-performing outlet range. Conversion rate is within the middle range of outlet performance. Marketing spend represents a relatively lower proportion of sales revenue.,Review marketing campaigns and redirect spending toward better-performing activities.,53.65,Moderate,40,23191,2650,1.27,6,27,Digital Campaign,11.43,Needs Improvement,"Marketing effectiveness is 53.6/100 (Moderate). Campaign ROI averages 1.27, with 11.43% engagement across 40 campaigns.","Review low-ROI campaigns, narrow audience targeting, and move budget to campaign types with stronger conversion results."
OUT0044,39,8429711.31,164358081.57,116114.0,25.71,19.5,5.13,Moderate,Low,Marketing efficiency is within the middle range of outlet performance. Conversion rate is within the middle range of outlet performance. Marketing spend represents a relatively lower proportion of sales revenue.,Continue monitoring marketing performance and optimize campaigns using sales and conversion trends.,67.48,Moderate,40,146113,18845,2.56,16,0,Digital Campaign,12.9,High Performing,"Marketing effectiveness is 67.5/100 (Moderate). Campaign ROI averages 2.56, with 12.90% engagement across 40 campaigns.",Continue the strongest campaign mix and scale spend only where ROI and engagement remain above the network benchmark.
OUT0045,40,267347.46,5369232.57,11548.0,15.33,20.08,4.98,Needs Improvement,Medium,Marketing efficiency is within the middle range of outlet performance. Conversion rate is below the lower-performing outlet range. Marketing spend represents a relatively lower proportion of sales revenue.,"Improve campaign targeting, customer engagement, offers, and conversion-focused activities.",47.89,Moderate,40,14106,979,1.0,3,23,Digital Campaign,6.94,Needs Improvement,"Marketing effectiveness is 47.9/100 (Moderate). Campaign ROI averages 1.00, with 6.94% engagement across 40 campaigns.","Review low-ROI campaigns, narrow audience targeting, and move budget to campaign types with stronger conversion results."
OUT0046,39,2033101.33,40751261.77,58671.0,17.42,20.04,4.99,Needs Improvement,Medium,Marketing efficiency is within the middle range of outlet performance. Conversion rate is below the lower-performing outlet range. Marketing spend represents a relatively lower proportion of sales revenue.,"Improve campaign targeting, customer engagement, offers, and conversion-focused activities.",54.94,Moderate,40,81594,6956,1.51,5,12,Digital Campaign,8.53,Moderate,"Marketing effectiveness is 54.9/100 (Moderate). Campaign ROI averages 1.51, with 8.53% engagement across 40 campaigns.",Test campaign offers and targeting to improve conversion while protecting revenue per marketing rupee.
OUT0047,39,1465712.74,32133131.53,34599.0,27.54,21.92,4.56,High Performing,Low,Marketing efficiency is among the stronger outlet results. Conversion rate is among the stronger outlet results. Marketing spend represents a relatively lower proportion of sales revenue.,Continue monitoring successful campaigns and consider scaling effective activities.,63.76,Moderate,40,28498,3777,1.68,10,16,Digital Campaign,13.25,Moderate,"Marketing effectiveness is 63.8/100 (Moderate). Campaign ROI averages 1.68, with 13.25% engagement across 40 campaigns.",Continue the strongest campaign mix and scale spend only where ROI and engagement remain above the network benchmark.
OUT0048,40,3681889.05,69992589.36,52854.0,23.47,19.01,5.26,Needs Improvement,Medium,Marketing efficiency is below the lower-performing outlet range. Conversion rate is within the middle range of outlet performance. Marketing spend represents a relatively lower proportion of sales revenue.,Review marketing campaigns and redirect spending toward better-performing activities.,57.56,Moderate,40,62403,7332,1.98,11,3,Digital Campaign,11.75,Moderate,"Marketing effectiveness is 57.6/100 (Moderate). Campaign ROI averages 1.98, with 11.75% engagement across 40 campaigns.",Test campaign offers and targeting to improve conversion while protecting revenue per marketing rupee.
OUT0049,39,6358054.98,130272028.36,111982.0,24.71,20.49,4.88,Moderate,Low,Marketing efficiency is within the middle range of outlet performance. Conversion rate is within the middle range of outlet performance. Marketing spend represents a relatively lower proportion of sales revenue.,Continue monitoring marketing performance and optimize campaigns using sales and conversion trends.,67.84,Moderate,40,144512,18030,2.57,21,3,Digital Campaign,12.48,High Performing,"Marketing effectiveness is 67.8/100 (Moderate). Campaign ROI averages 2.57, with 12.48% engagement across 40 campaigns.",Continue the strongest campaign mix and scale spend only where ROI and engagement remain above the network benchmark.
OUT0050,40,922172.74,18617709.24,20202.0,7.92,20.19,4.95,Needs Improvement,Medium,Marketing efficiency is within the middle range of outlet performance. Conversion rate is below the lower-performing outlet range. Marketing spend represents a relatively lower proportion of sales revenue.,"Improve campaign targeting, customer engagement, offers, and conversion-focused activities.",42.9,Moderate,40,52342,1931,1.17,4,20,Digital Campaign,3.69,Needs Improvement,"Marketing effectiveness is 42.9/100 (Moderate). Campaign ROI averages 1.17, with 3.69% engagement across 40 campaigns.","Review low-ROI campaigns, narrow audience targeting, and move budget to campaign types with stronger conversion results."
OUT0051,39,6981657.84,137250340.21,99931.0,21.26,19.66,5.09,Moderate,Low,Marketing efficiency is within the middle range of outlet performance. Conversion rate is within the middle range of outlet performance. Marketing spend represents a relatively lower proportion of sales revenue.,Continue monitoring marketing performance and optimize campaigns using sales and conversion trends.,62.2,Moderate,40,150737,16095,2.48,16,0,Digital Campaign,10.68,High Performing,"Marketing effectiveness is 62.2/100 (Moderate). Campaign ROI averages 2.48, with 10.68% engagement across 40 campaigns.",Continue the strongest campaign mix and scale spend only where ROI and engagement remain above the network benchmark.
OUT0052,38,1133036.32,22420709.73,41192.0,26.52,19.79,5.05,Moderate,Low,Marketing efficiency is within the middle range of outlet performance. Conversion rate is within the middle range of outlet performance. Marketing spend represents a relatively lower proportion of sales revenue.,Continue monitoring marketing performance and optimize campaigns using sales and conversion trends.,60.07,Moderate,40,35630,4329,1.19,4,23,Digital Campaign,12.15,Needs Improvement,"Marketing effectiveness is 60.1/100 (Moderate). Campaign ROI averages 1.19, with 12.15% engagement across 40 campaigns.","Review low-ROI campaigns, narrow audience targeting, and move budget to campaign types with stronger conversion results."
OUT0053,39,930090.24,19470959.39,41854.0,16.0,20.93,4.78,Needs Improvement,Medium,Marketing efficiency is among the stronger outlet results. Conversion rate is below the lower-performing outlet range. Marketing spend represents a relatively lower proportion of sales revenue.,"Continue monitoring successful campaigns and consider scaling effective activities. Improve campaign targeting, customer engagement, offers, and conversion-focused activities.",53.35,Moderate,40,55352,4158,1.33,6,21,Digital Campaign,7.51,Needs Improvement,"Marketing effectiveness is 53.4/100 (Moderate). Campaign ROI averages 1.33, with 7.51% engagement across 40 campaigns.","Review low-ROI campaigns, narrow audience targeting, and move budget to campaign types with stronger conversion results."
OUT0054,37,1921802.34,35019072.98,29860.0,12.93,18.22,5.49,Needs Improvement,High,Marketing efficiency is below the lower-performing outlet range. Conversion rate is below the lower-performing outlet range. Marketing spend represents a relatively lower proportion of sales revenue.,"Review marketing campaigns and redirect spending toward better-performing activities. Improve campaign targeting, customer engagement, offers, and conversion-focused activities.",44.85,Moderate,40,59096,3747,1.35,7,23,Digital Campaign,6.34,Needs Improvement,"Marketing effectiveness is 44.9/100 (Moderate). Campaign ROI averages 1.35, with 6.34% engagement across 40 campaigns.","Review low-ROI campaigns, narrow audience targeting, and move budget to campaign types with stronger conversion results."
OUT0055,38,2584834.75,57138370.74,32041.0,16.0,22.11,4.52,Needs Improvement,Medium,Marketing efficiency is among the stronger outlet results. Conversion rate is below the lower-performing outlet range. Marketing spend represents a relatively lower proportion of sales revenue.,"Continue monitoring successful campaigns and consider scaling effective activities. Improve campaign targeting, customer engagement, offers, and conversion-focused activities.",54.19,Moderate,40,52949,4202,2.03,11,2,Digital Campaign,7.94,Moderate,"Marketing effectiveness is 54.2/100 (Moderate). Campaign ROI averages 2.03, with 7.94% engagement across 40 campaigns.",Test campaign offers and targeting to improve conversion while protecting revenue per marketing rupee.
OUT0056,40,2495877.16,49429028.48,44585.0,17.18,19.8,5.05,Needs Improvement,Medium,Marketing efficiency is within the middle range of outlet performance. Conversion rate is below the lower-performing outlet range. Marketing spend represents a relatively lower proportion of sales revenue.,"Improve campaign targeting, customer engagement, offers, and conversion-focused activities.",52.73,Moderate,40,63840,5461,1.69,8,13,Digital Campaign,8.55,Moderate,"Marketing effectiveness is 52.7/100 (Moderate). Campaign ROI averages 1.69, with 8.55% engagement across 40 campaigns.",Test campaign offers and targeting to improve conversion while protecting revenue per marketing rupee.
OUT0057,37,1635595.33,32770151.16,71399.0,18.04,20.04,4.99,Moderate,Low,Marketing efficiency is within the middle range of outlet performance. Conversion rate is within the middle range of outlet performance. Marketing spend represents a relatively lower proportion of sales revenue.,Continue monitoring marketing performance and optimize campaigns using sales and conversion trends.,56.9,Moderate,40,97160,8418,1.4,5,19,Digital Campaign,8.66,Moderate,"Marketing effectiveness is 56.9/100 (Moderate). Campaign ROI averages 1.40, with 8.66% engagement across 40 campaigns.",Continue the strongest campaign mix and scale spend only where ROI and engagement remain above the network benchmark.
OUT0058,40,1444425.31,29713698.83,44746.0,20.1,20.57,4.86,Moderate,Low,Marketing efficiency is within the middle range of outlet performance. Conversion rate is within the middle range of outlet performance. Marketing spend represents a relatively lower proportion of sales revenue.,Continue monitoring marketing performance and optimize campaigns using sales and conversion trends.,56.46,Moderate,40,48808,4687,1.43,6,19,Digital Campaign,9.6,Moderate,"Marketing effectiveness is 56.5/100 (Moderate). Campaign ROI averages 1.43, with 9.60% engagement across 40 campaigns.",Continue the strongest campaign mix and scale spend only where ROI and engagement remain above the network benchmark.
OUT0059,37,2240055.1,44415253.08,73668.0,27.16,19.83,5.04,Moderate,Low,Marketing efficiency is within the middle range of outlet performance. Conversion rate is among the stronger outlet results. Marketing spend represents a relatively lower proportion of sales revenue.,Continue monitoring marketing performance and optimize campaigns using sales and conversion trends.,64.39,Moderate,40,71611,9530,1.72,9,11,Digital Campaign,13.31,Moderate,"Marketing effectiveness is 64.4/100 (Moderate). Campaign ROI averages 1.72, with 13.31% engagement across 40 campaigns.",Continue the strongest campaign mix and scale spend only where ROI and engagement remain above the network benchmark.
OUT0060,39,2431219.55,44708258.52,67841.0,18.72,18.39,5.44,Needs Improvement,Medium,Marketing efficiency is below the lower-performing outlet range. Conversion rate is within the middle range of outlet performance. Marketing spend represents a relatively lower proportion of sales revenue.,Review marketing campaigns and redirect spending toward better-performing activities.,54.29,Moderate,40,91392,8429,1.39,2,15,Digital Campaign,9.22,Moderate,"Marketing effectiveness is 54.3/100 (Moderate). Campaign ROI averages 1.39, with 9.22% engagement across 40 campaigns.",Test campaign offers and targeting to improve conversion while protecting revenue per marketing rupee.
OUT0061,38,7605510.25,161117782.74,101667.0,29.09,21.18,4.72,High Performing,Low,Marketing efficiency is among the stronger outlet results. Conversion rate is among the stronger outlet results. Marketing spend represents a relatively lower proportion of sales revenue.,Continue monitoring successful campaigns and consider scaling effective activities.,71.48,Moderate,40,114603,16745,2.89,21,1,Digital Campaign,14.61,High Performing,"Marketing effectiveness is 71.5/100 (Moderate). Campaign ROI averages 2.89, with 14.61% engagement across 40 campaigns.",Continue the strongest campaign mix and scale spend only where ROI and engagement remain above the network benchmark.
OUT0062,39,686802.96,14231407.94,29344.0,23.41,20.72,4.83,Moderate,Low,Marketing efficiency is within the middle range of outlet performance. Conversion rate is within the middle range of outlet performance. Marketing spend represents a relatively lower proportion of sales revenue.,Continue monitoring marketing performance and optimize campaigns using sales and conversion trends.,57.71,Moderate,40,26353,2781,1.12,4,21,Digital Campaign,10.55,Needs Improvement,"Marketing effectiveness is 57.7/100 (Moderate). Campaign ROI averages 1.12, with 10.55% engagement across 40 campaigns.","Review low-ROI campaigns, narrow audience targeting, and move budget to campaign types with stronger conversion results."
OUT0063,37,3588735.13,69624314.76,49158.0,17.85,19.4,5.15,Moderate,Low,Marketing efficiency is within the middle range of outlet performance. Conversion rate is within the middle range of outlet performance. Marketing spend represents a relatively lower proportion of sales revenue.,Continue monitoring marketing performance and optimize campaigns using sales and conversion trends.,53.13,Moderate,40,84344,7575,1.93,12,3,Digital Campaign,8.98,Moderate,"Marketing effectiveness is 53.1/100 (Moderate). Campaign ROI averages 1.93, with 8.98% engagement across 40 campaigns.",Continue the strongest campaign mix and scale spend only where ROI and engagement remain above the network benchmark.
OUT0064,39,2177924.38,41237816.43,49883.0,20.29,18.93,5.28,Needs Improvement,Medium,Marketing efficiency is below the lower-performing outlet range. Conversion rate is within the middle range of outlet performance. Marketing spend represents a relatively lower proportion of sales revenue.,Review marketing campaigns and redirect spending toward better-performing activities.,54.46,Moderate,40,60633,6044,1.45,6,19,Digital Campaign,9.97,Moderate,"Marketing effectiveness is 54.5/100 (Moderate). Campaign ROI averages 1.45, with 9.97% engagement across 40 campaigns.",Test campaign offers and targeting to improve conversion while protecting revenue per marketing rupee.
OUT0065,39,2526156.89,51306949.01,90128.0,23.4,20.31,4.92,Moderate,Low,Marketing efficiency is within the middle range of outlet performance. Conversion rate is within the middle range of outlet performance. Marketing spend represents a relatively lower proportion of sales revenue.,Continue monitoring marketing performance and optimize campaigns using sales and conversion trends.,63.96,Moderate,40,98614,11321,1.71,9,8,Digital Campaign,11.48,Moderate,"Marketing effectiveness is 64.0/100 (Moderate). Campaign ROI averages 1.71, with 11.48% engagement across 40 campaigns.",Continue the strongest campaign mix and scale spend only where ROI and engagement remain above the network benchmark.
OUT0066,39,2398393.88,47539237.5,29966.0,18.45,19.82,5.05,Moderate,Low,Marketing efficiency is within the middle range of outlet performance. Conversion rate is within the middle range of outlet performance. Marketing spend represents a relatively lower proportion of sales revenue.,Continue monitoring marketing performance and optimize campaigns using sales and conversion trends.,52.15,Moderate,40,40988,3736,1.6,6,12,Digital Campaign,9.11,Moderate,"Marketing effectiveness is 52.1/100 (Moderate). Campaign ROI averages 1.60, with 9.11% engagement across 40 campaigns.",Continue the strongest campaign mix and scale spend only where ROI and engagement remain above the network benchmark.
OUT0067,38,9247088.65,179760024.29,99867.0,20.53,19.44,5.14,Moderate,Low,Marketing efficiency is within the middle range of outlet performance. Conversion rate is within the middle range of outlet performance. Marketing spend represents a relatively lower proportion of sales revenue.,Continue monitoring marketing performance and optimize campaigns using sales and conversion trends.,61.22,Moderate,40,162363,16495,2.54,16,3,Digital Campaign,10.16,High Performing,"Marketing effectiveness is 61.2/100 (Moderate). Campaign ROI averages 2.54, with 10.16% engagement across 40 campaigns.",Continue the strongest campaign mix and scale spend only where ROI and engagement remain above the network benchmark.
OUT0068,40,4890765.92,98670793.62,62240.0,17.21,20.17,4.96,Needs Improvement,Medium,Marketing efficiency is within the middle range of outlet performance. Conversion rate is below the lower-performing outlet range. Marketing spend represents a relatively lower proportion of sales revenue.,"Improve campaign targeting, customer engagement, offers, and conversion-focused activities.",55.4,Moderate,40,105914,9184,2.34,18,3,Digital Campaign,8.67,High Performing,"Marketing effectiveness is 55.4/100 (Moderate). Campaign ROI averages 2.34, with 8.67% engagement across 40 campaigns.",Test campaign offers and targeting to improve conversion while protecting revenue per marketing rupee.
OUT0069,40,1635160.72,33046761.77,49130.0,15.89,20.21,4.95,Needs Improvement,Medium,Marketing efficiency is within the middle range of outlet performance. Conversion rate is below the lower-performing outlet range. Marketing spend represents a relatively lower proportion of sales revenue.,"Improve campaign targeting, customer engagement, offers, and conversion-focused activities.",52.87,Moderate,40,69242,5289,1.46,8,17,Digital Campaign,7.64,Moderate,"Marketing effectiveness is 52.9/100 (Moderate). Campaign ROI averages 1.46, with 7.64% engagement across 40 campaigns.",Test campaign offers and targeting to improve conversion while protecting revenue per marketing rupee.
OUT0070,39,3050102.36,60602550.92,52002.0,30.73,19.87,5.03,Moderate,Low,Marketing efficiency is within the middle range of outlet performance. Conversion rate is among the stronger outlet results. Marketing spend represents a relatively lower proportion of sales revenue.,Continue monitoring marketing performance and optimize campaigns using sales and conversion trends.,64.94,Moderate,40,46343,7072,1.81,11,5,Digital Campaign,15.26,Moderate,"Marketing effectiveness is 64.9/100 (Moderate). Campaign ROI averages 1.81, with 15.26% engagement across 40 campaigns.",Continue the strongest campaign mix and scale spend only where ROI and engagement remain above the network benchmark.
OUT0071,40,3546934.47,74074390.13,41824.0,19.33,20.88,4.79,Moderate,Low,Marketing efficiency is among the stronger outlet results. Conversion rate is within the middle range of outlet performance. Marketing spend represents a relatively lower proportion of sales revenue.,Continue monitoring successful campaigns and consider scaling effective activities.,56.02,Moderate,40,58931,5687,2.16,14,2,Digital Campaign,9.65,Moderate,"Marketing effectiveness is 56.0/100 (Moderate). Campaign ROI averages 2.16, with 9.65% engagement across 40 campaigns.",Continue the strongest campaign mix and scale spend only where ROI and engagement remain above the network benchmark.
OUT0072,40,1715156.35,37862408.36,58731.0,17.18,22.08,4.53,Needs Improvement,Medium,Marketing efficiency is among the stronger outlet results. Conversion rate is below the lower-performing outlet range. Marketing spend represents a relatively lower proportion of sales revenue.,"Continue monitoring successful campaigns and consider scaling effective activities. Improve campaign targeting, customer engagement, offers, and conversion-focused activities.",58.17,Moderate,40,77344,6412,1.58,5,8,Digital Campaign,8.29,Moderate,"Marketing effectiveness is 58.2/100 (Moderate). Campaign ROI averages 1.58, with 8.29% engagement across 40 campaigns.",Test campaign offers and targeting to improve conversion while protecting revenue per marketing rupee.
OUT0073,36,989962.15,18712045.37,13255.0,13.39,18.9,5.29,Needs Improvement,High,Marketing efficiency is below the lower-performing outlet range. Conversion rate is below the lower-performing outlet range. Marketing spend represents a relatively lower proportion of sales revenue.,"Review marketing campaigns and redirect spending toward better-performing activities. Improve campaign targeting, customer engagement, offers, and conversion-focused activities.",44.49,Moderate,40,23004,1635,1.02,1,24,Digital Campaign,7.11,Needs Improvement,"Marketing effectiveness is 44.5/100 (Moderate). Campaign ROI averages 1.02, with 7.11% engagement across 40 campaigns.","Review low-ROI campaigns, narrow audience targeting, and move budget to campaign types with stronger conversion results."
OUT0074,37,2314314.39,52323730.7,90918.0,35.79,22.61,4.42,High Performing,Low,Marketing efficiency is among the stronger outlet results. Conversion rate is among the stronger outlet results. Marketing spend represents a relatively lower proportion of sales revenue.,Continue monitoring successful campaigns and consider scaling effective activities.,78.22,High Performing,40,67478,11873,2.03,11,3,Digital Campaign,17.6,Moderate,"Marketing effectiveness is 78.2/100 (High Performing). Campaign ROI averages 2.03, with 17.60% engagement across 40 campaigns.",Continue the strongest campaign mix and scale spend only where ROI and engagement remain above the network benchmark.
OUT0075,38,2172148.85,42064957.95,37517.0,22.03,19.37,5.16,Moderate,Low,Marketing efficiency is within the middle range of outlet performance. Conversion rate is within the middle range of outlet performance. Marketing spend represents a relatively lower proportion of sales revenue.,Continue monitoring marketing performance and optimize campaigns using sales and conversion trends.,55.22,Moderate,40,43041,4691,1.52,5,16,Digital Campaign,10.9,Moderate,"Marketing effectiveness is 55.2/100 (Moderate). Campaign ROI averages 1.52, with 10.90% engagement across 40 campaigns.",Continue the strongest campaign mix and scale spend only where ROI and engagement remain above the network benchmark.
OUT0076,40,3672982.05,73716565.39,41079.0,15.78,20.07,4.98,Needs Improvement,Medium,Marketing efficiency is within the middle range of outlet performance. Conversion rate is below the lower-performing outlet range. Marketing spend represents a relatively lower proportion of sales revenue.,"Improve campaign targeting, customer engagement, offers, and conversion-focused activities.",51.62,Moderate,40,72116,5722,2.08,13,1,Digital Campaign,7.93,Moderate,"Marketing effectiveness is 51.6/100 (Moderate). Campaign ROI averages 2.08, with 7.93% engagement across 40 campaigns.",Test campaign offers and targeting to improve conversion while protecting revenue per marketing rupee.
OUT0077,39,2912763.19,60811486.23,63437.0,25.97,20.88,4.79,Moderate,Low,Marketing efficiency is among the stronger outlet results. Conversion rate is within the middle range of outlet performance. Marketing spend represents a relatively lower proportion of sales revenue.,Continue monitoring successful campaigns and consider scaling effective activities.,64.0,Moderate,40,64937,8425,2.02,13,6,Digital Campaign,12.97,Moderate,"Marketing effectiveness is 64.0/100 (Moderate). Campaign ROI averages 2.02, with 12.97% engagement across 40 campaigns.",Continue the strongest campaign mix and scale spend only where ROI and engagement remain above the network benchmark.
OUT0078,38,1737437.38,34409030.17,46818.0,17.29,19.8,5.05,Needs Improvement,Medium,Marketing efficiency is within the middle range of outlet performance. Conversion rate is below the lower-performing outlet range. Marketing spend represents a relatively lower proportion of sales revenue.,"Improve campaign targeting, customer engagement, offers, and conversion-focused activities.",53.08,Moderate,40,65295,5501,1.44,6,16,Digital Campaign,8.42,Moderate,"Marketing effectiveness is 53.1/100 (Moderate). Campaign ROI averages 1.44, with 8.42% engagement across 40 campaigns.",Test campaign offers and targeting to improve conversion while protecting revenue per marketing rupee.
OUT0079,40,7541312.96,153453990.94,154377.0,30.36,20.35,4.91,Moderate,Low,Marketing efficiency is within the middle range of outlet performance. Conversion rate is among the stronger outlet results. Marketing spend represents a relatively lower proportion of sales revenue.,Continue monitoring marketing performance and optimize campaigns using sales and conversion trends.,77.15,High Performing,40,158112,24179,2.75,21,1,Digital Campaign,15.29,High Performing,"Marketing effectiveness is 77.2/100 (High Performing). Campaign ROI averages 2.75, with 15.29% engagement across 40 campaigns.",Continue the strongest campaign mix and scale spend only where ROI and engagement remain above the network benchmark.
OUT0080,38,2242997.24,52044717.85,46700.0,14.99,23.2,4.31,Needs Improvement,Medium,Marketing efficiency is among the stronger outlet results. Conversion rate is below the lower-performing outlet range. Marketing spend represents a relatively lower proportion of sales revenue.,"Continue monitoring successful campaigns and consider scaling effective activities. Improve campaign targeting, customer engagement, offers, and conversion-focused activities.",56.88,Moderate,40,80484,5944,1.99,11,4,Digital Campaign,7.39,Moderate,"Marketing effectiveness is 56.9/100 (Moderate). Campaign ROI averages 1.99, with 7.39% engagement across 40 campaigns.",Test campaign offers and targeting to improve conversion while protecting revenue per marketing rupee.
OUT0081,39,2027189.18,38946695.4,49362.0,24.25,19.21,5.21,Needs Improvement,Medium,Marketing efficiency is below the lower-performing outlet range. Conversion rate is within the middle range of outlet performance. Marketing spend represents a relatively lower proportion of sales revenue.,Review marketing campaigns and redirect spending toward better-performing activities.,58.16,Moderate,40,49208,5844,1.43,6,18,Digital Campaign,11.88,Moderate,"Marketing effectiveness is 58.2/100 (Moderate). Campaign ROI averages 1.43, with 11.88% engagement across 40 campaigns.",Test campaign offers and targeting to improve conversion while protecting revenue per marketing rupee.
OUT0082,39,6929903.12,138390593.94,108298.0,22.27,19.97,5.01,Moderate,Low,Marketing efficiency is within the middle range of outlet performance. Conversion rate is within the middle range of outlet performance. Marketing spend represents a relatively lower proportion of sales revenue.,Continue monitoring marketing performance and optimize campaigns using sales and conversion trends.,64.53,Moderate,40,152926,17098,2.67,17,2,Digital Campaign,11.18,High Performing,"Marketing effectiveness is 64.5/100 (Moderate). Campaign ROI averages 2.67, with 11.18% engagement across 40 campaigns.",Continue the strongest campaign mix and scale spend only where ROI and engagement remain above the network benchmark.
OUT0083,40,3568692.99,76936704.22,73582.0,28.32,21.56,4.64,High Performing,Low,Marketing efficiency is among the stronger outlet results. Conversion rate is among the stronger outlet results. Marketing spend represents a relatively lower proportion of sales revenue.,Continue monitoring successful campaigns and consider scaling effective activities.,68.26,Moderate,40,71332,10179,2.23,15,0,Digital Campaign,14.27,Moderate,"Marketing effectiveness is 68.3/100 (Moderate). Campaign ROI averages 2.23, with 14.27% engagement across 40 campaigns.",Continue the strongest campaign mix and scale spend only where ROI and engagement remain above the network benchmark.
OUT0084,40,1985149.56,41076430.38,28442.0,18.66,20.69,4.83,Moderate,Low,Marketing efficiency is within the middle range of outlet performance. Conversion rate is within the middle range of outlet performance. Marketing spend represents a relatively lower proportion of sales revenue.,Continue monitoring marketing performance and optimize campaigns using sales and conversion trends.,53.61,Moderate,40,35590,3235,1.57,6,15,Digital Campaign,9.09,Moderate,"Marketing effectiveness is 53.6/100 (Moderate). Campaign ROI averages 1.57, with 9.09% engagement across 40 campaigns.",Continue the strongest campaign mix and scale spend only where ROI and engagement remain above the network benchmark.
OUT0085,39,5779780.04,113593365.82,83801.0,25.26,19.65,5.09,Moderate,Low,Marketing efficiency is within the middle range of outlet performance. Conversion rate is within the middle range of outlet performance. Marketing spend represents a relatively lower proportion of sales revenue.,Continue monitoring marketing performance and optimize campaigns using sales and conversion trends.,63.67,Moderate,40,102912,13193,2.36,15,2,Digital Campaign,12.82,High Performing,"Marketing effectiveness is 63.7/100 (Moderate). Campaign ROI averages 2.36, with 12.82% engagement across 40 campaigns.",Continue the strongest campaign mix and scale spend only where ROI and engagement remain above the network benchmark.
OUT0086,40,11438131.21,229758761.57,185305.0,32.53,20.09,4.98,Moderate,Low,Marketing efficiency is within the middle range of outlet performance. Conversion rate is among the stronger outlet results. Marketing spend represents a relatively lower proportion of sales revenue.,Continue monitoring marketing performance and optimize campaigns using sales and conversion trends.,82.05,High Performing,40,181978,29648,2.77,15,1,Digital Campaign,16.29,High Performing,"Marketing effectiveness is 82.0/100 (High Performing). Campaign ROI averages 2.77, with 16.29% engagement across 40 campaigns.",Continue the strongest campaign mix and scale spend only where ROI and engagement remain above the network benchmark.
OUT0087,40,4852085.06,94450520.43,78743.0,26.33,19.47,5.14,Moderate,Low,Marketing efficiency is within the middle range of outlet performance. Conversion rate is within the middle range of outlet performance. Marketing spend represents a relatively lower proportion of sales revenue.,Continue monitoring marketing performance and optimize campaigns using sales and conversion trends.,63.66,Moderate,40,88368,11870,2.16,14,2,Digital Campaign,13.43,Moderate,"Marketing effectiveness is 63.7/100 (Moderate). Campaign ROI averages 2.16, with 13.43% engagement across 40 campaigns.",Continue the strongest campaign mix and scale spend only where ROI and engagement remain above the network benchmark.
OUT0088,39,4397411.74,90229005.9,55186.0,16.4,20.52,4.87,Needs Improvement,Medium,Marketing efficiency is within the middle range of outlet performance. Conversion rate is below the lower-performing outlet range. Marketing spend represents a relatively lower proportion of sales revenue.,"Improve campaign targeting, customer engagement, offers, and conversion-focused activities.",54.5,Moderate,40,99610,8215,2.3,17,1,Digital Campaign,8.25,High Performing,"Marketing effectiveness is 54.5/100 (Moderate). Campaign ROI averages 2.30, with 8.25% engagement across 40 campaigns.",Test campaign offers and targeting to improve conversion while protecting revenue per marketing rupee.
OUT0089,36,1139474.88,24117770.2,22210.0,17.61,21.17,4.72,Needs Improvement,Medium,Marketing efficiency is among the stronger outlet results. Conversion rate is below the lower-performing outlet range. Marketing spend represents a relatively lower proportion of sales revenue.,"Continue monitoring successful campaigns and consider scaling effective activities. Improve campaign targeting, customer engagement, offers, and conversion-focused activities.",52.83,Moderate,40,30344,2602,1.33,4,19,Digital Campaign,8.58,Needs Improvement,"Marketing effectiveness is 52.8/100 (Moderate). Campaign ROI averages 1.33, with 8.58% engagement across 40 campaigns.","Review low-ROI campaigns, narrow audience targeting, and move budget to campaign types with stronger conversion results."
OUT0090,39,1220252.13,24826616.52,42410.0,24.64,20.35,4.92,Moderate,Low,Marketing efficiency is within the middle range of outlet performance. Conversion rate is within the middle range of outlet performance. Marketing spend represents a relatively lower proportion of sales revenue.,Continue monitoring marketing performance and optimize campaigns using sales and conversion trends.,59.59,Moderate,40,37732,4397,1.26,5,19,Digital Campaign,11.65,Needs Improvement,"Marketing effectiveness is 59.6/100 (Moderate). Campaign ROI averages 1.26, with 11.65% engagement across 40 campaigns.","Review low-ROI campaigns, narrow audience targeting, and move budget to campaign types with stronger conversion results."
OUT0091,39,8475808.44,169655671.21,170453.0,31.75,20.02,5.0,Moderate,Low,Marketing efficiency is within the middle range of outlet performance. Conversion rate is among the stronger outlet results. Marketing spend represents a relatively lower proportion of sales revenue.,Continue monitoring marketing performance and optimize campaigns using sales and conversion trends.,79.59,High Performing,40,173905,27695,2.67,16,0,Digital Campaign,15.93,High Performing,"Marketing effectiveness is 79.6/100 (High Performing). Campaign ROI averages 2.67, with 15.93% engagement across 40 campaigns.",Continue the strongest campaign mix and scale spend only where ROI and engagement remain above the network benchmark.
OUT0092,38,1084482.61,20492889.42,24876.0,11.3,18.9,5.29,Needs Improvement,High,Marketing efficiency is below the lower-performing outlet range. Conversion rate is below the lower-performing outlet range. Marketing spend represents a relatively lower proportion of sales revenue.,"Review marketing campaigns and redirect spending toward better-performing activities. Improve campaign targeting, customer engagement, offers, and conversion-focused activities.",44.06,Moderate,40,48760,2654,1.02,1,27,Digital Campaign,5.44,Needs Improvement,"Marketing effectiveness is 44.1/100 (Moderate). Campaign ROI averages 1.02, with 5.44% engagement across 40 campaigns.","Review low-ROI campaigns, narrow audience targeting, and move budget to campaign types with stronger conversion results."
OUT0093,38,1508184.06,30566971.0,27210.0,19.58,20.27,4.93,Moderate,Low,Marketing efficiency is within the middle range of outlet performance. Conversion rate is within the middle range of outlet performance. Marketing spend represents a relatively lower proportion of sales revenue.,Continue monitoring marketing performance and optimize campaigns using sales and conversion trends.,53.52,Moderate,40,32760,3084,1.51,7,16,Digital Campaign,9.41,Moderate,"Marketing effectiveness is 53.5/100 (Moderate). Campaign ROI averages 1.51, with 9.41% engagement across 40 campaigns.",Continue the strongest campaign mix and scale spend only where ROI and engagement remain above the network benchmark.
OUT0094,39,1162435.75,22302902.89,19358.0,18.96,19.19,5.21,Needs Improvement,Medium,Marketing efficiency is below the lower-performing outlet range. Conversion rate is within the middle range of outlet performance. Marketing spend represents a relatively lower proportion of sales revenue.,Review marketing campaigns and redirect spending toward better-performing activities.,50.28,Moderate,40,22142,1985,1.14,3,22,Digital Campaign,8.96,Needs Improvement,"Marketing effectiveness is 50.3/100 (Moderate). Campaign ROI averages 1.14, with 8.96% engagement across 40 campaigns.","Review low-ROI campaigns, narrow audience targeting, and move budget to campaign types with stronger conversion results."
OUT0095,40,1783927.59,36333059.96,40365.0,20.43,20.37,4.91,Moderate,Low,Marketing efficiency is within the middle range of outlet performance. Conversion rate is within the middle range of outlet performance. Marketing spend represents a relatively lower proportion of sales revenue.,Continue monitoring marketing performance and optimize campaigns using sales and conversion trends.,55.89,Moderate,40,45047,4441,1.49,7,14,Digital Campaign,9.86,Moderate,"Marketing effectiveness is 55.9/100 (Moderate). Campaign ROI averages 1.49, with 9.86% engagement across 40 campaigns.",Continue the strongest campaign mix and scale spend only where ROI and engagement remain above the network benchmark.
OUT0096,38,4394350.82,91697743.75,155654.0,42.14,20.87,4.79,High Performing,Low,Marketing efficiency is among the stronger outlet results. Conversion rate is among the stronger outlet results. Marketing spend represents a relatively lower proportion of sales revenue.,Continue monitoring successful campaigns and consider scaling effective activities.,87.95,High Performing,40,112401,23082,2.43,15,2,Digital Campaign,20.54,High Performing,"Marketing effectiveness is 88.0/100 (High Performing). Campaign ROI averages 2.43, with 20.54% engagement across 40 campaigns.",Continue the strongest campaign mix and scale spend only where ROI and engagement remain above the network benchmark.
OUT0097,39,4972419.38,97069160.49,70003.0,15.06,19.52,5.12,Needs Improvement,Medium,Marketing efficiency is within the middle range of outlet performance. Conversion rate is below the lower-performing outlet range. Marketing spend represents a relatively lower proportion of sales revenue.,"Improve campaign targeting, customer engagement, offers, and conversion-focused activities.",53.4,Moderate,40,141491,10649,2.23,14,2,Digital Campaign,7.53,Moderate,"Marketing effectiveness is 53.4/100 (Moderate). Campaign ROI averages 2.23, with 7.53% engagement across 40 campaigns.",Test campaign offers and targeting to improve conversion while protecting revenue per marketing rupee.
OUT0098,39,2675335.35,54914997.63,32054.0,12.76,20.53,4.87,Needs Improvement,Medium,Marketing efficiency is within the middle range of outlet performance. Conversion rate is below the lower-performing outlet range. Marketing spend represents a relatively lower proportion of sales revenue.,"Improve campaign targeting, customer engagement, offers, and conversion-focused activities.",48.84,Moderate,40,65354,4162,1.86,13,5,Digital Campaign,6.37,Moderate,"Marketing effectiveness is 48.8/100 (Moderate). Campaign ROI averages 1.86, with 6.37% engagement across 40 campaigns.",Test campaign offers and targeting to improve conversion while protecting revenue per marketing rupee.
OUT0099,39,2838742.95,58065188.17,125867.0,29.36,20.45,4.89,Moderate,Low,Marketing efficiency is within the middle range of outlet performance. Conversion rate is among the stronger outlet results. Marketing spend represents a relatively lower proportion of sales revenue.,Continue monitoring marketing performance and optimize campaigns using sales and conversion trends.,73.24,Moderate,40,112510,16630,1.88,8,6,Digital Campaign,14.78,Moderate,"Marketing effectiveness is 73.2/100 (Moderate). Campaign ROI averages 1.88, with 14.78% engagement across 40 campaigns.",Continue the strongest campaign mix and scale spend only where ROI and engagement remain above the network benchmark.
OUT0100,39,6458896.18,126467216.13,101563.0,22.15,19.58,5.11,Moderate,Low,Marketing efficiency is within the middle range of outlet performance. Conversion rate is within the middle range of outlet performance. Marketing spend represents a relatively lower proportion of sales revenue.,Continue monitoring marketing performance and optimize campaigns using sales and conversion trends.,63.0,Moderate,40,140866,16043,2.43,16,2,Digital Campaign,11.39,High Performing,"Marketing effectiveness is 63.0/100 (Moderate). Campaign ROI averages 2.43, with 11.39% engagement across 40 campaigns.",Continue the strongest campaign mix and scale spend only where ROI and engagement remain above the network benchmark.
OUT0101,40,1521043.71,29761114.03,54174.0,31.41,19.57,5.11,Moderate,Low,Marketing efficiency is within the middle range of outlet performance. Conversion rate is among the stronger outlet results. Marketing spend represents a relatively lower proportion of sales revenue.,Continue monitoring marketing performance and optimize campaigns using sales and conversion trends.,65.25,Moderate,40,38556,5728,1.31,4,22,Digital Campaign,14.86,Needs Improvement,"Marketing effectiveness is 65.2/100 (Moderate). Campaign ROI averages 1.31, with 14.86% engagement across 40 campaigns.","Review low-ROI campaigns, narrow audience targeting, and move budget to campaign types with stronger conversion results."
OUT0102,37,3559807.61,73815226.34,62414.0,21.4,20.74,4.82,Moderate,Low,Marketing efficiency is within the middle range of outlet performance. Conversion rate is within the middle range of outlet performance. Marketing spend represents a relatively lower proportion of sales revenue.,Continue monitoring marketing performance and optimize campaigns using sales and conversion trends.,59.85,Moderate,40,88386,9526,2.21,14,0,Digital Campaign,10.78,Moderate,"Marketing effectiveness is 59.9/100 (Moderate). Campaign ROI averages 2.21, with 10.78% engagement across 40 campaigns.",Continue the strongest campaign mix and scale spend only where ROI and engagement remain above the network benchmark.
OUT0103,39,3862346.3,77721599.88,108892.0,20.63,20.12,4.97,Moderate,Low,Marketing efficiency is within the middle range of outlet performance. Conversion rate is within the middle range of outlet performance. Marketing spend represents a relatively lower proportion of sales revenue.,Continue monitoring marketing performance and optimize campaigns using sales and conversion trends.,63.49,Moderate,40,151115,15837,2.18,15,1,Digital Campaign,10.48,Moderate,"Marketing effectiveness is 63.5/100 (Moderate). Campaign ROI averages 2.18, with 10.48% engagement across 40 campaigns.",Continue the strongest campaign mix and scale spend only where ROI and engagement remain above the network benchmark.
OUT0104,39,5167901.7,108904678.76,70356.0,19.33,21.07,4.75,Moderate,Low,Marketing efficiency is among the stronger outlet results. Conversion rate is within the middle range of outlet performance. Marketing spend represents a relatively lower proportion of sales revenue.,Continue monitoring successful campaigns and consider scaling effective activities.,59.6,Moderate,40,110612,10728,2.56,23,1,Digital Campaign,9.7,High Performing,"Marketing effectiveness is 59.6/100 (Moderate). Campaign ROI averages 2.56, with 9.70% engagement across 40 campaigns.",Continue the strongest campaign mix and scale spend only where ROI and engagement remain above the network benchmark.
OUT0105,39,3637263.55,73426604.74,80130.0,24.98,20.19,4.95,Moderate,Low,Marketing efficiency is within the middle range of outlet performance. Conversion rate is within the middle range of outlet performance. Marketing spend represents a relatively lower proportion of sales revenue.,Continue monitoring marketing performance and optimize campaigns using sales and conversion trends.,63.92,Moderate,40,90781,11431,2.09,12,2,Digital Campaign,12.59,Moderate,"Marketing effectiveness is 63.9/100 (Moderate). Campaign ROI averages 2.09, with 12.59% engagement across 40 campaigns.",Continue the strongest campaign mix and scale spend only where ROI and engagement remain above the network benchmark.
OUT0106,38,3417186.3,70758146.68,73846.0,28.48,20.71,4.83,Moderate,Low,Marketing efficiency is within the middle range of outlet performance. Conversion rate is among the stronger outlet results. Marketing spend represents a relatively lower proportion of sales revenue.,Continue monitoring marketing performance and optimize campaigns using sales and conversion trends.,66.98,Moderate,40,75355,10757,2.16,14,1,Digital Campaign,14.28,Moderate,"Marketing effectiveness is 67.0/100 (Moderate). Campaign ROI averages 2.16, with 14.28% engagement across 40 campaigns.",Continue the strongest campaign mix and scale spend only where ROI and engagement remain above the network benchmark.
OUT0107,38,3434131.23,68027985.64,46870.0,18.18,19.81,5.05,Moderate,Low,Marketing efficiency is within the middle range of outlet performance. Conversion rate is within the middle range of outlet performance. Marketing spend represents a relatively lower proportion of sales revenue.,Continue monitoring marketing performance and optimize campaigns using sales and conversion trends.,53.83,Moderate,40,74694,6835,1.99,9,4,Digital Campaign,9.15,Moderate,"Marketing effectiveness is 53.8/100 (Moderate). Campaign ROI averages 1.99, with 9.15% engagement across 40 campaigns.",Continue the strongest campaign mix and scale spend only where ROI and engagement remain above the network benchmark.
OUT0108,40,7276534.62,137007323.28,98853.0,21.42,18.83,5.31,Needs Improvement,Medium,Marketing efficiency is below the lower-performing outlet range. Conversion rate is within the middle range of outlet performance. Marketing spend represents a relatively lower proportion of sales revenue.,Review marketing campaigns and redirect spending toward better-performing activities.,60.81,Moderate,40,140982,15484,2.33,14,3,Digital Campaign,10.98,High Performing,"Marketing effectiveness is 60.8/100 (Moderate). Campaign ROI averages 2.33, with 10.98% engagement across 40 campaigns.",Test campaign offers and targeting to improve conversion while protecting revenue per marketing rupee.
OUT0109,40,6555006.67,130492724.1,100372.0,21.86,19.91,5.02,Moderate,Low,Marketing efficiency is within the middle range of outlet performance. Conversion rate is within the middle range of outlet performance. Marketing spend represents a relatively lower proportion of sales revenue.,Continue monitoring marketing performance and optimize campaigns using sales and conversion trends.,63.17,Moderate,40,141068,15507,2.51,19,3,Digital Campaign,10.99,High Performing,"Marketing effectiveness is 63.2/100 (Moderate). Campaign ROI averages 2.51, with 10.99% engagement across 40 campaigns.",Continue the strongest campaign mix and scale spend only where ROI and engagement remain above the network benchmark.
OUT0110,40,2911070.69,51562057.58,79111.0,24.28,17.71,5.65,Needs Improvement,Medium,Marketing efficiency is below the lower-performing outlet range. Conversion rate is within the middle range of outlet performance. Marketing spend represents a relatively lower proportion of sales revenue.,Review marketing campaigns and redirect spending toward better-performing activities.,59.05,Moderate,40,83660,10222,1.42,2,9,Digital Campaign,12.22,Moderate,"Marketing effectiveness is 59.0/100 (Moderate). Campaign ROI averages 1.42, with 12.22% engagement across 40 campaigns.",Test campaign offers and targeting to improve conversion while protecting revenue per marketing rupee.
OUT0111,39,5823158.84,113537587.3,86949.0,22.8,19.5,5.13,Moderate,Low,Marketing efficiency is within the middle range of outlet performance. Conversion rate is within the middle range of outlet performance. Marketing spend represents a relatively lower proportion of sales revenue.,Continue monitoring marketing performance and optimize campaigns using sales and conversion trends.,61.72,Moderate,40,118734,13653,2.36,15,3,Digital Campaign,11.5,High Performing,"Marketing effectiveness is 61.7/100 (Moderate). Campaign ROI averages 2.36, with 11.50% engagement across 40 campaigns.",Continue the strongest campaign mix and scale spend only where ROI and engagement remain above the network benchmark.
OUT0112,38,4240184.15,81268790.97,48291.0,25.5,19.17,5.22,Needs Improvement,Medium,Marketing efficiency is below the lower-performing outlet range. Conversion rate is within the middle range of outlet performance. Marketing spend represents a relatively lower proportion of sales revenue.,Review marketing campaigns and redirect spending toward better-performing activities.,58.99,Moderate,40,58036,7493,2.09,11,1,Digital Campaign,12.91,Moderate,"Marketing effectiveness is 59.0/100 (Moderate). Campaign ROI averages 2.09, with 12.91% engagement across 40 campaigns.",Test campaign offers and targeting to improve conversion while protecting revenue per marketing rupee.
OUT0113,40,500458.27,9857606.74,21740.0,23.11,19.7,5.08,Moderate,Low,Marketing efficiency is within the middle range of outlet performance. Conversion rate is within the middle range of outlet performance. Marketing spend represents a relatively lower proportion of sales revenue.,Continue monitoring marketing performance and optimize campaigns using sales and conversion trends.,54.87,Moderate,40,18218,1926,0.96,2,26,Digital Campaign,10.57,Needs Improvement,"Marketing effectiveness is 54.9/100 (Moderate). Campaign ROI averages 0.96, with 10.57% engagement across 40 campaigns.","Review low-ROI campaigns, narrow audience targeting, and move budget to campaign types with stronger conversion results."
OUT0114,39,1136709.76,23046447.12,20687.0,23.71,20.27,4.93,Moderate,Low,Marketing efficiency is within the middle range of outlet performance. Conversion rate is within the middle range of outlet performance. Marketing spend represents a relatively lower proportion of sales revenue.,Continue monitoring marketing performance and optimize campaigns using sales and conversion trends.,56.22,Moderate,40,18879,2107,1.25,5,23,Digital Campaign,11.16,Needs Improvement,"Marketing effectiveness is 56.2/100 (Moderate). Campaign ROI averages 1.25, with 11.16% engagement across 40 campaigns.","Review low-ROI campaigns, narrow audience targeting, and move budget to campaign types with stronger conversion results."
OUT0115,39,1536446.47,30940125.74,27282.0,13.05,20.14,4.97,Needs Improvement,Medium,Marketing efficiency is within the middle range of outlet performance. Conversion rate is below the lower-performing outlet range. Marketing spend represents a relatively lower proportion of sales revenue.,"Improve campaign targeting, customer engagement, offers, and conversion-focused activities.",47.89,Moderate,40,48006,3014,1.38,6,20,Digital Campaign,6.28,Needs Improvement,"Marketing effectiveness is 47.9/100 (Moderate). Campaign ROI averages 1.38, with 6.28% engagement across 40 campaigns.","Review low-ROI campaigns, narrow audience targeting, and move budget to campaign types with stronger conversion results."
OUT0116,37,9215474.96,190943985.53,115597.0,21.69,20.72,4.83,Moderate,Low,Marketing efficiency is within the middle range of outlet performance. Conversion rate is within the middle range of outlet performance. Marketing spend represents a relatively lower proportion of sales revenue.,Continue monitoring marketing performance and optimize campaigns using sales and conversion trends.,66.14,Moderate,40,182474,19612,3.06,19,2,Digital Campaign,10.75,High Performing,"Marketing effectiveness is 66.1/100 (Moderate). Campaign ROI averages 3.06, with 10.75% engagement across 40 campaigns.",Continue the strongest campaign mix and scale spend only where ROI and engagement remain above the network benchmark.
OUT0117,40,1445145.88,30199957.09,40909.0,19.42,20.9,4.79,Moderate,Low,Marketing efficiency is among the stronger outlet results. Conversion rate is within the middle range of outlet performance. Marketing spend represents a relatively lower proportion of sales revenue.,Continue monitoring successful campaigns and consider scaling effective activities.,56.02,Moderate,40,46364,4271,1.44,7,16,Digital Campaign,9.21,Moderate,"Marketing effectiveness is 56.0/100 (Moderate). Campaign ROI averages 1.44, with 9.21% engagement across 40 campaigns.",Continue the strongest campaign mix and scale spend only where ROI and engagement remain above the network benchmark.
OUT0118,39,7253314.33,162190803.23,97258.0,28.88,22.36,4.47,High Performing,Low,Marketing efficiency is among the stronger outlet results. Conversion rate is among the stronger outlet results. Marketing spend represents a relatively lower proportion of sales revenue.,Continue monitoring successful campaigns and consider scaling effective activities.,72.78,Moderate,40,107759,15504,2.91,23,0,Digital Campaign,14.39,High Performing,"Marketing effectiveness is 72.8/100 (Moderate). Campaign ROI averages 2.91, with 14.39% engagement across 40 campaigns.",Continue the strongest campaign mix and scale spend only where ROI and engagement remain above the network benchmark.
OUT0119,40,4932175.62,106509131.53,83770.0,23.06,21.59,4.63,Moderate,Low,Marketing efficiency is among the stronger outlet results. Conversion rate is within the middle range of outlet performance. Marketing spend represents a relatively lower proportion of sales revenue.,Continue monitoring successful campaigns and consider scaling effective activities.,65.11,Moderate,40,107804,12513,2.55,21,1,Digital Campaign,11.61,High Performing,"Marketing effectiveness is 65.1/100 (Moderate). Campaign ROI averages 2.55, with 11.61% engagement across 40 campaigns.",Continue the strongest campaign mix and scale spend only where ROI and engagement remain above the network benchmark.
OUT0120,38,875175.46,16770896.85,18004.0,21.4,19.16,5.22,Needs Improvement,Medium,Marketing efficiency is below the lower-performing outlet range. Conversion rate is within the middle range of outlet performance. Marketing spend represents a relatively lower proportion of sales revenue.,Review marketing campaigns and redirect spending toward better-performing activities.,52.12,Moderate,40,19148,1815,1.11,4,23,Digital Campaign,9.48,Needs Improvement,"Marketing effectiveness is 52.1/100 (Moderate). Campaign ROI averages 1.11, with 9.48% engagement across 40 campaigns.","Review low-ROI campaigns, narrow audience targeting, and move budget to campaign types with stronger conversion results."
OUT0121,38,1123228.66,21533526.06,13416.0,13.46,19.17,5.22,Needs Improvement,High,Marketing efficiency is below the lower-performing outlet range. Conversion rate is below the lower-performing outlet range. Marketing spend represents a relatively lower proportion of sales revenue.,"Review marketing campaigns and redirect spending toward better-performing activities. Improve campaign targeting, customer engagement, offers, and conversion-focused activities.",45.01,Moderate,40,22413,1427,1.24,8,25,Digital Campaign,6.37,Needs Improvement,"Marketing effectiveness is 45.0/100 (Moderate). Campaign ROI averages 1.24, with 6.37% engagement across 40 campaigns.","Review low-ROI campaigns, narrow audience targeting, and move budget to campaign types with stronger conversion results."
OUT0122,39,2112159.24,46354374.03,38859.0,22.34,21.95,4.56,Moderate,Low,Marketing efficiency is among the stronger outlet results. Conversion rate is within the middle range of outlet performance. Marketing spend represents a relatively lower proportion of sales revenue.,Continue monitoring successful campaigns and consider scaling effective activities.,59.97,Moderate,40,43386,4654,1.78,8,10,Digital Campaign,10.73,Moderate,"Marketing effectiveness is 60.0/100 (Moderate). Campaign ROI averages 1.78, with 10.73% engagement across 40 campaigns.",Continue the strongest campaign mix and scale spend only where ROI and engagement remain above the network benchmark.
OUT0123,40,3290587.17,63348015.74,49125.0,22.09,19.25,5.19,Needs Improvement,Medium,Marketing efficiency is below the lower-performing outlet range. Conversion rate is within the middle range of outlet performance. Marketing spend represents a relatively lower proportion of sales revenue.,Review marketing campaigns and redirect spending toward better-performing activities.,56.4,Moderate,40,59690,6643,1.78,7,4,Digital Campaign,11.13,Moderate,"Marketing effectiveness is 56.4/100 (Moderate). Campaign ROI averages 1.78, with 11.13% engagement across 40 campaigns.",Test campaign offers and targeting to improve conversion while protecting revenue per marketing rupee.
OUT0124,39,1213602.43,23426659.31,18861.0,14.25,19.3,5.18,Needs Improvement,Medium,Marketing efficiency is within the middle range of outlet performance. Conversion rate is below the lower-performing outlet range. Marketing spend represents a relatively lower proportion of sales revenue.,"Improve campaign targeting, customer engagement, offers, and conversion-focused activities.",46.51,Moderate,40,28808,1939,1.18,5,24,Digital Campaign,6.73,Needs Improvement,"Marketing effectiveness is 46.5/100 (Moderate). Campaign ROI averages 1.18, with 6.73% engagement across 40 campaigns.","Review low-ROI campaigns, narrow audience targeting, and move budget to campaign types with stronger conversion results."
OUT0125,37,1980879.16,33634737.99,29421.0,18.54,16.98,5.89,Needs Improvement,Medium,Marketing efficiency is below the lower-performing outlet range. Conversion rate is within the middle range of outlet performance. Marketing spend represents a relatively lower proportion of sales revenue.,Review marketing campaigns and redirect spending toward better-performing activities.,47.37,Moderate,40,40360,3765,1.18,4,25,Digital Campaign,9.33,Needs Improvement,"Marketing effectiveness is 47.4/100 (Moderate). Campaign ROI averages 1.18, with 9.33% engagement across 40 campaigns.","Review low-ROI campaigns, narrow audience targeting, and move budget to campaign types with stronger conversion results."
OUT0126,40,4500442.31,86078177.48,68981.0,19.5,19.13,5.23,Needs Improvement,Medium,Marketing efficiency is below the lower-performing outlet range. Conversion rate is within the middle range of outlet performance. Marketing spend represents a relatively lower proportion of sales revenue.,Review marketing campaigns and redirect spending toward better-performing activities.,56.31,Moderate,40,103091,10176,2.09,12,1,Digital Campaign,9.87,Moderate,"Marketing effectiveness is 56.3/100 (Moderate). Campaign ROI averages 2.09, with 9.87% engagement across 40 campaigns.",Test campaign offers and targeting to improve conversion while protecting revenue per marketing rupee.
OUT0127,38,6966110.78,134486048.93,88711.0,20.9,19.31,5.18,Moderate,Low,Marketing efficiency is within the middle range of outlet performance. Conversion rate is within the middle range of outlet performance. Marketing spend represents a relatively lower proportion of sales revenue.,Continue monitoring marketing performance and optimize campaigns using sales and conversion trends.,60.02,Moderate,40,138961,14433,2.42,16,3,Digital Campaign,10.39,High Performing,"Marketing effectiveness is 60.0/100 (Moderate). Campaign ROI averages 2.42, with 10.39% engagement across 40 campaigns.",Continue the strongest campaign mix and scale spend only where ROI and engagement remain above the network benchmark.
OUT0128,40,1600014.34,34862457.16,39064.0,12.92,21.79,4.59,Needs Improvement,Medium,Marketing efficiency is among the stronger outlet results. Conversion rate is below the lower-performing outlet range. Marketing spend represents a relatively lower proportion of sales revenue.,"Continue monitoring successful campaigns and consider scaling effective activities. Improve campaign targeting, customer engagement, offers, and conversion-focused activities.",51.91,Moderate,40,67502,4183,1.57,5,13,Digital Campaign,6.2,Moderate,"Marketing effectiveness is 51.9/100 (Moderate). Campaign ROI averages 1.57, with 6.20% engagement across 40 campaigns.",Test campaign offers and targeting to improve conversion while protecting revenue per marketing rupee.
OUT0129,40,11120548.53,236703859.15,169351.0,32.8,21.29,4.7,High Performing,Low,Marketing efficiency is among the stronger outlet results. Conversion rate is among the stronger outlet results. Marketing spend represents a relatively lower proportion of sales revenue.,Continue monitoring successful campaigns and consider scaling effective activities.,82.46,High Performing,40,164944,27056,2.91,20,0,Digital Campaign,16.4,High Performing,"Marketing effectiveness is 82.5/100 (High Performing). Campaign ROI averages 2.91, with 16.40% engagement across 40 campaigns.",Continue the strongest campaign mix and scale spend only where ROI and engagement remain above the network benchmark.
OUT0130,38,1167864.95,23782670.57,38470.0,29.6,20.36,4.91,Moderate,Low,Marketing efficiency is within the middle range of outlet performance. Conversion rate is among the stronger outlet results. Marketing spend represents a relatively lower proportion of sales revenue.,Continue monitoring marketing performance and optimize campaigns using sales and conversion trends.,63.29,Moderate,40,29048,4073,1.26,4,20,Digital Campaign,14.02,Needs Improvement,"Marketing effectiveness is 63.3/100 (Moderate). Campaign ROI averages 1.26, with 14.02% engagement across 40 campaigns.","Review low-ROI campaigns, narrow audience targeting, and move budget to campaign types with stronger conversion results."
OUT0131,39,1515881.42,29874470.45,26535.0,16.58,19.71,5.07,Needs Improvement,Medium,Marketing efficiency is within the middle range of outlet performance. Conversion rate is below the lower-performing outlet range. Marketing spend represents a relatively lower proportion of sales revenue.,"Improve campaign targeting, customer engagement, offers, and conversion-focused activities.",50.01,Moderate,40,36359,2960,1.39,7,20,Digital Campaign,8.14,Moderate,"Marketing effectiveness is 50.0/100 (Moderate). Campaign ROI averages 1.39, with 8.14% engagement across 40 campaigns.",Test campaign offers and targeting to improve conversion while protecting revenue per marketing rupee.
OUT0132,39,1901871.2,38026627.59,58286.0,20.42,19.99,5.0,Moderate,Low,Marketing efficiency is within the middle range of outlet performance. Conversion rate is within the middle range of outlet performance. Marketing spend represents a relatively lower proportion of sales revenue.,Continue monitoring marketing performance and optimize campaigns using sales and conversion trends.,57.31,Moderate,40,68306,6802,1.52,7,15,Digital Campaign,9.96,Moderate,"Marketing effectiveness is 57.3/100 (Moderate). Campaign ROI averages 1.52, with 9.96% engagement across 40 campaigns.",Continue the strongest campaign mix and scale spend only where ROI and engagement remain above the network benchmark.
OUT0133,39,1739901.71,38969416.41,22537.0,14.13,22.4,4.46,Needs Improvement,Medium,Marketing efficiency is among the stronger outlet results. Conversion rate is below the lower-performing outlet range. Marketing spend represents a relatively lower proportion of sales revenue.,"Continue monitoring successful campaigns and consider scaling effective activities. Improve campaign targeting, customer engagement, offers, and conversion-focused activities.",52.04,Moderate,40,37501,2567,1.71,8,12,Digital Campaign,6.85,Moderate,"Marketing effectiveness is 52.0/100 (Moderate). Campaign ROI averages 1.71, with 6.85% engagement across 40 campaigns.",Test campaign offers and targeting to improve conversion while protecting revenue per marketing rupee.
OUT0134,39,2564126.56,55972312.38,38051.0,31.77,21.83,4.58,High Performing,Low,Marketing efficiency is among the stronger outlet results. Conversion rate is among the stronger outlet results. Marketing spend represents a relatively lower proportion of sales revenue.,Continue monitoring successful campaigns and consider scaling effective activities.,67.52,Moderate,40,30616,4817,2.07,13,7,Digital Campaign,15.73,Moderate,"Marketing effectiveness is 67.5/100 (Moderate). Campaign ROI averages 2.07, with 15.73% engagement across 40 campaigns.",Continue the strongest campaign mix and scale spend only where ROI and engagement remain above the network benchmark.
OUT0135,40,1887082.55,37217038.84,22314.0,20.63,19.72,5.07,Moderate,Low,Marketing efficiency is within the middle range of outlet performance. Conversion rate is within the middle range of outlet performance. Marketing spend represents a relatively lower proportion of sales revenue.,Continue monitoring marketing performance and optimize campaigns using sales and conversion trends.,52.91,Moderate,40,25857,2498,1.4,4,17,Digital Campaign,9.66,Moderate,"Marketing effectiveness is 52.9/100 (Moderate). Campaign ROI averages 1.40, with 9.66% engagement across 40 campaigns.",Continue the strongest campaign mix and scale spend only where ROI and engagement remain above the network benchmark.
OUT0136,38,476586.4,9378698.72,19552.0,17.28,19.68,5.08,Needs Improvement,Medium,Marketing efficiency is within the middle range of outlet performance. Conversion rate is below the lower-performing outlet range. Marketing spend represents a relatively lower proportion of sales revenue.,"Improve campaign targeting, customer engagement, offers, and conversion-focused activities.",49.74,Moderate,40,23740,1969,1.03,4,25,Digital Campaign,8.29,Needs Improvement,"Marketing effectiveness is 49.7/100 (Moderate). Campaign ROI averages 1.03, with 8.29% engagement across 40 campaigns.","Review low-ROI campaigns, narrow audience targeting, and move budget to campaign types with stronger conversion results."
OUT0137,40,9185410.54,186311405.54,115326.0,28.87,20.28,4.93,Moderate,Low,Marketing efficiency is within the middle range of outlet performance. Conversion rate is among the stronger outlet results. Marketing spend represents a relatively lower proportion of sales revenue.,Continue monitoring marketing performance and optimize campaigns using sales and conversion trends.,71.33,Moderate,40,126407,18354,2.81,19,4,Digital Campaign,14.52,High Performing,"Marketing effectiveness is 71.3/100 (Moderate). Campaign ROI averages 2.81, with 14.52% engagement across 40 campaigns.",Continue the strongest campaign mix and scale spend only where ROI and engagement remain above the network benchmark.
OUT0138,40,2817663.56,58550176.58,61356.0,18.62,20.78,4.81,Moderate,Low,Marketing efficiency is among the stronger outlet results. Conversion rate is within the middle range of outlet performance. Marketing spend represents a relatively lower proportion of sales revenue.,Continue monitoring successful campaigns and consider scaling effective activities.,57.49,Moderate,40,84335,7846,1.88,10,6,Digital Campaign,9.3,Moderate,"Marketing effectiveness is 57.5/100 (Moderate). Campaign ROI averages 1.88, with 9.30% engagement across 40 campaigns.",Continue the strongest campaign mix and scale spend only where ROI and engagement remain above the network benchmark.
OUT0139,39,5440907.8,108738907.57,60966.0,14.01,19.99,5.0,Needs Improvement,Medium,Marketing efficiency is within the middle range of outlet performance. Conversion rate is below the lower-performing outlet range. Marketing spend represents a relatively lower proportion of sales revenue.,"Improve campaign targeting, customer engagement, offers, and conversion-focused activities.",52.28,Moderate,40,134431,9496,2.43,17,1,Digital Campaign,7.06,High Performing,"Marketing effectiveness is 52.3/100 (Moderate). Campaign ROI averages 2.43, with 7.06% engagement across 40 campaigns.",Test campaign offers and targeting to improve conversion while protecting revenue per marketing rupee.
OUT0140,40,6430498.53,126933817.51,95581.0,31.87,19.74,5.07,Moderate,Low,Marketing efficiency is within the middle range of outlet performance. Conversion rate is among the stronger outlet results. Marketing spend represents a relatively lower proportion of sales revenue.,Continue monitoring marketing performance and optimize campaigns using sales and conversion trends.,70.66,Moderate,40,92395,14771,2.43,16,1,Digital Campaign,15.99,High Performing,"Marketing effectiveness is 70.7/100 (Moderate). Campaign ROI averages 2.43, with 15.99% engagement across 40 campaigns.",Continue the strongest campaign mix and scale spend only where ROI and engagement remain above the network benchmark.
OUT0141,39,2381245.66,48092020.36,48892.0,20.86,20.2,4.95,Moderate,Low,Marketing efficiency is within the middle range of outlet performance. Conversion rate is within the middle range of outlet performance. Marketing spend represents a relatively lower proportion of sales revenue.,Continue monitoring marketing performance and optimize campaigns using sales and conversion trends.,56.94,Moderate,40,58986,6090,1.7,8,11,Digital Campaign,10.32,Moderate,"Marketing effectiveness is 56.9/100 (Moderate). Campaign ROI averages 1.70, with 10.32% engagement across 40 campaigns.",Continue the strongest campaign mix and scale spend only where ROI and engagement remain above the network benchmark.
OUT0142,40,1105274.2,21453050.46,22037.0,30.11,19.41,5.15,Moderate,Low,Marketing efficiency is within the middle range of outlet performance. Conversion rate is among the stronger outlet results. Marketing spend represents a relatively lower proportion of sales revenue.,Continue monitoring marketing performance and optimize campaigns using sales and conversion trends.,60.23,Moderate,40,15363,2175,1.19,6,26,Digital Campaign,14.16,Needs Improvement,"Marketing effectiveness is 60.2/100 (Moderate). Campaign ROI averages 1.19, with 14.16% engagement across 40 campaigns.","Review low-ROI campaigns, narrow audience targeting, and move budget to campaign types with stronger conversion results."
OUT0143,40,1723888.65,34620767.43,26775.0,20.42,20.08,4.98,Moderate,Low,Marketing efficiency is within the middle range of outlet performance. Conversion rate is within the middle range of outlet performance. Marketing spend represents a relatively lower proportion of sales revenue.,Continue monitoring marketing performance and optimize campaigns using sales and conversion trends.,53.85,Moderate,40,30578,2928,1.47,7,19,Digital Campaign,9.58,Moderate,"Marketing effectiveness is 53.9/100 (Moderate). Campaign ROI averages 1.47, with 9.58% engagement across 40 campaigns.",Continue the strongest campaign mix and scale spend only where ROI and engagement remain above the network benchmark.
OUT0144,39,921968.76,20192821.66,35762.0,22.75,21.9,4.57,Moderate,Low,Marketing efficiency is among the stronger outlet results. Conversion rate is within the middle range of outlet performance. Marketing spend represents a relatively lower proportion of sales revenue.,Continue monitoring successful campaigns and consider scaling effective activities.,59.88,Moderate,40,33119,3523,1.35,5,16,Digital Campaign,10.64,Needs Improvement,"Marketing effectiveness is 59.9/100 (Moderate). Campaign ROI averages 1.35, with 10.64% engagement across 40 campaigns.","Review low-ROI campaigns, narrow audience targeting, and move budget to campaign types with stronger conversion results."
OUT0145,36,1787167.72,33065848.88,27879.0,12.35,18.5,5.4,Needs Improvement,High,Marketing efficiency is below the lower-performing outlet range. Conversion rate is below the lower-performing outlet range. Marketing spend represents a relatively lower proportion of sales revenue.,"Review marketing campaigns and redirect spending toward better-performing activities. Improve campaign targeting, customer engagement, offers, and conversion-focused activities.",44.62,Moderate,40,58333,3511,1.25,4,24,Digital Campaign,6.02,Needs Improvement,"Marketing effectiveness is 44.6/100 (Moderate). Campaign ROI averages 1.25, with 6.02% engagement across 40 campaigns.","Review low-ROI campaigns, narrow audience targeting, and move budget to campaign types with stronger conversion results."
OUT0146,39,2015739.4,41162614.09,81635.0,26.46,20.42,4.9,Moderate,Low,Marketing efficiency is within the middle range of outlet performance. Conversion rate is within the middle range of outlet performance. Marketing spend represents a relatively lower proportion of sales revenue.,Continue monitoring marketing performance and optimize campaigns using sales and conversion trends.,65.71,Moderate,40,74698,9616,1.54,5,14,Digital Campaign,12.87,Moderate,"Marketing effectiveness is 65.7/100 (Moderate). Campaign ROI averages 1.54, with 12.87% engagement across 40 campaigns.",Continue the strongest campaign mix and scale spend only where ROI and engagement remain above the network benchmark.
OUT0147,38,2912202.45,56615634.27,37266.0,21.26,19.44,5.14,Moderate,Low,Marketing efficiency is within the middle range of outlet performance. Conversion rate is within the middle range of outlet performance. Marketing spend represents a relatively lower proportion of sales revenue.,Continue monitoring marketing performance and optimize campaigns using sales and conversion trends.,54.67,Moderate,40,48121,5128,1.78,7,5,Digital Campaign,10.66,Moderate,"Marketing effectiveness is 54.7/100 (Moderate). Campaign ROI averages 1.78, with 10.66% engagement across 40 campaigns.",Continue the strongest campaign mix and scale spend only where ROI and engagement remain above the network benchmark.
OUT0148,40,1596234.43,30320585.93,28061.0,17.98,19.0,5.26,Needs Improvement,Medium,Marketing efficiency is below the lower-performing outlet range. Conversion rate is within the middle range of outlet performance. Marketing spend represents a relatively lower proportion of sales revenue.,Review marketing campaigns and redirect spending toward better-performing activities.,50.14,Moderate,40,34877,3008,1.22,3,22,Digital Campaign,8.62,Needs Improvement,"Marketing effectiveness is 50.1/100 (Moderate). Campaign ROI averages 1.22, with 8.62% engagement across 40 campaigns.","Review low-ROI campaigns, narrow audience targeting, and move budget to campaign types with stronger conversion results."
OUT0149,38,4192427.49,87041316.9,91362.0,27.15,20.76,4.82,High Performing,Low,Marketing efficiency is among the stronger outlet results. Conversion rate is among the stronger outlet results. Marketing spend represents a relatively lower proportion of sales revenue.,Continue monitoring successful campaigns and consider scaling effective activities.,67.98,Moderate,40,101977,13892,2.4,15,2,Digital Campaign,13.62,High Performing,"Marketing effectiveness is 68.0/100 (Moderate). Campaign ROI averages 2.40, with 13.62% engagement across 40 campaigns.",Continue the strongest campaign mix and scale spend only where ROI and engagement remain above the network benchmark.
OUT0150,40,1391043.73,28398205.01,22105.0,14.26,20.42,4.9,Needs Improvement,Medium,Marketing efficiency is within the middle range of outlet performance. Conversion rate is below the lower-performing outlet range. Marketing spend represents a relatively lower proportion of sales revenue.,"Improve campaign targeting, customer engagement, offers, and conversion-focused activities.",48.77,Moderate,40,34229,2289,1.32,4,19,Digital Campaign,6.69,Needs Improvement,"Marketing effectiveness is 48.8/100 (Moderate). Campaign ROI averages 1.32, with 6.69% engagement across 40 campaigns.","Review low-ROI campaigns, narrow audience targeting, and move budget to campaign types with stronger conversion results."
OUT0151,39,4265773.74,86175155.55,49858.0,28.29,20.2,4.95,Moderate,Low,Marketing efficiency is within the middle range of outlet performance. Conversion rate is among the stronger outlet results. Marketing spend represents a relatively lower proportion of sales revenue.,Continue monitoring marketing performance and optimize campaigns using sales and conversion trends.,63.23,Moderate,40,52703,7445,2.23,16,1,Digital Campaign,14.13,Moderate,"Marketing effectiveness is 63.2/100 (Moderate). Campaign ROI averages 2.23, with 14.13% engagement across 40 campaigns.",Continue the strongest campaign mix and scale spend only where ROI and engagement remain above the network benchmark.
OUT0152,38,1413335.73,28755000.49,54136.0,20.04,20.35,4.92,Moderate,Low,Marketing efficiency is within the middle range of outlet performance. Conversion rate is within the middle range of outlet performance. Marketing spend represents a relatively lower proportion of sales revenue.,Continue monitoring marketing performance and optimize campaigns using sales and conversion trends.,57.11,Moderate,40,62703,6011,1.33,4,21,Digital Campaign,9.59,Needs Improvement,"Marketing effectiveness is 57.1/100 (Moderate). Campaign ROI averages 1.33, with 9.59% engagement across 40 campaigns.","Review low-ROI campaigns, narrow audience targeting, and move budget to campaign types with stronger conversion results."
OUT0153,40,5345933.17,102746534.07,64964.0,27.77,19.22,5.2,Needs Improvement,Medium,Marketing efficiency is below the lower-performing outlet range. Conversion rate is among the stronger outlet results. Marketing spend represents a relatively lower proportion of sales revenue.,Review marketing campaigns and redirect spending toward better-performing activities.,62.87,Moderate,40,69777,9720,2.23,15,1,Digital Campaign,13.93,Moderate,"Marketing effectiveness is 62.9/100 (Moderate). Campaign ROI averages 2.23, with 13.93% engagement across 40 campaigns.",Test campaign offers and targeting to improve conversion while protecting revenue per marketing rupee.
OUT0154,37,2207974.09,47361448.1,30084.0,18.22,21.45,4.66,Moderate,Low,Marketing efficiency is among the stronger outlet results. Conversion rate is within the middle range of outlet performance. Marketing spend represents a relatively lower proportion of sales revenue.,Continue monitoring successful campaigns and consider scaling effective activities.,54.71,Moderate,40,43646,3915,1.86,10,11,Digital Campaign,8.97,Moderate,"Marketing effectiveness is 54.7/100 (Moderate). Campaign ROI averages 1.86, with 8.97% engagement across 40 campaigns.",Continue the strongest campaign mix and scale spend only where ROI and engagement remain above the network benchmark.
OUT0155,40,2493787.63,55163992.06,86658.0,19.58,22.12,4.52,Moderate,Low,Marketing efficiency is among the stronger outlet results. Conversion rate is within the middle range of outlet performance. Marketing spend represents a relatively lower proportion of sales revenue.,Continue monitoring successful campaigns and consider scaling effective activities.,63.44,Moderate,40,109376,10591,2.08,14,4,Digital Campaign,9.68,Moderate,"Marketing effectiveness is 63.4/100 (Moderate). Campaign ROI averages 2.08, with 9.68% engagement across 40 campaigns.",Continue the strongest campaign mix and scale spend only where ROI and engagement remain above the network benchmark.
OUT0156,37,3693855.75,65470139.05,49816.0,23.59,17.72,5.64,Needs Improvement,Medium,Marketing efficiency is below the lower-performing outlet range. Conversion rate is within the middle range of outlet performance. Marketing spend represents a relatively lower proportion of sales revenue.,Review marketing campaigns and redirect spending toward better-performing activities.,55.15,Moderate,40,64825,7719,1.74,2,1,Digital Campaign,11.91,Moderate,"Marketing effectiveness is 55.1/100 (Moderate). Campaign ROI averages 1.74, with 11.91% engagement across 40 campaigns.",Test campaign offers and targeting to improve conversion while protecting revenue per marketing rupee.
OUT0157,39,2649064.73,56586212.19,63642.0,34.45,21.36,4.68,High Performing,Low,Marketing efficiency is among the stronger outlet results. Conversion rate is among the stronger outlet results. Marketing spend represents a relatively lower proportion of sales revenue.,Continue monitoring successful campaigns and consider scaling effective activities.,71.88,Moderate,40,47997,8233,1.89,11,0,Digital Campaign,17.15,Moderate,"Marketing effectiveness is 71.9/100 (Moderate). Campaign ROI averages 1.89, with 17.15% engagement across 40 campaigns.",Continue the strongest campaign mix and scale spend only where ROI and engagement remain above the network benchmark.
OUT0158,40,8217442.4,177855605.66,133794.0,26.77,21.64,4.62,High Performing,Low,Marketing efficiency is among the stronger outlet results. Conversion rate is among the stronger outlet results. Marketing spend represents a relatively lower proportion of sales revenue.,Continue monitoring successful campaigns and consider scaling effective activities.,73.99,Moderate,40,156784,21080,2.98,20,2,Digital Campaign,13.45,High Performing,"Marketing effectiveness is 74.0/100 (Moderate). Campaign ROI averages 2.98, with 13.45% engagement across 40 campaigns.",Continue the strongest campaign mix and scale spend only where ROI and engagement remain above the network benchmark.
OUT0159,40,2119799.54,42851542.18,45058.0,16.66,20.21,4.95,Needs Improvement,Medium,Marketing efficiency is within the middle range of outlet performance. Conversion rate is below the lower-performing outlet range. Marketing spend represents a relatively lower proportion of sales revenue.,"Improve campaign targeting, customer engagement, offers, and conversion-focused activities.",53.05,Moderate,40,64209,5241,1.62,7,11,Digital Campaign,8.16,Moderate,"Marketing effectiveness is 53.0/100 (Moderate). Campaign ROI averages 1.62, with 8.16% engagement across 40 campaigns.",Test campaign offers and targeting to improve conversion while protecting revenue per marketing rupee.
OUT0160,39,3517676.2,74918842.99,51027.0,20.05,21.3,4.7,Moderate,Low,Marketing efficiency is among the stronger outlet results. Conversion rate is within the middle range of outlet performance. Marketing spend represents a relatively lower proportion of sales revenue.,Continue monitoring successful campaigns and consider scaling effective activities.,58.37,Moderate,40,71467,7152,2.34,18,1,Digital Campaign,10.01,High Performing,"Marketing effectiveness is 58.4/100 (Moderate). Campaign ROI averages 2.34, with 10.01% engagement across 40 campaigns.",Continue the strongest campaign mix and scale spend only where ROI and engagement remain above the network benchmark.
OUT0161,40,3130837.66,58289721.13,35980.0,17.49,18.62,5.37,Needs Improvement,High,Marketing efficiency is below the lower-performing outlet range. Conversion rate is below the lower-performing outlet range. Marketing spend represents a relatively lower proportion of sales revenue.,"Review marketing campaigns and redirect spending toward better-performing activities. Improve campaign targeting, customer engagement, offers, and conversion-focused activities.",50.01,Moderate,40,54488,4796,1.65,6,5,Digital Campaign,8.8,Moderate,"Marketing effectiveness is 50.0/100 (Moderate). Campaign ROI averages 1.65, with 8.80% engagement across 40 campaigns.",Continue the strongest campaign mix and scale spend only where ROI and engagement remain above the network benchmark.
OUT0162,40,1018055.15,18729811.86,24470.0,14.76,18.4,5.44,Needs Improvement,High,Marketing efficiency is below the lower-performing outlet range. Conversion rate is below the lower-performing outlet range. Marketing spend represents a relatively lower proportion of sales revenue.,"Review marketing campaigns and redirect spending toward better-performing activities. Improve campaign targeting, customer engagement, offers, and conversion-focused activities.",46.05,Moderate,40,34399,2383,1.0,2,27,Digital Campaign,6.93,Needs Improvement,"Marketing effectiveness is 46.0/100 (Moderate). Campaign ROI averages 1.00, with 6.93% engagement across 40 campaigns.","Review low-ROI campaigns, narrow audience targeting, and move budget to campaign types with stronger conversion results."
OUT0163,39,2588442.61,49386543.87,51184.0,21.27,19.08,5.24,Needs Improvement,Medium,Marketing efficiency is below the lower-performing outlet range. Conversion rate is within the middle range of outlet performance. Marketing spend represents a relatively lower proportion of sales revenue.,Review marketing campaigns and redirect spending toward better-performing activities.,55.66,Moderate,40,61980,6531,1.54,3,9,Digital Campaign,10.54,Moderate,"Marketing effectiveness is 55.7/100 (Moderate). Campaign ROI averages 1.54, with 10.54% engagement across 40 campaigns.",Test campaign offers and targeting to improve conversion while protecting revenue per marketing rupee.
OUT0164,40,1501982.36,30207657.73,40704.0,13.79,20.11,4.97,Needs Improvement,Medium,Marketing efficiency is within the middle range of outlet performance. Conversion rate is below the lower-performing outlet range. Marketing spend represents a relatively lower proportion of sales revenue.,"Improve campaign targeting, customer engagement, offers, and conversion-focused activities.",49.99,Moderate,40,64933,4299,1.4,6,20,Digital Campaign,6.62,Moderate,"Marketing effectiveness is 50.0/100 (Moderate). Campaign ROI averages 1.40, with 6.62% engagement across 40 campaigns.",Test campaign offers and targeting to improve conversion while protecting revenue per marketing rupee.
OUT0165,40,5144840.94,99693497.85,102965.0,21.69,19.38,5.16,Moderate,Low,Marketing efficiency is within the middle range of outlet performance. Conversion rate is within the middle range of outlet performance. Marketing spend represents a relatively lower proportion of sales revenue.,Continue monitoring marketing performance and optimize campaigns using sales and conversion trends.,62.43,Moderate,40,141417,15456,2.19,18,1,Digital Campaign,10.93,Moderate,"Marketing effectiveness is 62.4/100 (Moderate). Campaign ROI averages 2.19, with 10.93% engagement across 40 campaigns.",Continue the strongest campaign mix and scale spend only where ROI and engagement remain above the network benchmark.
OUT0166,38,5630389.39,108586776.44,75338.0,20.81,19.29,5.19,Needs Improvement,Medium,Marketing efficiency is below the lower-performing outlet range. Conversion rate is within the middle range of outlet performance. Marketing spend represents a relatively lower proportion of sales revenue.,Review marketing campaigns and redirect spending toward better-performing activities.,58.39,Moderate,40,113798,12049,2.39,18,2,Digital Campaign,10.59,High Performing,"Marketing effectiveness is 58.4/100 (Moderate). Campaign ROI averages 2.39, with 10.59% engagement across 40 campaigns.",Test campaign offers and targeting to improve conversion while protecting revenue per marketing rupee.
OUT0167,38,3994784.62,71392451.88,50447.0,26.02,17.87,5.6,Needs Improvement,Medium,Marketing efficiency is below the lower-performing outlet range. Conversion rate is within the middle range of outlet performance. Marketing spend represents a relatively lower proportion of sales revenue.,Review marketing campaigns and redirect spending toward better-performing activities.,57.49,Moderate,40,58264,7651,1.88,8,3,Digital Campaign,13.13,Moderate,"Marketing effectiveness is 57.5/100 (Moderate). Campaign ROI averages 1.88, with 13.13% engagement across 40 campaigns.",Test campaign offers and targeting to improve conversion while protecting revenue per marketing rupee.
OUT0168,40,1067842.27,21275840.25,44592.0,24.39,19.92,5.02,Moderate,Low,Marketing efficiency is within the middle range of outlet performance. Conversion rate is within the middle range of outlet performance. Marketing spend represents a relatively lower proportion of sales revenue.,Continue monitoring marketing performance and optimize campaigns using sales and conversion trends.,58.92,Moderate,40,38187,4373,1.13,2,24,Digital Campaign,11.45,Needs Improvement,"Marketing effectiveness is 58.9/100 (Moderate). Campaign ROI averages 1.13, with 11.45% engagement across 40 campaigns.","Review low-ROI campaigns, narrow audience targeting, and move budget to campaign types with stronger conversion results."
OUT0169,40,2343131.71,47070518.02,47412.0,22.55,20.09,4.98,Moderate,Low,Marketing efficiency is within the middle range of outlet performance. Conversion rate is within the middle range of outlet performance. Marketing spend represents a relatively lower proportion of sales revenue.,Continue monitoring marketing performance and optimize campaigns using sales and conversion trends.,57.99,Moderate,40,51484,5669,1.62,5,13,Digital Campaign,11.01,Moderate,"Marketing effectiveness is 58.0/100 (Moderate). Campaign ROI averages 1.62, with 11.01% engagement across 40 campaigns.",Continue the strongest campaign mix and scale spend only where ROI and engagement remain above the network benchmark.
OUT0170,40,1616878.99,29899597.43,39518.0,18.83,18.49,5.41,Needs Improvement,Medium,Marketing efficiency is below the lower-performing outlet range. Conversion rate is within the middle range of outlet performance. Marketing spend represents a relatively lower proportion of sales revenue.,Review marketing campaigns and redirect spending toward better-performing activities.,51.31,Moderate,40,46992,4249,1.21,5,24,Digital Campaign,9.04,Needs Improvement,"Marketing effectiveness is 51.3/100 (Moderate). Campaign ROI averages 1.21, with 9.04% engagement across 40 campaigns.","Review low-ROI campaigns, narrow audience targeting, and move budget to campaign types with stronger conversion results."
OUT0171,39,5459027.97,115247587.52,116992.0,27.72,21.11,4.74,High Performing,Low,Marketing efficiency is among the stronger outlet results. Conversion rate is among the stronger outlet results. Marketing spend represents a relatively lower proportion of sales revenue.,Continue monitoring successful campaigns and consider scaling effective activities.,71.97,Moderate,40,129301,18031,2.7,22,0,Digital Campaign,13.94,High Performing,"Marketing effectiveness is 72.0/100 (Moderate). Campaign ROI averages 2.70, with 13.94% engagement across 40 campaigns.",Continue the strongest campaign mix and scale spend only where ROI and engagement remain above the network benchmark.
OUT0172,40,2244488.21,43204216.98,31348.0,14.29,19.25,5.2,Needs Improvement,High,Marketing efficiency is below the lower-performing outlet range. Conversion rate is below the lower-performing outlet range. Marketing spend represents a relatively lower proportion of sales revenue.,"Review marketing campaigns and redirect spending toward better-performing activities. Improve campaign targeting, customer engagement, offers, and conversion-focused activities.",47.88,Moderate,40,53072,3715,1.49,5,15,Digital Campaign,7.0,Moderate,"Marketing effectiveness is 47.9/100 (Moderate). Campaign ROI averages 1.49, with 7.00% engagement across 40 campaigns.",Continue the strongest campaign mix and scale spend only where ROI and engagement remain above the network benchmark.
OUT0173,37,1960617.82,38380216.5,26188.0,14.64,19.58,5.11,Needs Improvement,Medium,Marketing efficiency is within the middle range of outlet performance. Conversion rate is below the lower-performing outlet range. Marketing spend represents a relatively lower proportion of sales revenue.,"Improve campaign targeting, customer engagement, offers, and conversion-focused activities.",48.14,Moderate,40,46563,3356,1.43,5,17,Digital Campaign,7.21,Moderate,"Marketing effectiveness is 48.1/100 (Moderate). Campaign ROI averages 1.43, with 7.21% engagement across 40 campaigns.",Test campaign offers and targeting to improve conversion while protecting revenue per marketing rupee.
OUT0174,40,2197998.63,42033919.8,74743.0,21.02,19.12,5.23,Needs Improvement,Medium,Marketing efficiency is below the lower-performing outlet range. Conversion rate is within the middle range of outlet performance. Marketing spend represents a relatively lower proportion of sales revenue.,Review marketing campaigns and redirect spending toward better-performing activities.,58.22,Moderate,40,84077,8753,1.42,3,16,Digital Campaign,10.41,Moderate,"Marketing effectiveness is 58.2/100 (Moderate). Campaign ROI averages 1.42, with 10.41% engagement across 40 campaigns.",Test campaign offers and targeting to improve conversion while protecting revenue per marketing rupee.
OUT0175,40,4704837.9,103271994.74,216987.0,34.32,21.95,4.56,High Performing,Low,Marketing efficiency is among the stronger outlet results. Conversion rate is among the stronger outlet results. Marketing spend represents a relatively lower proportion of sales revenue.,Continue monitoring successful campaigns and consider scaling effective activities.,90.3,High Performing,40,185067,32097,2.57,25,0,Digital Campaign,17.34,High Performing,"Marketing effectiveness is 90.3/100 (High Performing). Campaign ROI averages 2.57, with 17.34% engagement across 40 campaigns.",Continue the strongest campaign mix and scale spend only where ROI and engagement remain above the network benchmark.
OUT0176,37,2676099.08,54040957.03,33342.0,14.37,20.19,4.95,Needs Improvement,Medium,Marketing efficiency is within the middle range of outlet performance. Conversion rate is below the lower-performing outlet range. Marketing spend represents a relatively lower proportion of sales revenue.,"Improve campaign targeting, customer engagement, offers, and conversion-focused activities.",49.77,Moderate,40,64843,4666,1.74,4,4,Digital Campaign,7.2,Moderate,"Marketing effectiveness is 49.8/100 (Moderate). Campaign ROI averages 1.74, with 7.20% engagement across 40 campaigns.",Test campaign offers and targeting to improve conversion while protecting revenue per marketing rupee.
OUT0177,39,5363961.77,108328757.38,73694.0,22.63,20.2,4.95,Moderate,Low,Marketing efficiency is within the middle range of outlet performance. Conversion rate is within the middle range of outlet performance. Marketing spend represents a relatively lower proportion of sales revenue.,Continue monitoring marketing performance and optimize campaigns using sales and conversion trends.,61.25,Moderate,40,100891,11487,2.38,16,1,Digital Campaign,11.39,High Performing,"Marketing effectiveness is 61.2/100 (Moderate). Campaign ROI averages 2.38, with 11.39% engagement across 40 campaigns.",Continue the strongest campaign mix and scale spend only where ROI and engagement remain above the network benchmark.
OUT0178,40,5670612.9,118164568.54,106759.0,23.81,20.84,4.8,Moderate,Low,Marketing efficiency is among the stronger outlet results. Conversion rate is within the middle range of outlet performance. Marketing spend represents a relatively lower proportion of sales revenue.,Continue monitoring successful campaigns and consider scaling effective activities.,67.09,Moderate,40,136628,16443,2.5,22,2,Digital Campaign,12.03,High Performing,"Marketing effectiveness is 67.1/100 (Moderate). Campaign ROI averages 2.50, with 12.03% engagement across 40 campaigns.",Continue the strongest campaign mix and scale spend only where ROI and engagement remain above the network benchmark.
OUT0179,39,7774955.35,148389322.05,86436.0,24.03,19.09,5.24,Needs Improvement,Medium,Marketing efficiency is below the lower-performing outlet range. Conversion rate is within the middle range of outlet performance. Marketing spend represents a relatively lower proportion of sales revenue.,Review marketing campaigns and redirect spending toward better-performing activities.,62.0,Moderate,40,116675,13902,2.38,18,3,Digital Campaign,11.92,High Performing,"Marketing effectiveness is 62.0/100 (Moderate). Campaign ROI averages 2.38, with 11.92% engagement across 40 campaigns.",Test campaign offers and targeting to improve conversion while protecting revenue per marketing rupee.
OUT0180,39,2214309.1,44061902.26,31715.0,24.83,19.9,5.03,Moderate,Low,Marketing efficiency is within the middle range of outlet performance. Conversion rate is within the middle range of outlet performance. Marketing spend represents a relatively lower proportion of sales revenue.,Continue monitoring marketing performance and optimize campaigns using sales and conversion trends.,57.78,Moderate,40,31608,3898,1.64,8,13,Digital Campaign,12.33,Moderate,"Marketing effectiveness is 57.8/100 (Moderate). Campaign ROI averages 1.64, with 12.33% engagement across 40 campaigns.",Continue the strongest campaign mix and scale spend only where ROI and engagement remain above the network benchmark.
OUT0181,38,4399928.61,85707847.68,94104.0,20.19,19.48,5.13,Moderate,Low,Marketing efficiency is within the middle range of outlet performance. Conversion rate is within the middle range of outlet performance. Marketing spend represents a relatively lower proportion of sales revenue.,Continue monitoring marketing performance and optimize campaigns using sales and conversion trends.,60.35,Moderate,40,141467,14571,2.19,14,1,Digital Campaign,10.3,Moderate,"Marketing effectiveness is 60.4/100 (Moderate). Campaign ROI averages 2.19, with 10.30% engagement across 40 campaigns.",Continue the strongest campaign mix and scale spend only where ROI and engagement remain above the network benchmark.
OUT0182,39,3934186.91,74434017.38,50761.0,16.77,18.92,5.29,Needs Improvement,High,Marketing efficiency is below the lower-performing outlet range. Conversion rate is below the lower-performing outlet range. Marketing spend represents a relatively lower proportion of sales revenue.,"Review marketing campaigns and redirect spending toward better-performing activities. Improve campaign targeting, customer engagement, offers, and conversion-focused activities.",51.61,Moderate,40,87403,7428,1.99,8,4,Digital Campaign,8.5,Moderate,"Marketing effectiveness is 51.6/100 (Moderate). Campaign ROI averages 1.99, with 8.50% engagement across 40 campaigns.",Continue the strongest campaign mix and scale spend only where ROI and engagement remain above the network benchmark.
OUT0183,39,2585598.2,53378922.32,50397.0,24.78,20.64,4.84,Moderate,Low,Marketing efficiency is within the middle range of outlet performance. Conversion rate is within the middle range of outlet performance. Marketing spend represents a relatively lower proportion of sales revenue.,Continue monitoring marketing performance and optimize campaigns using sales and conversion trends.,61.12,Moderate,40,52593,6475,1.86,9,7,Digital Campaign,12.31,Moderate,"Marketing effectiveness is 61.1/100 (Moderate). Campaign ROI averages 1.86, with 12.31% engagement across 40 campaigns.",Continue the strongest campaign mix and scale spend only where ROI and engagement remain above the network benchmark.
OUT0184,40,285511.69,6226955.32,8240.0,9.93,21.81,4.59,Needs Improvement,Medium,Marketing efficiency is among the stronger outlet results. Conversion rate is below the lower-performing outlet range. Marketing spend represents a relatively lower proportion of sales revenue.,"Continue monitoring successful campaigns and consider scaling effective activities. Improve campaign targeting, customer engagement, offers, and conversion-focused activities.",45.93,Moderate,40,15594,701,1.16,3,18,Digital Campaign,4.5,Needs Improvement,"Marketing effectiveness is 45.9/100 (Moderate). Campaign ROI averages 1.16, with 4.50% engagement across 40 campaigns.","Review low-ROI campaigns, narrow audience targeting, and move budget to campaign types with stronger conversion results."
OUT0185,39,2386511.81,51058726.3,38215.0,22.88,21.39,4.67,Moderate,Low,Marketing efficiency is among the stronger outlet results. Conversion rate is within the middle range of outlet performance. Marketing spend represents a relatively lower proportion of sales revenue.,Continue monitoring successful campaigns and consider scaling effective activities.,59.42,Moderate,40,42669,4749,1.91,14,7,Digital Campaign,11.13,Moderate,"Marketing effectiveness is 59.4/100 (Moderate). Campaign ROI averages 1.91, with 11.13% engagement across 40 campaigns.",Continue the strongest campaign mix and scale spend only where ROI and engagement remain above the network benchmark.
OUT0186,38,1628438.84,31865633.62,24640.0,18.27,19.57,5.11,Moderate,Low,Marketing efficiency is within the middle range of outlet performance. Conversion rate is within the middle range of outlet performance. Marketing spend represents a relatively lower proportion of sales revenue.,Continue monitoring marketing performance and optimize campaigns using sales and conversion trends.,50.96,Moderate,40,32088,2829,1.33,5,19,Digital Campaign,8.82,Needs Improvement,"Marketing effectiveness is 51.0/100 (Moderate). Campaign ROI averages 1.33, with 8.82% engagement across 40 campaigns.","Review low-ROI campaigns, narrow audience targeting, and move budget to campaign types with stronger conversion results."
OUT0187,39,1820460.22,37006628.32,45084.0,12.34,20.33,4.92,Needs Improvement,Medium,Marketing efficiency is within the middle range of outlet performance. Conversion rate is below the lower-performing outlet range. Marketing spend represents a relatively lower proportion of sales revenue.,"Improve campaign targeting, customer engagement, offers, and conversion-focused activities.",49.65,Moderate,40,86176,5186,1.55,6,16,Digital Campaign,6.02,Moderate,"Marketing effectiveness is 49.6/100 (Moderate). Campaign ROI averages 1.55, with 6.02% engagement across 40 campaigns.",Test campaign offers and targeting to improve conversion while protecting revenue per marketing rupee.
OUT0188,40,1394790.59,25523681.4,19715.0,18.14,18.3,5.46,Needs Improvement,Medium,Marketing efficiency is below the lower-performing outlet range. Conversion rate is within the middle range of outlet performance. Marketing spend represents a relatively lower proportion of sales revenue.,Review marketing campaigns and redirect spending toward better-performing activities.,48.15,Moderate,40,23713,2044,1.12,4,27,Digital Campaign,8.62,Needs Improvement,"Marketing effectiveness is 48.1/100 (Moderate). Campaign ROI averages 1.12, with 8.62% engagement across 40 campaigns.","Review low-ROI campaigns, narrow audience targeting, and move budget to campaign types with stronger conversion results."
OUT0189,38,474768.85,10010386.95,12426.0,17.02,21.08,4.74,Needs Improvement,Medium,Marketing efficiency is among the stronger outlet results. Conversion rate is below the lower-performing outlet range. Marketing spend represents a relatively lower proportion of sales revenue.,"Continue monitoring successful campaigns and consider scaling effective activities. Improve campaign targeting, customer engagement, offers, and conversion-focused activities.",51.08,Moderate,40,15041,1256,1.08,3,25,Digital Campaign,8.35,Needs Improvement,"Marketing effectiveness is 51.1/100 (Moderate). Campaign ROI averages 1.08, with 8.35% engagement across 40 campaigns.","Review low-ROI campaigns, narrow audience targeting, and move budget to campaign types with stronger conversion results."
OUT0190,37,3194714.8,63221012.44,43765.0,27.7,19.79,5.05,Moderate,Low,Marketing efficiency is within the middle range of outlet performance. Conversion rate is among the stronger outlet results. Marketing spend represents a relatively lower proportion of sales revenue.,Continue monitoring marketing performance and optimize campaigns using sales and conversion trends.,61.35,Moderate,40,47335,6500,1.94,10,3,Digital Campaign,13.73,Moderate,"Marketing effectiveness is 61.4/100 (Moderate). Campaign ROI averages 1.94, with 13.73% engagement across 40 campaigns.",Continue the strongest campaign mix and scale spend only where ROI and engagement remain above the network benchmark.
OUT0191,40,848823.07,17695119.38,24596.0,8.64,20.85,4.8,Needs Improvement,Medium,Marketing efficiency is among the stronger outlet results. Conversion rate is below the lower-performing outlet range. Marketing spend represents a relatively lower proportion of sales revenue.,"Continue monitoring successful campaigns and consider scaling effective activities. Improve campaign targeting, customer engagement, offers, and conversion-focused activities.",45.11,Moderate,40,57812,2319,1.19,3,22,Digital Campaign,4.01,Needs Improvement,"Marketing effectiveness is 45.1/100 (Moderate). Campaign ROI averages 1.19, with 4.01% engagement across 40 campaigns.","Review low-ROI campaigns, narrow audience targeting, and move budget to campaign types with stronger conversion results."
OUT0192,40,8562543.75,171677541.15,182679.0,33.08,20.05,4.99,Moderate,Low,Marketing efficiency is within the middle range of outlet performance. Conversion rate is among the stronger outlet results. Marketing spend represents a relatively lower proportion of sales revenue.,Continue monitoring marketing performance and optimize campaigns using sales and conversion trends.,82.14,High Performing,40,174323,28910,2.63,20,2,Digital Campaign,16.58,High Performing,"Marketing effectiveness is 82.1/100 (High Performing). Campaign ROI averages 2.63, with 16.58% engagement across 40 campaigns.",Continue the strongest campaign mix and scale spend only where ROI and engagement remain above the network benchmark.
OUT0193,39,2462902.29,51237031.26,56046.0,17.19,20.8,4.81,Needs Improvement,Medium,Marketing efficiency is among the stronger outlet results. Conversion rate is below the lower-performing outlet range. Marketing spend represents a relatively lower proportion of sales revenue.,"Continue monitoring successful campaigns and consider scaling effective activities. Improve campaign targeting, customer engagement, offers, and conversion-focused activities.",55.73,Moderate,40,82413,7051,1.81,9,7,Digital Campaign,8.56,Moderate,"Marketing effectiveness is 55.7/100 (Moderate). Campaign ROI averages 1.81, with 8.56% engagement across 40 campaigns.",Test campaign offers and targeting to improve conversion while protecting revenue per marketing rupee.
OUT0194,39,6388015.02,114382144.92,65912.0,27.35,17.91,5.58,Needs Improvement,Medium,Marketing efficiency is below the lower-performing outlet range. Conversion rate is among the stronger outlet results. Marketing spend represents a relatively lower proportion of sales revenue.,Review marketing campaigns and redirect spending toward better-performing activities.,60.42,Moderate,40,77301,10566,2.13,9,3,Digital Campaign,13.67,Moderate,"Marketing effectiveness is 60.4/100 (Moderate). Campaign ROI averages 2.13, with 13.67% engagement across 40 campaigns.",Test campaign offers and targeting to improve conversion while protecting revenue per marketing rupee.
OUT0195,40,5114813.86,102872733.11,119440.0,23.0,20.11,4.97,Moderate,Low,Marketing efficiency is within the middle range of outlet performance. Conversion rate is within the middle range of outlet performance. Marketing spend represents a relatively lower proportion of sales revenue.,Continue monitoring marketing performance and optimize campaigns using sales and conversion trends.,66.65,Moderate,40,154620,18151,2.29,16,2,Digital Campaign,11.74,High Performing,"Marketing effectiveness is 66.7/100 (Moderate). Campaign ROI averages 2.29, with 11.74% engagement across 40 campaigns.",Continue the strongest campaign mix and scale spend only where ROI and engagement remain above the network benchmark.
OUT0196,39,4353696.4,83904820.74,123859.0,30.68,19.27,5.19,Needs Improvement,Medium,Marketing efficiency is below the lower-performing outlet range. Conversion rate is among the stronger outlet results. Marketing spend represents a relatively lower proportion of sales revenue.,Review marketing campaigns and redirect spending toward better-performing activities.,72.11,Moderate,40,121486,18819,2.06,11,3,Digital Campaign,15.49,Moderate,"Marketing effectiveness is 72.1/100 (Moderate). Campaign ROI averages 2.06, with 15.49% engagement across 40 campaigns.",Test campaign offers and targeting to improve conversion while protecting revenue per marketing rupee.
OUT0197,40,4207185.25,85899587.31,51918.0,16.98,20.42,4.9,Needs Improvement,Medium,Marketing efficiency is within the middle range of outlet performance. Conversion rate is below the lower-performing outlet range. Marketing spend represents a relatively lower proportion of sales revenue.,"Improve campaign targeting, customer engagement, offers, and conversion-focused activities.",54.44,Moderate,40,86806,7394,2.3,16,4,Digital Campaign,8.52,High Performing,"Marketing effectiveness is 54.4/100 (Moderate). Campaign ROI averages 2.30, with 8.52% engagement across 40 campaigns.",Test campaign offers and targeting to improve conversion while protecting revenue per marketing rupee.
OUT0198,39,4158496.22,88555865.89,65175.0,20.0,21.3,4.7,Moderate,Low,Marketing efficiency is among the stronger outlet results. Conversion rate is within the middle range of outlet performance. Marketing spend represents a relatively lower proportion of sales revenue.,Continue monitoring successful campaigns and consider scaling effective activities.,59.94,Moderate,40,96810,9731,2.31,17,0,Digital Campaign,10.05,High Performing,"Marketing effectiveness is 59.9/100 (Moderate). Campaign ROI averages 2.31, with 10.05% engagement across 40 campaigns.",Continue the strongest campaign mix and scale spend only where ROI and engagement remain above the network benchmark.
OUT0199,39,5580861.56,118398423.88,65599.0,19.54,21.22,4.71,Moderate,Low,Marketing efficiency is among the stronger outlet results. Conversion rate is within the middle range of outlet performance. Marketing spend represents a relatively lower proportion of sales revenue.,Continue monitoring successful campaigns and consider scaling effective activities.,59.47,Moderate,40,104276,10286,2.6,21,1,Digital Campaign,9.86,High Performing,"Marketing effectiveness is 59.5/100 (Moderate). Campaign ROI averages 2.60, with 9.86% engagement across 40 campaigns.",Continue the strongest campaign mix and scale spend only where ROI and engagement remain above the network benchmark.
OUT0200,40,1176938.75,22369604.98,43283.0,24.34,19.01,5.26,Needs Improvement,Medium,Marketing efficiency is below the lower-performing outlet range. Conversion rate is within the middle range of outlet performance. Marketing spend represents a relatively lower proportion of sales revenue.,Review marketing campaigns and redirect spending toward better-performing activities.,57.18,Moderate,40,37646,4327,1.11,4,25,Digital Campaign,11.49,Needs Improvement,"Marketing effectiveness is 57.2/100 (Moderate). Campaign ROI averages 1.11, with 11.49% engagement across 40 campaigns.","Review low-ROI campaigns, narrow audience targeting, and move budget to campaign types with stronger conversion results."
OUT0201,38,691919.99,16427647.9,14324.0,11.82,23.74,4.21,Needs Improvement,Medium,Marketing efficiency is among the stronger outlet results. Conversion rate is below the lower-performing outlet range. Marketing spend represents a relatively lower proportion of sales revenue.,"Continue monitoring successful campaigns and consider scaling effective activities. Improve campaign targeting, customer engagement, offers, and conversion-focused activities.",51.46,Moderate,40,26253,1410,1.42,8,16,Digital Campaign,5.37,Moderate,"Marketing effectiveness is 51.5/100 (Moderate). Campaign ROI averages 1.42, with 5.37% engagement across 40 campaigns.",Test campaign offers and targeting to improve conversion while protecting revenue per marketing rupee.
OUT0202,38,3078082.93,62426878.33,60614.0,36.16,20.28,4.93,Moderate,Low,Marketing efficiency is within the middle range of outlet performance. Conversion rate is among the stronger outlet results. Marketing spend represents a relatively lower proportion of sales revenue.,Continue monitoring marketing performance and optimize campaigns using sales and conversion trends.,71.13,Moderate,40,47048,8521,2.01,10,4,Digital Campaign,18.11,Moderate,"Marketing effectiveness is 71.1/100 (Moderate). Campaign ROI averages 2.01, with 18.11% engagement across 40 campaigns.",Continue the strongest campaign mix and scale spend only where ROI and engagement remain above the network benchmark.
OUT0203,38,10083367.52,175159960.48,107002.0,23.36,17.37,5.76,Needs Improvement,Medium,Marketing efficiency is below the lower-performing outlet range. Conversion rate is within the middle range of outlet performance. Marketing spend represents a relatively lower proportion of sales revenue.,Review marketing campaigns and redirect spending toward better-performing activities.,60.9,Moderate,40,148548,17757,2.24,10,3,Digital Campaign,11.95,Moderate,"Marketing effectiveness is 60.9/100 (Moderate). Campaign ROI averages 2.24, with 11.95% engagement across 40 campaigns.",Test campaign offers and targeting to improve conversion while protecting revenue per marketing rupee.
OUT0204,40,624581.04,12399934.93,10392.0,13.26,19.85,5.04,Needs Improvement,Medium,Marketing efficiency is within the middle range of outlet performance. Conversion rate is below the lower-performing outlet range. Marketing spend represents a relatively lower proportion of sales revenue.,"Improve campaign targeting, customer engagement, offers, and conversion-focused activities.",45.65,Moderate,40,15427,945,1.07,3,22,Digital Campaign,6.13,Needs Improvement,"Marketing effectiveness is 45.6/100 (Moderate). Campaign ROI averages 1.07, with 6.13% engagement across 40 campaigns.","Review low-ROI campaigns, narrow audience targeting, and move budget to campaign types with stronger conversion results."
OUT0205,39,403234.54,8260960.93,12886.0,13.72,20.49,4.88,Needs Improvement,Medium,Marketing efficiency is within the middle range of outlet performance. Conversion rate is below the lower-performing outlet range. Marketing spend represents a relatively lower proportion of sales revenue.,"Improve campaign targeting, customer engagement, offers, and conversion-focused activities.",47.38,Moderate,40,18593,1161,1.0,3,25,Digital Campaign,6.24,Needs Improvement,"Marketing effectiveness is 47.4/100 (Moderate). Campaign ROI averages 1.00, with 6.24% engagement across 40 campaigns.","Review low-ROI campaigns, narrow audience targeting, and move budget to campaign types with stronger conversion results."
OUT0206,40,3208784.36,62003434.63,118760.0,23.85,19.32,5.18,Moderate,Low,Marketing efficiency is within the middle range of outlet performance. Conversion rate is within the middle range of outlet performance. Marketing spend represents a relatively lower proportion of sales revenue.,Continue monitoring marketing performance and optimize campaigns using sales and conversion trends.,65.94,Moderate,40,132665,15853,1.81,6,7,Digital Campaign,11.95,Moderate,"Marketing effectiveness is 65.9/100 (Moderate). Campaign ROI averages 1.81, with 11.95% engagement across 40 campaigns.",Continue the strongest campaign mix and scale spend only where ROI and engagement remain above the network benchmark.
OUT0207,39,4357121.07,91722957.87,102831.0,23.34,21.05,4.75,Moderate,Low,Marketing efficiency is among the stronger outlet results. Conversion rate is within the middle range of outlet performance. Marketing spend represents a relatively lower proportion of sales revenue.,Continue monitoring successful campaigns and consider scaling effective activities.,66.61,Moderate,40,129621,15073,2.4,17,1,Digital Campaign,11.63,High Performing,"Marketing effectiveness is 66.6/100 (Moderate). Campaign ROI averages 2.40, with 11.63% engagement across 40 campaigns.",Continue the strongest campaign mix and scale spend only where ROI and engagement remain above the network benchmark.
OUT0208,39,981563.0,20393986.79,22446.0,18.25,20.78,4.81,Moderate,Low,Marketing efficiency is among the stronger outlet results. Conversion rate is within the middle range of outlet performance. Marketing spend represents a relatively lower proportion of sales revenue.,Continue monitoring successful campaigns and consider scaling effective activities.,52.73,Moderate,40,26163,2235,1.32,5,20,Digital Campaign,8.54,Needs Improvement,"Marketing effectiveness is 52.7/100 (Moderate). Campaign ROI averages 1.32, with 8.54% engagement across 40 campaigns.","Review low-ROI campaigns, narrow audience targeting, and move budget to campaign types with stronger conversion results."
OUT0209,39,3933554.82,75558488.95,57941.0,18.06,19.21,5.21,Needs Improvement,Medium,Marketing efficiency is below the lower-performing outlet range. Conversion rate is within the middle range of outlet performance. Marketing spend represents a relatively lower proportion of sales revenue.,Review marketing campaigns and redirect spending toward better-performing activities.,53.98,Moderate,40,93612,8490,2.01,10,0,Digital Campaign,9.07,Moderate,"Marketing effectiveness is 54.0/100 (Moderate). Campaign ROI averages 2.01, with 9.07% engagement across 40 campaigns.",Test campaign offers and targeting to improve conversion while protecting revenue per marketing rupee.
OUT0210,40,3484338.73,66069880.96,38786.0,25.76,18.96,5.27,Needs Improvement,Medium,Marketing efficiency is below the lower-performing outlet range. Conversion rate is within the middle range of outlet performance. Marketing spend represents a relatively lower proportion of sales revenue.,Review marketing campaigns and redirect spending toward better-performing activities.,57.77,Moderate,40,41970,5343,1.85,9,3,Digital Campaign,12.73,Moderate,"Marketing effectiveness is 57.8/100 (Moderate). Campaign ROI averages 1.85, with 12.73% engagement across 40 campaigns.",Test campaign offers and targeting to improve conversion while protecting revenue per marketing rupee.
OUT0211,40,3019033.19,70793002.67,47989.0,15.21,23.45,4.26,Needs Improvement,Medium,Marketing efficiency is among the stronger outlet results. Conversion rate is below the lower-performing outlet range. Marketing spend represents a relatively lower proportion of sales revenue.,"Continue monitoring successful campaigns and consider scaling effective activities. Improve campaign targeting, customer engagement, offers, and conversion-focused activities.",57.63,Moderate,40,82370,6254,2.37,16,0,Digital Campaign,7.59,High Performing,"Marketing effectiveness is 57.6/100 (Moderate). Campaign ROI averages 2.37, with 7.59% engagement across 40 campaigns.",Test campaign offers and targeting to improve conversion while protecting revenue per marketing rupee.
OUT0212,40,4101727.37,81431204.13,84934.0,29.22,19.85,5.04,Moderate,Low,Marketing efficiency is within the middle range of outlet performance. Conversion rate is among the stronger outlet results. Marketing spend represents a relatively lower proportion of sales revenue.,Continue monitoring marketing performance and optimize campaigns using sales and conversion trends.,67.43,Moderate,40,82415,12151,2.15,14,3,Digital Campaign,14.74,Moderate,"Marketing effectiveness is 67.4/100 (Moderate). Campaign ROI averages 2.15, with 14.74% engagement across 40 campaigns.",Continue the strongest campaign mix and scale spend only where ROI and engagement remain above the network benchmark.
OUT0213,39,2583079.26,51163564.78,33422.0,24.97,19.81,5.05,Moderate,Low,Marketing efficiency is within the middle range of outlet performance. Conversion rate is within the middle range of outlet performance. Marketing spend represents a relatively lower proportion of sales revenue.,Continue monitoring marketing performance and optimize campaigns using sales and conversion trends.,57.93,Moderate,40,34544,4285,1.67,5,9,Digital Campaign,12.4,Moderate,"Marketing effectiveness is 57.9/100 (Moderate). Campaign ROI averages 1.67, with 12.40% engagement across 40 campaigns.",Continue the strongest campaign mix and scale spend only where ROI and engagement remain above the network benchmark.
OUT0214,39,1350752.39,27498768.64,29582.0,18.57,20.36,4.91,Moderate,Low,Marketing efficiency is within the middle range of outlet performance. Conversion rate is within the middle range of outlet performance. Marketing spend represents a relatively lower proportion of sales revenue.,Continue monitoring marketing performance and optimize campaigns using sales and conversion trends.,53.1,Moderate,40,35666,3207,1.4,7,19,Digital Campaign,8.99,Moderate,"Marketing effectiveness is 53.1/100 (Moderate). Campaign ROI averages 1.40, with 8.99% engagement across 40 campaigns.",Continue the strongest campaign mix and scale spend only where ROI and engagement remain above the network benchmark.
OUT0215,40,2977994.08,61308788.18,87315.0,22.12,20.59,4.86,Moderate,Low,Marketing efficiency is within the middle range of outlet performance. Conversion rate is within the middle range of outlet performance. Marketing spend represents a relatively lower proportion of sales revenue.,Continue monitoring marketing performance and optimize campaigns using sales and conversion trends.,63.04,Moderate,40,102579,11389,1.91,9,2,Digital Campaign,11.1,Moderate,"Marketing effectiveness is 63.0/100 (Moderate). Campaign ROI averages 1.91, with 11.10% engagement across 40 campaigns.",Continue the strongest campaign mix and scale spend only where ROI and engagement remain above the network benchmark.
OUT0216,39,1736520.99,34065403.02,42447.0,31.78,19.62,5.1,Moderate,Low,Marketing efficiency is within the middle range of outlet performance. Conversion rate is among the stronger outlet results. Marketing spend represents a relatively lower proportion of sales revenue.,Continue monitoring marketing performance and optimize campaigns using sales and conversion trends.,64.3,Moderate,40,31172,4832,1.43,7,16,Digital Campaign,15.5,Moderate,"Marketing effectiveness is 64.3/100 (Moderate). Campaign ROI averages 1.43, with 15.50% engagement across 40 campaigns.",Continue the strongest campaign mix and scale spend only where ROI and engagement remain above the network benchmark.
OUT0217,40,3351973.27,68853227.82,150837.0,31.0,20.54,4.87,Moderate,Low,Marketing efficiency is within the middle range of outlet performance. Conversion rate is among the stronger outlet results. Marketing spend represents a relatively lower proportion of sales revenue.,Continue monitoring marketing performance and optimize campaigns using sales and conversion trends.,77.6,High Performing,40,131055,20455,2.02,11,1,Digital Campaign,15.61,Moderate,"Marketing effectiveness is 77.6/100 (High Performing). Campaign ROI averages 2.02, with 15.61% engagement across 40 campaigns.",Continue the strongest campaign mix and scale spend only where ROI and engagement remain above the network benchmark.
OUT0218,39,4658772.49,89641511.35,67756.0,20.49,19.24,5.2,Needs Improvement,Medium,Marketing efficiency is below the lower-performing outlet range. Conversion rate is within the middle range of outlet performance. Marketing spend represents a relatively lower proportion of sales revenue.,Review marketing campaigns and redirect spending toward better-performing activities.,57.18,Moderate,40,98561,10146,2.21,15,2,Digital Campaign,10.29,Moderate,"Marketing effectiveness is 57.2/100 (Moderate). Campaign ROI averages 2.21, with 10.29% engagement across 40 campaigns.",Test campaign offers and targeting to improve conversion while protecting revenue per marketing rupee.
OUT0219,40,2355597.9,44586486.89,65111.0,21.53,18.93,5.28,Needs Improvement,Medium,Marketing efficiency is below the lower-performing outlet range. Conversion rate is within the middle range of outlet performance. Marketing spend represents a relatively lower proportion of sales revenue.,Review marketing campaigns and redirect spending toward better-performing activities.,57.22,Moderate,40,73074,7833,1.48,6,12,Digital Campaign,10.72,Moderate,"Marketing effectiveness is 57.2/100 (Moderate). Campaign ROI averages 1.48, with 10.72% engagement across 40 campaigns.",Test campaign offers and targeting to improve conversion while protecting revenue per marketing rupee.
OUT0220,40,933091.97,19140318.94,29539.0,25.66,20.51,4.88,Moderate,Low,Marketing efficiency is within the middle range of outlet performance. Conversion rate is within the middle range of outlet performance. Marketing spend represents a relatively lower proportion of sales revenue.,Continue monitoring marketing performance and optimize campaigns using sales and conversion trends.,59.25,Moderate,40,24390,2831,1.14,1,21,Digital Campaign,11.61,Needs Improvement,"Marketing effectiveness is 59.2/100 (Moderate). Campaign ROI averages 1.14, with 11.61% engagement across 40 campaigns.","Review low-ROI campaigns, narrow audience targeting, and move budget to campaign types with stronger conversion results."
OUT0221,40,6369824.55,123904349.92,86235.0,28.07,19.45,5.14,Moderate,Low,Marketing efficiency is within the middle range of outlet performance. Conversion rate is among the stronger outlet results. Marketing spend represents a relatively lower proportion of sales revenue.,Continue monitoring marketing performance and optimize campaigns using sales and conversion trends.,65.94,Moderate,40,93926,13279,2.38,17,2,Digital Campaign,14.14,High Performing,"Marketing effectiveness is 65.9/100 (Moderate). Campaign ROI averages 2.38, with 14.14% engagement across 40 campaigns.",Continue the strongest campaign mix and scale spend only where ROI and engagement remain above the network benchmark.
OUT0222,39,5107159.49,100756493.72,93057.0,36.46,19.73,5.07,Moderate,Low,Marketing efficiency is within the middle range of outlet performance. Conversion rate is among the stronger outlet results. Marketing spend represents a relatively lower proportion of sales revenue.,Continue monitoring marketing performance and optimize campaigns using sales and conversion trends.,74.16,Moderate,40,78720,14439,2.26,14,1,Digital Campaign,18.34,High Performing,"Marketing effectiveness is 74.2/100 (Moderate). Campaign ROI averages 2.26, with 18.34% engagement across 40 campaigns.",Continue the strongest campaign mix and scale spend only where ROI and engagement remain above the network benchmark.
OUT0223,39,2495932.65,45546704.92,55269.0,17.25,18.25,5.48,Needs Improvement,High,Marketing efficiency is below the lower-performing outlet range. Conversion rate is below the lower-performing outlet range. Marketing spend represents a relatively lower proportion of sales revenue.,"Review marketing campaigns and redirect spending toward better-performing activities. Improve campaign targeting, customer engagement, offers, and conversion-focused activities.",51.39,Moderate,40,81641,6979,1.45,5,11,Digital Campaign,8.55,Moderate,"Marketing effectiveness is 51.4/100 (Moderate). Campaign ROI averages 1.45, with 8.55% engagement across 40 campaigns.",Continue the strongest campaign mix and scale spend only where ROI and engagement remain above the network benchmark.
OUT0224,40,2899386.13,64102834.17,105997.0,40.24,22.11,4.52,High Performing,Low,Marketing efficiency is among the stronger outlet results. Conversion rate is among the stronger outlet results. Marketing spend represents a relatively lower proportion of sales revenue.,Continue monitoring successful campaigns and consider scaling effective activities.,82.79,High Performing,40,67798,13649,2.16,15,3,Digital Campaign,20.13,Moderate,"Marketing effectiveness is 82.8/100 (High Performing). Campaign ROI averages 2.16, with 20.13% engagement across 40 campaigns.",Continue the strongest campaign mix and scale spend only where ROI and engagement remain above the network benchmark.
OUT0225,39,4008891.71,82039627.79,46753.0,15.57,20.46,4.89,Needs Improvement,Medium,Marketing efficiency is within the middle range of outlet performance. Conversion rate is below the lower-performing outlet range. Marketing spend represents a relatively lower proportion of sales revenue.,"Improve campaign targeting, customer engagement, offers, and conversion-focused activities.",52.75,Moderate,40,87501,6899,2.23,16,3,Digital Campaign,7.88,Moderate,"Marketing effectiveness is 52.8/100 (Moderate). Campaign ROI averages 2.23, with 7.88% engagement across 40 campaigns.",Test campaign offers and targeting to improve conversion while protecting revenue per marketing rupee.
OUT0226,37,2098190.11,41516833.29,35265.0,17.29,19.79,5.05,Needs Improvement,Medium,Marketing efficiency is within the middle range of outlet performance. Conversion rate is below the lower-performing outlet range. Marketing spend represents a relatively lower proportion of sales revenue.,"Improve campaign targeting, customer engagement, offers, and conversion-focused activities.",51.73,Moderate,40,53265,4550,1.53,6,13,Digital Campaign,8.54,Moderate,"Marketing effectiveness is 51.7/100 (Moderate). Campaign ROI averages 1.53, with 8.54% engagement across 40 campaigns.",Test campaign offers and targeting to improve conversion while protecting revenue per marketing rupee.
OUT0227,40,1718472.76,36861593.35,50443.0,16.82,21.45,4.66,Needs Improvement,Medium,Marketing efficiency is among the stronger outlet results. Conversion rate is below the lower-performing outlet range. Marketing spend represents a relatively lower proportion of sales revenue.,"Continue monitoring successful campaigns and consider scaling effective activities. Improve campaign targeting, customer engagement, offers, and conversion-focused activities.",55.88,Moderate,40,67885,5498,1.67,9,15,Digital Campaign,8.1,Moderate,"Marketing effectiveness is 55.9/100 (Moderate). Campaign ROI averages 1.67, with 8.10% engagement across 40 campaigns.",Test campaign offers and targeting to improve conversion while protecting revenue per marketing rupee.
OUT0228,40,3495740.03,70760377.14,58002.0,16.98,20.24,4.94,Needs Improvement,Medium,Marketing efficiency is within the middle range of outlet performance. Conversion rate is below the lower-performing outlet range. Marketing spend represents a relatively lower proportion of sales revenue.,"Improve campaign targeting, customer engagement, offers, and conversion-focused activities.",54.83,Moderate,40,92733,7852,2.12,15,6,Digital Campaign,8.47,Moderate,"Marketing effectiveness is 54.8/100 (Moderate). Campaign ROI averages 2.12, with 8.47% engagement across 40 campaigns.",Test campaign offers and targeting to improve conversion while protecting revenue per marketing rupee.
OUT0229,39,1503852.27,31113925.43,31267.0,23.21,20.69,4.83,Moderate,Low,Marketing efficiency is within the middle range of outlet performance. Conversion rate is within the middle range of outlet performance. Marketing spend represents a relatively lower proportion of sales revenue.,Continue monitoring marketing performance and optimize campaigns using sales and conversion trends.,57.71,Moderate,40,30592,3400,1.49,6,19,Digital Campaign,11.11,Moderate,"Marketing effectiveness is 57.7/100 (Moderate). Campaign ROI averages 1.49, with 11.11% engagement across 40 campaigns.",Continue the strongest campaign mix and scale spend only where ROI and engagement remain above the network benchmark.
OUT0230,39,5661440.23,115711012.49,117194.0,32.91,20.44,4.89,Moderate,Low,Marketing efficiency is within the middle range of outlet performance. Conversion rate is among the stronger outlet results. Marketing spend represents a relatively lower proportion of sales revenue.,Continue monitoring marketing performance and optimize campaigns using sales and conversion trends.,75.16,High Performing,40,111640,18646,2.45,19,4,Digital Campaign,16.7,High Performing,"Marketing effectiveness is 75.2/100 (High Performing). Campaign ROI averages 2.45, with 16.70% engagement across 40 campaigns.",Continue the strongest campaign mix and scale spend only where ROI and engagement remain above the network benchmark.
OUT0231,38,834865.18,16796233.06,21346.0,14.15,20.12,4.97,Needs Improvement,Medium,Marketing efficiency is within the middle range of outlet performance. Conversion rate is below the lower-performing outlet range. Marketing spend represents a relatively lower proportion of sales revenue.,"Improve campaign targeting, customer engagement, offers, and conversion-focused activities.",48.09,Moderate,40,32878,2146,1.15,4,23,Digital Campaign,6.53,Needs Improvement,"Marketing effectiveness is 48.1/100 (Moderate). Campaign ROI averages 1.15, with 6.53% engagement across 40 campaigns.","Review low-ROI campaigns, narrow audience targeting, and move budget to campaign types with stronger conversion results."
OUT0232,40,823648.91,16091836.3,12158.0,18.46,19.54,5.12,Moderate,Low,Marketing efficiency is within the middle range of outlet performance. Conversion rate is within the middle range of outlet performance. Marketing spend represents a relatively lower proportion of sales revenue.,Continue monitoring marketing performance and optimize campaigns using sales and conversion trends.,49.64,Moderate,40,13353,1145,1.07,3,24,Digital Campaign,8.57,Needs Improvement,"Marketing effectiveness is 49.6/100 (Moderate). Campaign ROI averages 1.07, with 8.57% engagement across 40 campaigns.","Review low-ROI campaigns, narrow audience targeting, and move budget to campaign types with stronger conversion results."
OUT0233,39,3278321.95,65983011.3,40783.0,32.79,20.13,4.97,Moderate,Low,Marketing efficiency is within the middle range of outlet performance. Conversion rate is among the stronger outlet results. Marketing spend represents a relatively lower proportion of sales revenue.,Continue monitoring marketing performance and optimize campaigns using sales and conversion trends.,65.8,Moderate,40,35314,5743,1.92,10,2,Digital Campaign,16.26,Moderate,"Marketing effectiveness is 65.8/100 (Moderate). Campaign ROI averages 1.92, with 16.26% engagement across 40 campaigns.",Continue the strongest campaign mix and scale spend only where ROI and engagement remain above the network benchmark.
OUT0234,39,3624944.93,79644466.65,87706.0,28.4,21.97,4.55,High Performing,Low,Marketing efficiency is among the stronger outlet results. Conversion rate is among the stronger outlet results. Marketing spend represents a relatively lower proportion of sales revenue.,Continue monitoring successful campaigns and consider scaling effective activities.,70.63,Moderate,40,86227,12320,2.35,20,0,Digital Campaign,14.29,High Performing,"Marketing effectiveness is 70.6/100 (Moderate). Campaign ROI averages 2.35, with 14.29% engagement across 40 campaigns.",Continue the strongest campaign mix and scale spend only where ROI and engagement remain above the network benchmark.
OUT0235,39,2248221.91,43429041.59,63215.0,20.02,19.32,5.18,Moderate,Low,Marketing efficiency is within the middle range of outlet performance. Conversion rate is within the middle range of outlet performance. Marketing spend represents a relatively lower proportion of sales revenue.,Continue monitoring marketing performance and optimize campaigns using sales and conversion trends.,56.4,Moderate,40,78140,7733,1.48,4,15,Digital Campaign,9.9,Moderate,"Marketing effectiveness is 56.4/100 (Moderate). Campaign ROI averages 1.48, with 9.90% engagement across 40 campaigns.",Continue the strongest campaign mix and scale spend only where ROI and engagement remain above the network benchmark.
OUT0236,36,1809493.67,38293399.33,21918.0,26.47,21.16,4.73,Moderate,Low,Marketing efficiency is among the stronger outlet results. Conversion rate is within the middle range of outlet performance. Marketing spend represents a relatively lower proportion of sales revenue.,Continue monitoring successful campaigns and consider scaling effective activities.,60.15,Moderate,40,21690,2815,1.69,6,9,Digital Campaign,12.98,Moderate,"Marketing effectiveness is 60.1/100 (Moderate). Campaign ROI averages 1.69, with 12.98% engagement across 40 campaigns.",Continue the strongest campaign mix and scale spend only where ROI and engagement remain above the network benchmark.
OUT0237,39,1796632.35,34373129.37,75495.0,20.04,19.13,5.23,Needs Improvement,Medium,Marketing efficiency is below the lower-performing outlet range. Conversion rate is within the middle range of outlet performance. Marketing spend represents a relatively lower proportion of sales revenue.,Review marketing campaigns and redirect spending toward better-performing activities.,57.51,Moderate,40,88693,8593,1.34,6,19,Digital Campaign,9.69,Needs Improvement,"Marketing effectiveness is 57.5/100 (Moderate). Campaign ROI averages 1.34, with 9.69% engagement across 40 campaigns.","Review low-ROI campaigns, narrow audience targeting, and move budget to campaign types with stronger conversion results."
OUT0238,40,2822203.84,53819649.4,37375.0,17.83,19.07,5.24,Needs Improvement,High,Marketing efficiency is below the lower-performing outlet range. Conversion rate is below the lower-performing outlet range. Marketing spend represents a relatively lower proportion of sales revenue.,"Review marketing campaigns and redirect spending toward better-performing activities. Improve campaign targeting, customer engagement, offers, and conversion-focused activities.",51.21,Moderate,40,53553,4771,1.65,7,9,Digital Campaign,8.91,Moderate,"Marketing effectiveness is 51.2/100 (Moderate). Campaign ROI averages 1.65, with 8.91% engagement across 40 campaigns.",Continue the strongest campaign mix and scale spend only where ROI and engagement remain above the network benchmark.
OUT0239,39,6497280.14,131716886.36,89014.0,24.75,20.27,4.93,Moderate,Low,Marketing efficiency is within the middle range of outlet performance. Conversion rate is within the middle range of outlet performance. Marketing spend represents a relatively lower proportion of sales revenue.,Continue monitoring marketing performance and optimize campaigns using sales and conversion trends.,64.89,Moderate,40,109563,13986,2.65,19,4,Digital Campaign,12.77,High Performing,"Marketing effectiveness is 64.9/100 (Moderate). Campaign ROI averages 2.65, with 12.77% engagement across 40 campaigns.",Continue the strongest campaign mix and scale spend only where ROI and engagement remain above the network benchmark.
OUT0240,40,3054388.79,60759623.81,109367.0,25.27,19.89,5.03,Moderate,Low,Marketing efficiency is within the middle range of outlet performance. Conversion rate is within the middle range of outlet performance. Marketing spend represents a relatively lower proportion of sales revenue.,Continue monitoring marketing performance and optimize campaigns using sales and conversion trends.,67.01,Moderate,40,113649,14434,1.79,5,0,Digital Campaign,12.7,Moderate,"Marketing effectiveness is 67.0/100 (Moderate). Campaign ROI averages 1.79, with 12.70% engagement across 40 campaigns.",Continue the strongest campaign mix and scale spend only where ROI and engagement remain above the network benchmark.
OUT0241,38,375133.13,7176700.38,11175.0,19.48,19.13,5.23,Needs Improvement,Medium,Marketing efficiency is below the lower-performing outlet range. Conversion rate is within the middle range of outlet performance. Marketing spend represents a relatively lower proportion of sales revenue.,Review marketing campaigns and redirect spending toward better-performing activities.,49.69,Moderate,40,12422,1193,0.89,2,28,Digital Campaign,9.6,Needs Improvement,"Marketing effectiveness is 49.7/100 (Moderate). Campaign ROI averages 0.89, with 9.60% engagement across 40 campaigns.","Review low-ROI campaigns, narrow audience targeting, and move budget to campaign types with stronger conversion results."
OUT0242,40,2045213.33,40750397.34,36173.0,19.03,19.92,5.02,Moderate,Low,Marketing efficiency is within the middle range of outlet performance. Conversion rate is within the middle range of outlet performance. Marketing spend represents a relatively lower proportion of sales revenue.,Continue monitoring marketing performance and optimize campaigns using sales and conversion trends.,53.51,Moderate,40,44741,4144,1.54,8,15,Digital Campaign,9.26,Moderate,"Marketing effectiveness is 53.5/100 (Moderate). Campaign ROI averages 1.54, with 9.26% engagement across 40 campaigns.",Continue the strongest campaign mix and scale spend only where ROI and engagement remain above the network benchmark.
OUT0243,36,1638568.12,34402232.46,46804.0,23.21,21.0,4.76,Moderate,Low,Marketing efficiency is among the stronger outlet results. Conversion rate is within the middle range of outlet performance. Marketing spend represents a relatively lower proportion of sales revenue.,Continue monitoring successful campaigns and consider scaling effective activities.,60.0,Moderate,40,51676,5798,1.48,4,13,Digital Campaign,11.22,Moderate,"Marketing effectiveness is 60.0/100 (Moderate). Campaign ROI averages 1.48, with 11.22% engagement across 40 campaigns.",Continue the strongest campaign mix and scale spend only where ROI and engagement remain above the network benchmark.
OUT0244,38,2782486.9,50442354.62,39292.0,15.18,18.13,5.52,Needs Improvement,High,Marketing efficiency is below the lower-performing outlet range. Conversion rate is below the lower-performing outlet range. Marketing spend represents a relatively lower proportion of sales revenue.,"Review marketing campaigns and redirect spending toward better-performing activities. Improve campaign targeting, customer engagement, offers, and conversion-focused activities.",47.64,Moderate,40,70202,5322,1.5,4,11,Digital Campaign,7.58,Moderate,"Marketing effectiveness is 47.6/100 (Moderate). Campaign ROI averages 1.50, with 7.58% engagement across 40 campaigns.",Continue the strongest campaign mix and scale spend only where ROI and engagement remain above the network benchmark.
OUT0245,37,8010261.96,176205452.21,111396.0,26.27,22.0,4.55,Moderate,Low,Marketing efficiency is among the stronger outlet results. Conversion rate is within the middle range of outlet performance. Marketing spend represents a relatively lower proportion of sales revenue.,Continue monitoring successful campaigns and consider scaling effective activities.,71.61,Moderate,40,142632,19043,3.16,23,1,Digital Campaign,13.35,High Performing,"Marketing effectiveness is 71.6/100 (Moderate). Campaign ROI averages 3.16, with 13.35% engagement across 40 campaigns.",Continue the strongest campaign mix and scale spend only where ROI and engagement remain above the network benchmark.
OUT0246,40,1627743.2,34397325.99,28435.0,21.88,21.13,4.73,Moderate,Low,Marketing efficiency is among the stronger outlet results. Conversion rate is within the middle range of outlet performance. Marketing spend represents a relatively lower proportion of sales revenue.,Continue monitoring successful campaigns and consider scaling effective activities.,57.03,Moderate,40,29108,3063,1.6,6,15,Digital Campaign,10.52,Moderate,"Marketing effectiveness is 57.0/100 (Moderate). Campaign ROI averages 1.60, with 10.52% engagement across 40 campaigns.",Continue the strongest campaign mix and scale spend only where ROI and engagement remain above the network benchmark.
OUT0247,38,6598487.65,124948892.21,87241.0,35.46,18.94,5.28,Needs Improvement,Medium,Marketing efficiency is below the lower-performing outlet range. Conversion rate is among the stronger outlet results. Marketing spend represents a relatively lower proportion of sales revenue.,Review marketing campaigns and redirect spending toward better-performing activities.,71.33,Moderate,40,81325,14485,2.29,16,3,Digital Campaign,17.81,High Performing,"Marketing effectiveness is 71.3/100 (Moderate). Campaign ROI averages 2.29, with 17.81% engagement across 40 campaigns.",Test campaign offers and targeting to improve conversion while protecting revenue per marketing rupee.
OUT0248,39,427155.19,7800441.79,8403.0,14.69,18.26,5.48,Needs Improvement,High,Marketing efficiency is below the lower-performing outlet range. Conversion rate is below the lower-performing outlet range. Marketing spend represents a relatively lower proportion of sales revenue.,"Review marketing campaigns and redirect spending toward better-performing activities. Improve campaign targeting, customer engagement, offers, and conversion-focused activities.",43.93,Moderate,40,11283,752,0.77,2,30,Digital Campaign,6.66,Needs Improvement,"Marketing effectiveness is 43.9/100 (Moderate). Campaign ROI averages 0.77, with 6.66% engagement across 40 campaigns.","Review low-ROI campaigns, narrow audience targeting, and move budget to campaign types with stronger conversion results."
OUT0249,39,5742431.22,105748545.53,101291.0,27.85,18.42,5.43,Needs Improvement,Medium,Marketing efficiency is below the lower-performing outlet range. Conversion rate is among the stronger outlet results. Marketing spend represents a relatively lower proportion of sales revenue.,Review marketing campaigns and redirect spending toward better-performing activities.,65.74,Moderate,40,114079,15890,2.12,12,1,Digital Campaign,13.93,Moderate,"Marketing effectiveness is 65.7/100 (Moderate). Campaign ROI averages 2.12, with 13.93% engagement across 40 campaigns.",Test campaign offers and targeting to improve conversion while protecting revenue per marketing rupee.
OUT0250,39,8940360.65,201711186.01,183653.0,29.79,22.56,4.43,High Performing,Low,Marketing efficiency is among the stronger outlet results. Conversion rate is among the stronger outlet results. Marketing spend represents a relatively lower proportion of sales revenue.,Continue monitoring successful campaigns and consider scaling effective activities.,83.75,High Performing,40,200782,29891,3.19,25,2,Digital Campaign,14.89,High Performing,"Marketing effectiveness is 83.8/100 (High Performing). Campaign ROI averages 3.19, with 14.89% engagement across 40 campaigns.",Continue the strongest campaign mix and scale spend only where ROI and engagement remain above the network benchmark.
OUT0251,40,1982838.25,38126277.5,29632.0,10.25,19.23,5.2,Needs Improvement,High,Marketing efficiency is below the lower-performing outlet range. Conversion rate is below the lower-performing outlet range. Marketing spend represents a relatively lower proportion of sales revenue.,"Review marketing campaigns and redirect spending toward better-performing activities. Improve campaign targeting, customer engagement, offers, and conversion-focused activities.",44.3,Moderate,40,67210,3370,1.35,2,15,Digital Campaign,5.01,Needs Improvement,"Marketing effectiveness is 44.3/100 (Moderate). Campaign ROI averages 1.35, with 5.01% engagement across 40 campaigns.","Review low-ROI campaigns, narrow audience targeting, and move budget to campaign types with stronger conversion results."
OUT0252,37,1560227.37,30602088.49,43563.0,26.34,19.61,5.1,Moderate,Low,Marketing efficiency is within the middle range of outlet performance. Conversion rate is within the middle range of outlet performance. Marketing spend represents a relatively lower proportion of sales revenue.,Continue monitoring marketing performance and optimize campaigns using sales and conversion trends.,59.9,Moderate,40,40223,5117,1.37,5,21,Digital Campaign,12.72,Needs Improvement,"Marketing effectiveness is 59.9/100 (Moderate). Campaign ROI averages 1.37, with 12.72% engagement across 40 campaigns.","Review low-ROI campaigns, narrow audience targeting, and move budget to campaign types with stronger conversion results."
OUT0253,40,6919589.93,134245154.36,89228.0,20.59,19.4,5.15,Moderate,Low,Marketing efficiency is within the middle range of outlet performance. Conversion rate is within the middle range of outlet performance. Marketing spend represents a relatively lower proportion of sales revenue.,Continue monitoring marketing performance and optimize campaigns using sales and conversion trends.,59.99,Moderate,40,133877,13845,2.46,17,4,Digital Campaign,10.34,High Performing,"Marketing effectiveness is 60.0/100 (Moderate). Campaign ROI averages 2.46, with 10.34% engagement across 40 campaigns.",Continue the strongest campaign mix and scale spend only where ROI and engagement remain above the network benchmark.
OUT0254,40,7668725.55,158070148.77,126399.0,22.85,20.61,4.85,Moderate,Low,Marketing efficiency is within the middle range of outlet performance. Conversion rate is within the middle range of outlet performance. Marketing spend represents a relatively lower proportion of sales revenue.,Continue monitoring marketing performance and optimize campaigns using sales and conversion trends.,68.16,Moderate,40,173376,19959,2.71,20,2,Digital Campaign,11.51,High Performing,"Marketing effectiveness is 68.2/100 (Moderate). Campaign ROI averages 2.71, with 11.51% engagement across 40 campaigns.",Continue the strongest campaign mix and scale spend only where ROI and engagement remain above the network benchmark.
OUT0255,39,2790208.26,61638062.35,45888.0,18.02,22.09,4.53,Moderate,Low,Marketing efficiency is among the stronger outlet results. Conversion rate is within the middle range of outlet performance. Marketing spend represents a relatively lower proportion of sales revenue.,Continue monitoring successful campaigns and consider scaling effective activities.,57.43,Moderate,40,67177,6036,2.1,13,2,Digital Campaign,8.99,Moderate,"Marketing effectiveness is 57.4/100 (Moderate). Campaign ROI averages 2.10, with 8.99% engagement across 40 campaigns.",Continue the strongest campaign mix and scale spend only where ROI and engagement remain above the network benchmark.
OUT0256,40,7465963.12,142822746.98,178697.0,31.35,19.13,5.23,Needs Improvement,Medium,Marketing efficiency is below the lower-performing outlet range. Conversion rate is among the stronger outlet results. Marketing spend represents a relatively lower proportion of sales revenue.,Review marketing campaigns and redirect spending toward better-performing activities.,78.7,High Performing,40,172688,28142,2.39,15,4,Digital Campaign,16.3,High Performing,"Marketing effectiveness is 78.7/100 (High Performing). Campaign ROI averages 2.39, with 16.30% engagement across 40 campaigns.",Test campaign offers and targeting to improve conversion while protecting revenue per marketing rupee.
OUT0257,39,3447695.95,69367200.43,58852.0,19.95,20.12,4.97,Moderate,Low,Marketing efficiency is within the middle range of outlet performance. Conversion rate is within the middle range of outlet performance. Marketing spend represents a relatively lower proportion of sales revenue.,Continue monitoring marketing performance and optimize campaigns using sales and conversion trends.,57.19,Moderate,40,82335,8295,2.03,13,2,Digital Campaign,10.07,Moderate,"Marketing effectiveness is 57.2/100 (Moderate). Campaign ROI averages 2.03, with 10.07% engagement across 40 campaigns.",Continue the strongest campaign mix and scale spend only where ROI and engagement remain above the network benchmark.
OUT0258,39,3742893.66,70644636.92,41076.0,25.13,18.87,5.3,Needs Improvement,Medium,Marketing efficiency is below the lower-performing outlet range. Conversion rate is within the middle range of outlet performance. Marketing spend represents a relatively lower proportion of sales revenue.,Review marketing campaigns and redirect spending toward better-performing activities.,57.37,Moderate,40,47157,5983,1.86,6,1,Digital Campaign,12.69,Moderate,"Marketing effectiveness is 57.4/100 (Moderate). Campaign ROI averages 1.86, with 12.69% engagement across 40 campaigns.",Test campaign offers and targeting to improve conversion while protecting revenue per marketing rupee.
OUT0259,39,8083591.32,158780402.07,179020.0,31.94,19.64,5.09,Moderate,Low,Marketing efficiency is within the middle range of outlet performance. Conversion rate is among the stronger outlet results. Marketing spend represents a relatively lower proportion of sales revenue.,Continue monitoring marketing performance and optimize campaigns using sales and conversion trends.,80.09,High Performing,40,181452,29003,2.49,20,0,Digital Campaign,15.98,High Performing,"Marketing effectiveness is 80.1/100 (High Performing). Campaign ROI averages 2.49, with 15.98% engagement across 40 campaigns.",Continue the strongest campaign mix and scale spend only where ROI and engagement remain above the network benchmark.
OUT0260,39,630081.83,13280242.14,12863.0,18.99,21.08,4.74,Moderate,Low,Marketing efficiency is among the stronger outlet results. Conversion rate is within the middle range of outlet performance. Marketing spend represents a relatively lower proportion of sales revenue.,Continue monitoring successful campaigns and consider scaling effective activities.,52.76,Moderate,40,13771,1300,1.23,6,23,Digital Campaign,9.44,Needs Improvement,"Marketing effectiveness is 52.8/100 (Moderate). Campaign ROI averages 1.23, with 9.44% engagement across 40 campaigns.","Review low-ROI campaigns, narrow audience targeting, and move budget to campaign types with stronger conversion results."
OUT0261,40,1065787.28,21617269.0,33440.0,15.59,20.28,4.93,Needs Improvement,Medium,Marketing efficiency is within the middle range of outlet performance. Conversion rate is below the lower-performing outlet range. Marketing spend represents a relatively lower proportion of sales revenue.,"Improve campaign targeting, customer engagement, offers, and conversion-focused activities.",50.94,Moderate,40,44826,3286,1.3,7,23,Digital Campaign,7.33,Needs Improvement,"Marketing effectiveness is 50.9/100 (Moderate). Campaign ROI averages 1.30, with 7.33% engagement across 40 campaigns.","Review low-ROI campaigns, narrow audience targeting, and move budget to campaign types with stronger conversion results."
OUT0262,39,2364904.06,48422725.64,83908.0,20.73,20.48,4.88,Moderate,Low,Marketing efficiency is within the middle range of outlet performance. Conversion rate is within the middle range of outlet performance. Marketing spend represents a relatively lower proportion of sales revenue.,Continue monitoring marketing performance and optimize campaigns using sales and conversion trends.,61.31,Moderate,40,101882,10424,1.72,8,7,Digital Campaign,10.23,Moderate,"Marketing effectiveness is 61.3/100 (Moderate). Campaign ROI averages 1.72, with 10.23% engagement across 40 campaigns.",Continue the strongest campaign mix and scale spend only where ROI and engagement remain above the network benchmark.
OUT0263,39,2084074.03,38889550.76,41207.0,19.18,18.66,5.36,Needs Improvement,Medium,Marketing efficiency is below the lower-performing outlet range. Conversion rate is within the middle range of outlet performance. Marketing spend represents a relatively lower proportion of sales revenue.,Review marketing campaigns and redirect spending toward better-performing activities.,52.08,Moderate,40,52515,4934,1.42,5,21,Digital Campaign,9.4,Moderate,"Marketing effectiveness is 52.1/100 (Moderate). Campaign ROI averages 1.42, with 9.40% engagement across 40 campaigns.",Test campaign offers and targeting to improve conversion while protecting revenue per marketing rupee.
OUT0264,37,3309629.76,68853778.88,78671.0,27.85,20.8,4.81,High Performing,Low,Marketing efficiency is among the stronger outlet results. Conversion rate is among the stronger outlet results. Marketing spend represents a relatively lower proportion of sales revenue.,Continue monitoring successful campaigns and consider scaling effective activities.,67.17,Moderate,40,84461,11610,2.12,10,0,Digital Campaign,13.75,Moderate,"Marketing effectiveness is 67.2/100 (Moderate). Campaign ROI averages 2.12, with 13.75% engagement across 40 campaigns.",Continue the strongest campaign mix and scale spend only where ROI and engagement remain above the network benchmark.
OUT0265,40,1972068.26,42503432.6,47463.0,25.22,21.55,4.64,Moderate,Low,Marketing efficiency is among the stronger outlet results. Conversion rate is within the middle range of outlet performance. Marketing spend represents a relatively lower proportion of sales revenue.,Continue monitoring successful campaigns and consider scaling effective activities.,62.68,Moderate,40,44311,5401,1.64,3,8,Digital Campaign,12.19,Moderate,"Marketing effectiveness is 62.7/100 (Moderate). Campaign ROI averages 1.64, with 12.19% engagement across 40 campaigns.",Continue the strongest campaign mix and scale spend only where ROI and engagement remain above the network benchmark.
OUT0266,39,4263738.81,87729017.14,61743.0,21.16,20.58,4.86,Moderate,Low,Marketing efficiency is within the middle range of outlet performance. Conversion rate is within the middle range of outlet performance. Marketing spend represents a relatively lower proportion of sales revenue.,Continue monitoring marketing performance and optimize campaigns using sales and conversion trends.,59.3,Moderate,40,86633,9217,2.26,15,2,Digital Campaign,10.64,High Performing,"Marketing effectiveness is 59.3/100 (Moderate). Campaign ROI averages 2.26, with 10.64% engagement across 40 campaigns.",Continue the strongest campaign mix and scale spend only where ROI and engagement remain above the network benchmark.
OUT0267,39,6488141.65,140283757.49,124326.0,22.7,21.62,4.63,Moderate,Low,Marketing efficiency is among the stronger outlet results. Conversion rate is within the middle range of outlet performance. Marketing spend represents a relatively lower proportion of sales revenue.,Continue monitoring successful campaigns and consider scaling effective activities.,69.49,Moderate,40,172563,19705,2.88,20,1,Digital Campaign,11.42,High Performing,"Marketing effectiveness is 69.5/100 (Moderate). Campaign ROI averages 2.88, with 11.42% engagement across 40 campaigns.",Continue the strongest campaign mix and scale spend only where ROI and engagement remain above the network benchmark.
OUT0268,40,2483320.92,49426211.71,71160.0,18.86,19.9,5.02,Moderate,Low,Marketing efficiency is within the middle range of outlet performance. Conversion rate is within the middle range of outlet performance. Marketing spend represents a relatively lower proportion of sales revenue.,Continue monitoring marketing performance and optimize campaigns using sales and conversion trends.,57.33,Moderate,40,92978,8678,1.66,7,11,Digital Campaign,9.33,Moderate,"Marketing effectiveness is 57.3/100 (Moderate). Campaign ROI averages 1.66, with 9.33% engagement across 40 campaigns.",Continue the strongest campaign mix and scale spend only where ROI and engagement remain above the network benchmark.
OUT0269,39,4380932.4,100029378.09,72436.0,19.05,22.83,4.38,Moderate,Low,Marketing efficiency is among the stronger outlet results. Conversion rate is within the middle range of outlet performance. Marketing spend represents a relatively lower proportion of sales revenue.,Continue monitoring successful campaigns and consider scaling effective activities.,62.57,Moderate,40,111205,10574,2.73,25,4,Digital Campaign,9.51,High Performing,"Marketing effectiveness is 62.6/100 (Moderate). Campaign ROI averages 2.73, with 9.51% engagement across 40 campaigns.",Continue the strongest campaign mix and scale spend only where ROI and engagement remain above the network benchmark.
OUT0270,40,661932.0,13061708.7,23196.0,14.45,19.73,5.07,Needs Improvement,Medium,Marketing efficiency is within the middle range of outlet performance. Conversion rate is below the lower-performing outlet range. Marketing spend represents a relatively lower proportion of sales revenue.,"Improve campaign targeting, customer engagement, offers, and conversion-focused activities.",47.9,Moderate,40,33066,2119,1.07,3,22,Digital Campaign,6.41,Needs Improvement,"Marketing effectiveness is 47.9/100 (Moderate). Campaign ROI averages 1.07, with 6.41% engagement across 40 campaigns.","Review low-ROI campaigns, narrow audience targeting, and move budget to campaign types with stronger conversion results."
OUT0271,39,2220186.3,44327803.11,26720.0,16.32,19.97,5.01,Needs Improvement,Medium,Marketing efficiency is within the middle range of outlet performance. Conversion rate is below the lower-performing outlet range. Marketing spend represents a relatively lower proportion of sales revenue.,"Improve campaign targeting, customer engagement, offers, and conversion-focused activities.",50.25,Moderate,40,41832,3282,1.65,8,15,Digital Campaign,7.85,Moderate,"Marketing effectiveness is 50.2/100 (Moderate). Campaign ROI averages 1.65, with 7.85% engagement across 40 campaigns.",Test campaign offers and targeting to improve conversion while protecting revenue per marketing rupee.
OUT0272,39,1542900.69,31364247.59,26875.0,10.8,20.33,4.92,Needs Improvement,Medium,Marketing efficiency is within the middle range of outlet performance. Conversion rate is below the lower-performing outlet range. Marketing spend represents a relatively lower proportion of sales revenue.,"Improve campaign targeting, customer engagement, offers, and conversion-focused activities.",46.29,Moderate,40,57140,2969,1.4,5,14,Digital Campaign,5.2,Moderate,"Marketing effectiveness is 46.3/100 (Moderate). Campaign ROI averages 1.40, with 5.20% engagement across 40 campaigns.",Test campaign offers and targeting to improve conversion while protecting revenue per marketing rupee.
OUT0273,38,1645500.07,33834764.78,24788.0,20.2,20.56,4.86,Moderate,Low,Marketing efficiency is within the middle range of outlet performance. Conversion rate is within the middle range of outlet performance. Marketing spend represents a relatively lower proportion of sales revenue.,Continue monitoring marketing performance and optimize campaigns using sales and conversion trends.,54.25,Moderate,40,29460,2873,1.49,8,16,Digital Campaign,9.75,Moderate,"Marketing effectiveness is 54.2/100 (Moderate). Campaign ROI averages 1.49, with 9.75% engagement across 40 campaigns.",Continue the strongest campaign mix and scale spend only where ROI and engagement remain above the network benchmark.
OUT0274,40,1667099.26,34929053.42,41657.0,20.5,20.95,4.77,Moderate,Low,Marketing efficiency is among the stronger outlet results. Conversion rate is within the middle range of outlet performance. Marketing spend represents a relatively lower proportion of sales revenue.,Continue monitoring successful campaigns and consider scaling effective activities.,57.09,Moderate,40,46169,4513,1.57,8,16,Digital Campaign,9.77,Moderate,"Marketing effectiveness is 57.1/100 (Moderate). Campaign ROI averages 1.57, with 9.77% engagement across 40 campaigns.",Continue the strongest campaign mix and scale spend only where ROI and engagement remain above the network benchmark.
OUT0275,37,9764932.66,206610674.86,128970.0,24.11,21.16,4.73,Moderate,Low,Marketing efficiency is among the stronger outlet results. Conversion rate is within the middle range of outlet performance. Marketing spend represents a relatively lower proportion of sales revenue.,Continue monitoring successful campaigns and consider scaling effective activities.,70.42,Moderate,40,183781,22237,3.22,22,2,Digital Campaign,12.1,High Performing,"Marketing effectiveness is 70.4/100 (Moderate). Campaign ROI averages 3.22, with 12.10% engagement across 40 campaigns.",Continue the strongest campaign mix and scale spend only where ROI and engagement remain above the network benchmark.
OUT0276,38,7148059.48,144578083.18,81398.0,27.28,20.23,4.94,Moderate,Low,Marketing efficiency is within the middle range of outlet performance. Conversion rate is among the stronger outlet results. Marketing spend represents a relatively lower proportion of sales revenue.,Continue monitoring marketing performance and optimize campaigns using sales and conversion trends.,66.04,Moderate,40,96934,13182,2.75,20,0,Digital Campaign,13.6,High Performing,"Marketing effectiveness is 66.0/100 (Moderate). Campaign ROI averages 2.75, with 13.60% engagement across 40 campaigns.",Continue the strongest campaign mix and scale spend only where ROI and engagement remain above the network benchmark.
OUT0277,38,1541250.89,30399671.78,49659.0,20.24,19.72,5.07,Moderate,Low,Marketing efficiency is within the middle range of outlet performance. Conversion rate is within the middle range of outlet performance. Marketing spend represents a relatively lower proportion of sales revenue.,Continue monitoring marketing performance and optimize campaigns using sales and conversion trends.,55.72,Moderate,40,57578,5607,1.41,6,21,Digital Campaign,9.74,Moderate,"Marketing effectiveness is 55.7/100 (Moderate). Campaign ROI averages 1.41, with 9.74% engagement across 40 campaigns.",Continue the strongest campaign mix and scale spend only where ROI and engagement remain above the network benchmark.
OUT0278,40,1071007.26,21514975.1,36440.0,15.36,20.09,4.98,Needs Improvement,Medium,Marketing efficiency is within the middle range of outlet performance. Conversion rate is below the lower-performing outlet range. Marketing spend represents a relatively lower proportion of sales revenue.,"Improve campaign targeting, customer engagement, offers, and conversion-focused activities.",50.77,Moderate,40,49609,3585,1.2,3,21,Digital Campaign,7.23,Needs Improvement,"Marketing effectiveness is 50.8/100 (Moderate). Campaign ROI averages 1.20, with 7.23% engagement across 40 campaigns.","Review low-ROI campaigns, narrow audience targeting, and move budget to campaign types with stronger conversion results."
OUT0279,38,3364135.5,64184950.56,65945.0,30.29,19.08,5.24,Needs Improvement,Medium,Marketing efficiency is below the lower-performing outlet range. Conversion rate is among the stronger outlet results. Marketing spend represents a relatively lower proportion of sales revenue.,Review marketing campaigns and redirect spending toward better-performing activities.,64.84,Moderate,40,62262,9492,1.98,11,2,Digital Campaign,15.25,Moderate,"Marketing effectiveness is 64.8/100 (Moderate). Campaign ROI averages 1.98, with 15.25% engagement across 40 campaigns.",Test campaign offers and targeting to improve conversion while protecting revenue per marketing rupee.
OUT0280,36,2166629.48,45998278.27,36875.0,23.38,21.23,4.71,Moderate,Low,Marketing efficiency is among the stronger outlet results. Conversion rate is within the middle range of outlet performance. Marketing spend represents a relatively lower proportion of sales revenue.,Continue monitoring successful campaigns and consider scaling effective activities.,59.4,Moderate,40,42647,4971,1.88,10,7,Digital Campaign,11.66,Moderate,"Marketing effectiveness is 59.4/100 (Moderate). Campaign ROI averages 1.88, with 11.66% engagement across 40 campaigns.",Continue the strongest campaign mix and scale spend only where ROI and engagement remain above the network benchmark.
OUT0281,39,3510555.15,66141944.41,71248.0,19.38,18.84,5.31,Needs Improvement,Medium,Marketing efficiency is below the lower-performing outlet range. Conversion rate is within the middle range of outlet performance. Marketing spend represents a relatively lower proportion of sales revenue.,Review marketing campaigns and redirect spending toward better-performing activities.,55.99,Moderate,40,103982,10194,1.84,8,3,Digital Campaign,9.8,Moderate,"Marketing effectiveness is 56.0/100 (Moderate). Campaign ROI averages 1.84, with 9.80% engagement across 40 campaigns.",Test campaign offers and targeting to improve conversion while protecting revenue per marketing rupee.
OUT0282,40,3652691.83,70975059.8,121722.0,31.4,19.43,5.15,Moderate,Low,Marketing efficiency is within the middle range of outlet performance. Conversion rate is among the stronger outlet results. Marketing spend represents a relatively lower proportion of sales revenue.,Continue monitoring marketing performance and optimize campaigns using sales and conversion trends.,72.74,Moderate,40,107495,16989,1.94,11,1,Digital Campaign,15.8,Moderate,"Marketing effectiveness is 72.7/100 (Moderate). Campaign ROI averages 1.94, with 15.80% engagement across 40 campaigns.",Continue the strongest campaign mix and scale spend only where ROI and engagement remain above the network benchmark.
OUT0283,39,1868813.78,34987336.19,30319.0,11.12,18.72,5.34,Needs Improvement,High,Marketing efficiency is below the lower-performing outlet range. Conversion rate is below the lower-performing outlet range. Marketing spend represents a relatively lower proportion of sales revenue.,"Review marketing campaigns and redirect spending toward better-performing activities. Improve campaign targeting, customer engagement, offers, and conversion-focused activities.",44.24,Moderate,40,64455,3538,1.28,2,21,Digital Campaign,5.49,Needs Improvement,"Marketing effectiveness is 44.2/100 (Moderate). Campaign ROI averages 1.28, with 5.49% engagement across 40 campaigns.","Review low-ROI campaigns, narrow audience targeting, and move budget to campaign types with stronger conversion results."
OUT0284,40,230924.42,4900663.92,9654.0,12.65,21.22,4.71,Needs Improvement,Medium,Marketing efficiency is among the stronger outlet results. Conversion rate is below the lower-performing outlet range. Marketing spend represents a relatively lower proportion of sales revenue.,"Continue monitoring successful campaigns and consider scaling effective activities. Improve campaign targeting, customer engagement, offers, and conversion-focused activities.",47.36,Moderate,40,15122,811,0.99,2,26,Digital Campaign,5.36,Needs Improvement,"Marketing effectiveness is 47.4/100 (Moderate). Campaign ROI averages 0.99, with 5.36% engagement across 40 campaigns.","Review low-ROI campaigns, narrow audience targeting, and move budget to campaign types with stronger conversion results."
OUT0285,37,3566615.22,76673022.37,51960.0,21.53,21.5,4.65,Moderate,Low,Marketing efficiency is among the stronger outlet results. Conversion rate is within the middle range of outlet performance. Marketing spend represents a relatively lower proportion of sales revenue.,Continue monitoring successful campaigns and consider scaling effective activities.,60.04,Moderate,40,73385,7968,2.31,16,0,Digital Campaign,10.86,High Performing,"Marketing effectiveness is 60.0/100 (Moderate). Campaign ROI averages 2.31, with 10.86% engagement across 40 campaigns.",Continue the strongest campaign mix and scale spend only where ROI and engagement remain above the network benchmark.
OUT0286,39,670002.31,13547119.12,17556.0,14.68,20.22,4.95,Needs Improvement,Medium,Marketing efficiency is within the middle range of outlet performance. Conversion rate is below the lower-performing outlet range. Marketing spend represents a relatively lower proportion of sales revenue.,"Improve campaign targeting, customer engagement, offers, and conversion-focused activities.",48.27,Moderate,40,24571,1665,1.08,4,25,Digital Campaign,6.78,Needs Improvement,"Marketing effectiveness is 48.3/100 (Moderate). Campaign ROI averages 1.08, with 6.78% engagement across 40 campaigns.","Review low-ROI campaigns, narrow audience targeting, and move budget to campaign types with stronger conversion results."
OUT0287,38,4684058.93,90338636.91,68718.0,21.39,19.29,5.19,Needs Improvement,Medium,Marketing efficiency is below the lower-performing outlet range. Conversion rate is within the middle range of outlet performance. Marketing spend represents a relatively lower proportion of sales revenue.,Review marketing campaigns and redirect spending toward better-performing activities.,58.12,Moderate,40,100650,10802,2.18,14,4,Digital Campaign,10.73,Moderate,"Marketing effectiveness is 58.1/100 (Moderate). Campaign ROI averages 2.18, with 10.73% engagement across 40 campaigns.",Test campaign offers and targeting to improve conversion while protecting revenue per marketing rupee.
OUT0288,40,324990.42,7032676.2,10694.0,14.7,21.64,4.62,Needs Improvement,Medium,Marketing efficiency is among the stronger outlet results. Conversion rate is below the lower-performing outlet range. Marketing spend represents a relatively lower proportion of sales revenue.,"Continue monitoring successful campaigns and consider scaling effective activities. Improve campaign targeting, customer engagement, offers, and conversion-focused activities.",49.89,Moderate,40,13728,913,1.02,0,22,Digital Campaign,6.65,Needs Improvement,"Marketing effectiveness is 49.9/100 (Moderate). Campaign ROI averages 1.02, with 6.65% engagement across 40 campaigns.","Review low-ROI campaigns, narrow audience targeting, and move budget to campaign types with stronger conversion results."
OUT0289,39,427259.86,9035777.86,12412.0,14.53,21.15,4.73,Needs Improvement,Medium,Marketing efficiency is among the stronger outlet results. Conversion rate is below the lower-performing outlet range. Marketing spend represents a relatively lower proportion of sales revenue.,"Continue monitoring successful campaigns and consider scaling effective activities. Improve campaign targeting, customer engagement, offers, and conversion-focused activities.",49.12,Moderate,40,16914,1208,1.08,3,24,Digital Campaign,7.14,Needs Improvement,"Marketing effectiveness is 49.1/100 (Moderate). Campaign ROI averages 1.08, with 7.14% engagement across 40 campaigns.","Review low-ROI campaigns, narrow audience targeting, and move budget to campaign types with stronger conversion results."
OUT0290,39,10572262.57,205332017.47,120778.0,32.22,19.42,5.15,Moderate,Low,Marketing efficiency is within the middle range of outlet performance. Conversion rate is among the stronger outlet results. Marketing spend represents a relatively lower proportion of sales revenue.,Continue monitoring marketing performance and optimize campaigns using sales and conversion trends.,73.29,Moderate,40,122540,19786,2.53,19,2,Digital Campaign,16.15,High Performing,"Marketing effectiveness is 73.3/100 (Moderate). Campaign ROI averages 2.53, with 16.15% engagement across 40 campaigns.",Continue the strongest campaign mix and scale spend only where ROI and engagement remain above the network benchmark.
OUT0291,40,1071678.73,22630882.27,28398.0,23.89,21.12,4.74,Moderate,Low,Marketing efficiency is among the stronger outlet results. Conversion rate is within the middle range of outlet performance. Marketing spend represents a relatively lower proportion of sales revenue.,Continue monitoring successful campaigns and consider scaling effective activities.,58.67,Moderate,40,25645,2794,1.35,6,20,Digital Campaign,10.89,Needs Improvement,"Marketing effectiveness is 58.7/100 (Moderate). Campaign ROI averages 1.35, with 10.89% engagement across 40 campaigns.","Review low-ROI campaigns, narrow audience targeting, and move budget to campaign types with stronger conversion results."
OUT0292,37,1338941.99,26996135.09,40284.0,25.77,20.16,4.96,Moderate,Low,Marketing efficiency is within the middle range of outlet performance. Conversion rate is within the middle range of outlet performance. Marketing spend represents a relatively lower proportion of sales revenue.,Continue monitoring marketing performance and optimize campaigns using sales and conversion trends.,59.98,Moderate,40,37700,4625,1.32,5,20,Digital Campaign,12.27,Needs Improvement,"Marketing effectiveness is 60.0/100 (Moderate). Campaign ROI averages 1.32, with 12.27% engagement across 40 campaigns.","Review low-ROI campaigns, narrow audience targeting, and move budget to campaign types with stronger conversion results."
OUT0293,40,2291829.75,45563523.01,42560.0,16.06,19.88,5.03,Needs Improvement,Medium,Marketing efficiency is within the middle range of outlet performance. Conversion rate is below the lower-performing outlet range. Marketing spend represents a relatively lower proportion of sales revenue.,"Improve campaign targeting, customer engagement, offers, and conversion-focused activities.",51.7,Moderate,40,63956,5058,1.61,8,10,Digital Campaign,7.91,Moderate,"Marketing effectiveness is 51.7/100 (Moderate). Campaign ROI averages 1.61, with 7.91% engagement across 40 campaigns.",Test campaign offers and targeting to improve conversion while protecting revenue per marketing rupee.
OUT0294,40,8529964.79,150148104.79,112750.0,39.1,17.6,5.68,Needs Improvement,Medium,Marketing efficiency is below the lower-performing outlet range. Conversion rate is among the stronger outlet results. Marketing spend represents a relatively lower proportion of sales revenue.,Review marketing campaigns and redirect spending toward better-performing activities.,75.02,High Performing,40,91602,17930,2.01,8,3,Digital Campaign,19.57,Moderate,"Marketing effectiveness is 75.0/100 (High Performing). Campaign ROI averages 2.01, with 19.57% engagement across 40 campaigns.",Test campaign offers and targeting to improve conversion while protecting revenue per marketing rupee.
OUT0295,39,5231368.32,107070568.9,73803.0,22.22,20.47,4.89,Moderate,Low,Marketing efficiency is within the middle range of outlet performance. Conversion rate is within the middle range of outlet performance. Marketing spend represents a relatively lower proportion of sales revenue.,Continue monitoring marketing performance and optimize campaigns using sales and conversion trends.,61.38,Moderate,40,101970,11412,2.45,18,1,Digital Campaign,11.19,High Performing,"Marketing effectiveness is 61.4/100 (Moderate). Campaign ROI averages 2.45, with 11.19% engagement across 40 campaigns.",Continue the strongest campaign mix and scale spend only where ROI and engagement remain above the network benchmark.
OUT0296,38,1867195.31,37549788.08,59162.0,26.27,20.11,4.97,Moderate,Low,Marketing efficiency is within the middle range of outlet performance. Conversion rate is within the middle range of outlet performance. Marketing spend represents a relatively lower proportion of sales revenue.,Continue monitoring marketing performance and optimize campaigns using sales and conversion trends.,62.46,Moderate,40,55292,7126,1.49,6,18,Digital Campaign,12.89,Moderate,"Marketing effectiveness is 62.5/100 (Moderate). Campaign ROI averages 1.49, with 12.89% engagement across 40 campaigns.",Continue the strongest campaign mix and scale spend only where ROI and engagement remain above the network benchmark.
OUT0297,40,2922309.39,56163321.66,42229.0,17.79,19.22,5.2,Needs Improvement,High,Marketing efficiency is below the lower-performing outlet range. Conversion rate is below the lower-performing outlet range. Marketing spend represents a relatively lower proportion of sales revenue.,"Review marketing campaigns and redirect spending toward better-performing activities. Improve campaign targeting, customer engagement, offers, and conversion-focused activities.",51.99,Moderate,40,61628,5472,1.69,7,6,Digital Campaign,8.88,Moderate,"Marketing effectiveness is 52.0/100 (Moderate). Campaign ROI averages 1.69, with 8.88% engagement across 40 campaigns.",Continue the strongest campaign mix and scale spend only where ROI and engagement remain above the network benchmark.
OUT0298,38,4518133.01,91796527.96,160465.0,29.44,20.32,4.92,Moderate,Low,Marketing efficiency is within the middle range of outlet performance. Conversion rate is among the stronger outlet results. Marketing spend represents a relatively lower proportion of sales revenue.,Continue monitoring marketing performance and optimize campaigns using sales and conversion trends.,77.03,High Performing,40,170270,24736,2.3,18,1,Digital Campaign,14.53,High Performing,"Marketing effectiveness is 77.0/100 (High Performing). Campaign ROI averages 2.30, with 14.53% engagement across 40 campaigns.",Continue the strongest campaign mix and scale spend only where ROI and engagement remain above the network benchmark.
OUT0299,39,6395146.36,131247954.18,79067.0,22.68,20.52,4.87,Moderate,Low,Marketing efficiency is within the middle range of outlet performance. Conversion rate is within the middle range of outlet performance. Marketing spend represents a relatively lower proportion of sales revenue.,Continue monitoring marketing performance and optimize campaigns using sales and conversion trends.,62.45,Moderate,40,108648,12415,2.65,20,2,Digital Campaign,11.43,High Performing,"Marketing effectiveness is 62.5/100 (Moderate). Campaign ROI averages 2.65, with 11.43% engagement across 40 campaigns.",Continue the strongest campaign mix and scale spend only where ROI and engagement remain above the network benchmark.
OUT0300,39,11052313.28,223727691.17,133888.0,29.61,20.24,4.94,Moderate,Low,Marketing efficiency is within the middle range of outlet performance. Conversion rate is among the stronger outlet results. Marketing spend represents a relatively lower proportion of sales revenue.,Continue monitoring marketing performance and optimize campaigns using sales and conversion trends.,74.0,Moderate,40,147944,21584,2.94,18,2,Digital Campaign,14.59,High Performing,"Marketing effectiveness is 74.0/100 (Moderate). Campaign ROI averages 2.94, with 14.59% engagement across 40 campaigns.",Continue the strongest campaign mix and scale spend only where ROI and engagement remain above the network benchmark.
OUT0301,39,442187.21,9161898.29,13388.0,17.81,20.72,4.83,Needs Improvement,Medium,Marketing efficiency is within the middle range of outlet performance. Conversion rate is below the lower-performing outlet range. Marketing spend represents a relatively lower proportion of sales revenue.,"Improve campaign targeting, customer engagement, offers, and conversion-focused activities.",51.23,Moderate,40,15006,1219,1.03,2,23,Digital Campaign,8.12,Needs Improvement,"Marketing effectiveness is 51.2/100 (Moderate). Campaign ROI averages 1.03, with 8.12% engagement across 40 campaigns.","Review low-ROI campaigns, narrow audience targeting, and move budget to campaign types with stronger conversion results."
OUT0302,38,971155.8,19505203.32,15663.0,11.21,20.08,4.98,Needs Improvement,Medium,Marketing efficiency is within the middle range of outlet performance. Conversion rate is below the lower-performing outlet range. Marketing spend represents a relatively lower proportion of sales revenue.,"Improve campaign targeting, customer engagement, offers, and conversion-focused activities.",44.94,Moderate,40,30691,1620,1.27,6,26,Digital Campaign,5.28,Needs Improvement,"Marketing effectiveness is 44.9/100 (Moderate). Campaign ROI averages 1.27, with 5.28% engagement across 40 campaigns.","Review low-ROI campaigns, narrow audience targeting, and move budget to campaign types with stronger conversion results."
OUT0303,40,6244937.16,116824421.61,85887.0,19.86,18.71,5.35,Needs Improvement,Medium,Marketing efficiency is below the lower-performing outlet range. Conversion rate is within the middle range of outlet performance. Marketing spend represents a relatively lower proportion of sales revenue.,Review marketing campaigns and redirect spending toward better-performing activities.,57.83,Moderate,40,135733,13554,2.14,15,0,Digital Campaign,9.99,Moderate,"Marketing effectiveness is 57.8/100 (Moderate). Campaign ROI averages 2.14, with 9.99% engagement across 40 campaigns.",Test campaign offers and targeting to improve conversion while protecting revenue per marketing rupee.
OUT0304,38,2488222.3,48394193.08,47300.0,23.47,19.45,5.14,Moderate,Low,Marketing efficiency is within the middle range of outlet performance. Conversion rate is within the middle range of outlet performance. Marketing spend represents a relatively lower proportion of sales revenue.,Continue monitoring marketing performance and optimize campaigns using sales and conversion trends.,57.67,Moderate,40,53427,6244,1.65,8,9,Digital Campaign,11.69,Moderate,"Marketing effectiveness is 57.7/100 (Moderate). Campaign ROI averages 1.65, with 11.69% engagement across 40 campaigns.",Continue the strongest campaign mix and scale spend only where ROI and engagement remain above the network benchmark.
OUT0305,40,687236.56,12858073.67,14632.0,16.25,18.71,5.34,Needs Improvement,High,Marketing efficiency is below the lower-performing outlet range. Conversion rate is below the lower-performing outlet range. Marketing spend represents a relatively lower proportion of sales revenue.,"Review marketing campaigns and redirect spending toward better-performing activities. Improve campaign targeting, customer engagement, offers, and conversion-focused activities.",46.69,Moderate,40,17902,1344,0.99,3,29,Digital Campaign,7.51,Needs Improvement,"Marketing effectiveness is 46.7/100 (Moderate). Campaign ROI averages 0.99, with 7.51% engagement across 40 campaigns.","Review low-ROI campaigns, narrow audience targeting, and move budget to campaign types with stronger conversion results."
OUT0306,38,1698069.13,36809243.02,45775.0,15.46,21.68,4.61,Needs Improvement,Medium,Marketing efficiency is among the stronger outlet results. Conversion rate is below the lower-performing outlet range. Marketing spend represents a relatively lower proportion of sales revenue.,"Continue monitoring successful campaigns and consider scaling effective activities. Improve campaign targeting, customer engagement, offers, and conversion-focused activities.",54.59,Moderate,40,70911,5298,1.65,9,15,Digital Campaign,7.47,Moderate,"Marketing effectiveness is 54.6/100 (Moderate). Campaign ROI averages 1.65, with 7.47% engagement across 40 campaigns.",Test campaign offers and targeting to improve conversion while protecting revenue per marketing rupee.
OUT0307,39,2230874.92,46678874.64,30882.0,23.41,20.92,4.78,Moderate,Low,Marketing efficiency is among the stronger outlet results. Conversion rate is within the middle range of outlet performance. Marketing spend represents a relatively lower proportion of sales revenue.,Continue monitoring successful campaigns and consider scaling effective activities.,58.23,Moderate,40,32657,3811,1.84,10,9,Digital Campaign,11.67,Moderate,"Marketing effectiveness is 58.2/100 (Moderate). Campaign ROI averages 1.84, with 11.67% engagement across 40 campaigns.",Continue the strongest campaign mix and scale spend only where ROI and engagement remain above the network benchmark.
OUT0308,37,5337858.45,98239270.87,75088.0,18.35,18.4,5.43,Needs Improvement,Medium,Marketing efficiency is below the lower-performing outlet range. Conversion rate is within the middle range of outlet performance. Marketing spend represents a relatively lower proportion of sales revenue.,Review marketing campaigns and redirect spending toward better-performing activities.,54.83,Moderate,40,134646,12318,2.16,16,4,Digital Campaign,9.15,Moderate,"Marketing effectiveness is 54.8/100 (Moderate). Campaign ROI averages 2.16, with 9.15% engagement across 40 campaigns.",Test campaign offers and targeting to improve conversion while protecting revenue per marketing rupee.
OUT0309,39,1112883.27,22509117.17,23869.0,24.08,20.23,4.94,Moderate,Low,Marketing efficiency is within the middle range of outlet performance. Conversion rate is within the middle range of outlet performance. Marketing spend represents a relatively lower proportion of sales revenue.,Continue monitoring marketing performance and optimize campaigns using sales and conversion trends.,56.8,Moderate,40,21400,2429,1.25,5,23,Digital Campaign,11.35,Needs Improvement,"Marketing effectiveness is 56.8/100 (Moderate). Campaign ROI averages 1.25, with 11.35% engagement across 40 campaigns.","Review low-ROI campaigns, narrow audience targeting, and move budget to campaign types with stronger conversion results."
OUT0310,39,2064798.82,46242423.13,38743.0,15.18,22.4,4.47,Needs Improvement,Medium,Marketing efficiency is among the stronger outlet results. Conversion rate is below the lower-performing outlet range. Marketing spend represents a relatively lower proportion of sales revenue.,"Continue monitoring successful campaigns and consider scaling effective activities. Improve campaign targeting, customer engagement, offers, and conversion-focused activities.",54.77,Moderate,40,61877,4603,1.9,13,9,Digital Campaign,7.44,Moderate,"Marketing effectiveness is 54.8/100 (Moderate). Campaign ROI averages 1.90, with 7.44% engagement across 40 campaigns.",Test campaign offers and targeting to improve conversion while protecting revenue per marketing rupee.
OUT0311,37,4496325.22,84082082.82,64021.0,32.86,18.7,5.35,Needs Improvement,Medium,Marketing efficiency is below the lower-performing outlet range. Conversion rate is among the stronger outlet results. Marketing spend represents a relatively lower proportion of sales revenue.,Review marketing campaigns and redirect spending toward better-performing activities.,66.12,Moderate,40,62646,10180,2.16,12,3,Digital Campaign,16.25,Moderate,"Marketing effectiveness is 66.1/100 (Moderate). Campaign ROI averages 2.16, with 16.25% engagement across 40 campaigns.",Test campaign offers and targeting to improve conversion while protecting revenue per marketing rupee.
OUT0312,40,2466074.71,45957594.03,28081.0,14.77,18.64,5.37,Needs Improvement,High,Marketing efficiency is below the lower-performing outlet range. Conversion rate is below the lower-performing outlet range. Marketing spend represents a relatively lower proportion of sales revenue.,"Review marketing campaigns and redirect spending toward better-performing activities. Improve campaign targeting, customer engagement, offers, and conversion-focused activities.",46.87,Moderate,40,46942,3429,1.54,8,15,Digital Campaign,7.3,Moderate,"Marketing effectiveness is 46.9/100 (Moderate). Campaign ROI averages 1.53, with 7.30% engagement across 40 campaigns.",Continue the strongest campaign mix and scale spend only where ROI and engagement remain above the network benchmark.
OUT0313,39,2319004.17,44782480.98,27611.0,26.6,19.31,5.18,Moderate,Low,Marketing efficiency is within the middle range of outlet performance. Conversion rate is among the stronger outlet results. Marketing spend represents a relatively lower proportion of sales revenue.,Continue monitoring marketing performance and optimize campaigns using sales and conversion trends.,57.79,Moderate,40,25920,3506,1.64,9,18,Digital Campaign,13.53,Moderate,"Marketing effectiveness is 57.8/100 (Moderate). Campaign ROI averages 1.64, with 13.53% engagement across 40 campaigns.",Continue the strongest campaign mix and scale spend only where ROI and engagement remain above the network benchmark.
OUT0314,39,3555542.15,62301251.45,124677.0,29.6,17.52,5.71,Needs Improvement,Medium,Marketing efficiency is below the lower-performing outlet range. Conversion rate is among the stronger outlet results. Marketing spend represents a relatively lower proportion of sales revenue.,Review marketing campaigns and redirect spending toward better-performing activities.,68.36,Moderate,40,118605,17717,1.61,4,6,Digital Campaign,14.94,Moderate,"Marketing effectiveness is 68.4/100 (Moderate). Campaign ROI averages 1.61, with 14.94% engagement across 40 campaigns.",Test campaign offers and targeting to improve conversion while protecting revenue per marketing rupee.
OUT0315,39,3965085.63,79693250.61,52235.0,24.99,20.1,4.98,Moderate,Low,Marketing efficiency is within the middle range of outlet performance. Conversion rate is within the middle range of outlet performance. Marketing spend represents a relatively lower proportion of sales revenue.,Continue monitoring marketing performance and optimize campaigns using sales and conversion trends.,60.59,Moderate,40,60720,7646,2.19,11,4,Digital Campaign,12.59,Moderate,"Marketing effectiveness is 60.6/100 (Moderate). Campaign ROI averages 2.19, with 12.59% engagement across 40 campaigns.",Continue the strongest campaign mix and scale spend only where ROI and engagement remain above the network benchmark.
OUT0316,39,2573937.28,46891997.97,28933.0,32.91,18.22,5.49,Needs Improvement,Medium,Marketing efficiency is below the lower-performing outlet range. Conversion rate is among the stronger outlet results. Marketing spend represents a relatively lower proportion of sales revenue.,Review marketing campaigns and redirect spending toward better-performing activities.,61.34,Moderate,40,23786,3806,1.49,7,13,Digital Campaign,16.0,Moderate,"Marketing effectiveness is 61.3/100 (Moderate). Campaign ROI averages 1.49, with 16.00% engagement across 40 campaigns.",Test campaign offers and targeting to improve conversion while protecting revenue per marketing rupee.
OUT0317,37,9367928.04,175050033.83,105144.0,23.89,18.69,5.35,Needs Improvement,Medium,Marketing efficiency is below the lower-performing outlet range. Conversion rate is within the middle range of outlet performance. Marketing spend represents a relatively lower proportion of sales revenue.,Review marketing campaigns and redirect spending toward better-performing activities.,63.34,Moderate,40,147807,17705,2.76,17,3,Digital Campaign,11.98,High Performing,"Marketing effectiveness is 63.3/100 (Moderate). Campaign ROI averages 2.76, with 11.98% engagement across 40 campaigns.",Test campaign offers and targeting to improve conversion while protecting revenue per marketing rupee.
OUT0318,39,3801074.67,74231664.36,65837.0,21.98,19.53,5.12,Moderate,Low,Marketing efficiency is within the middle range of outlet performance. Conversion rate is within the middle range of outlet performance. Marketing spend represents a relatively lower proportion of sales revenue.,Continue monitoring marketing performance and optimize campaigns using sales and conversion trends.,58.69,Moderate,40,86269,9510,2.02,11,1,Digital Campaign,11.02,Moderate,"Marketing effectiveness is 58.7/100 (Moderate). Campaign ROI averages 2.02, with 11.02% engagement across 40 campaigns.",Continue the strongest campaign mix and scale spend only where ROI and engagement remain above the network benchmark.
OUT0319,40,1519953.15,30200819.95,17911.0,13.34,19.87,5.03,Needs Improvement,Medium,Marketing efficiency is within the middle range of outlet performance. Conversion rate is below the lower-performing outlet range. Marketing spend represents a relatively lower proportion of sales revenue.,"Improve campaign targeting, customer engagement, offers, and conversion-focused activities.",46.61,Moderate,40,30366,1894,1.37,7,21,Digital Campaign,6.24,Needs Improvement,"Marketing effectiveness is 46.6/100 (Moderate). Campaign ROI averages 1.37, with 6.24% engagement across 40 campaigns.","Review low-ROI campaigns, narrow audience targeting, and move budget to campaign types with stronger conversion results."
OUT0320,38,1489361.79,28195466.91,44577.0,31.59,18.93,5.28,Needs Improvement,Medium,Marketing efficiency is below the lower-performing outlet range. Conversion rate is among the stronger outlet results. Marketing spend represents a relatively lower proportion of sales revenue.,Review marketing campaigns and redirect spending toward better-performing activities.,63.22,Moderate,40,33155,5000,1.16,3,25,Digital Campaign,15.08,Needs Improvement,"Marketing effectiveness is 63.2/100 (Moderate). Campaign ROI averages 1.16, with 15.08% engagement across 40 campaigns.","Review low-ROI campaigns, narrow audience targeting, and move budget to campaign types with stronger conversion results."
OUT0321,40,2058282.13,37792265.9,26525.0,17.25,18.36,5.45,Needs Improvement,High,Marketing efficiency is below the lower-performing outlet range. Conversion rate is below the lower-performing outlet range. Marketing spend represents a relatively lower proportion of sales revenue.,"Review marketing campaigns and redirect spending toward better-performing activities. Improve campaign targeting, customer engagement, offers, and conversion-focused activities.",48.29,Moderate,40,36263,3051,1.33,5,21,Digital Campaign,8.41,Needs Improvement,"Marketing effectiveness is 48.3/100 (Moderate). Campaign ROI averages 1.33, with 8.41% engagement across 40 campaigns.","Review low-ROI campaigns, narrow audience targeting, and move budget to campaign types with stronger conversion results."
OUT0322,40,1464831.56,27813679.19,54328.0,31.37,18.99,5.27,Needs Improvement,Medium,Marketing efficiency is below the lower-performing outlet range. Conversion rate is among the stronger outlet results. Marketing spend represents a relatively lower proportion of sales revenue.,Review marketing campaigns and redirect spending toward better-performing activities.,64.26,Moderate,40,38002,5702,1.22,4,22,Digital Campaign,15.0,Needs Improvement,"Marketing effectiveness is 64.3/100 (Moderate). Campaign ROI averages 1.22, with 15.00% engagement across 40 campaigns.","Review low-ROI campaigns, narrow audience targeting, and move budget to campaign types with stronger conversion results."
OUT0323,40,2495376.4,49767809.86,32318.0,16.52,19.94,5.01,Needs Improvement,Medium,Marketing efficiency is within the middle range of outlet performance. Conversion rate is below the lower-performing outlet range. Marketing spend represents a relatively lower proportion of sales revenue.,"Improve campaign targeting, customer engagement, offers, and conversion-focused activities.",51.02,Moderate,40,48526,3964,1.69,6,12,Digital Campaign,8.17,Moderate,"Marketing effectiveness is 51.0/100 (Moderate). Campaign ROI averages 1.69, with 8.17% engagement across 40 campaigns.",Test campaign offers and targeting to improve conversion while protecting revenue per marketing rupee.
OUT0324,38,10453385.63,220265438.81,139149.0,37.15,21.07,4.75,High Performing,Low,Marketing efficiency is among the stronger outlet results. Conversion rate is among the stronger outlet results. Marketing spend represents a relatively lower proportion of sales revenue.,Continue monitoring successful campaigns and consider scaling effective activities.,82.27,High Performing,40,125151,22914,2.78,22,2,Digital Campaign,18.31,High Performing,"Marketing effectiveness is 82.3/100 (High Performing). Campaign ROI averages 2.78, with 18.31% engagement across 40 campaigns.",Continue the strongest campaign mix and scale spend only where ROI and engagement remain above the network benchmark.
OUT0325,38,1030944.03,21559453.15,15568.0,13.34,20.91,4.78,Needs Improvement,Medium,Marketing efficiency is among the stronger outlet results. Conversion rate is below the lower-performing outlet range. Marketing spend represents a relatively lower proportion of sales revenue.,"Continue monitoring successful campaigns and consider scaling effective activities. Improve campaign targeting, customer engagement, offers, and conversion-focused activities.",48.09,Moderate,40,25862,1716,1.29,4,20,Digital Campaign,6.64,Needs Improvement,"Marketing effectiveness is 48.1/100 (Moderate). Campaign ROI averages 1.29, with 6.64% engagement across 40 campaigns.","Review low-ROI campaigns, narrow audience targeting, and move budget to campaign types with stronger conversion results."
OUT0326,38,2605059.97,51978978.86,34661.0,18.46,19.95,5.01,Moderate,Low,Marketing efficiency is within the middle range of outlet performance. Conversion rate is within the middle range of outlet performance. Marketing spend represents a relatively lower proportion of sales revenue.,Continue monitoring marketing performance and optimize campaigns using sales and conversion trends.,52.91,Moderate,40,49981,4610,1.77,8,6,Digital Campaign,9.22,Moderate,"Marketing effectiveness is 52.9/100 (Moderate). Campaign ROI averages 1.77, with 9.22% engagement across 40 campaigns.",Continue the strongest campaign mix and scale spend only where ROI and engagement remain above the network benchmark.
OUT0327,39,3100317.47,66702009.46,108682.0,25.84,21.51,4.65,Moderate,Low,Marketing efficiency is among the stronger outlet results. Conversion rate is within the middle range of outlet performance. Marketing spend represents a relatively lower proportion of sales revenue.,Continue monitoring successful campaigns and consider scaling effective activities.,70.14,Moderate,40,114497,14866,2.09,9,1,Digital Campaign,12.98,Moderate,"Marketing effectiveness is 70.1/100 (Moderate). Campaign ROI averages 2.09, with 12.98% engagement across 40 campaigns.",Continue the strongest campaign mix and scale spend only where ROI and engagement remain above the network benchmark.
OUT0328,40,2034230.86,39016019.3,64935.0,18.15,19.18,5.21,Needs Improvement,Medium,Marketing efficiency is below the lower-performing outlet range. Conversion rate is within the middle range of outlet performance. Marketing spend represents a relatively lower proportion of sales revenue.,Review marketing campaigns and redirect spending toward better-performing activities.,54.81,Moderate,40,84008,7442,1.38,3,17,Digital Campaign,8.86,Needs Improvement,"Marketing effectiveness is 54.8/100 (Moderate). Campaign ROI averages 1.38, with 8.86% engagement across 40 campaigns.","Review low-ROI campaigns, narrow audience targeting, and move budget to campaign types with stronger conversion results."
OUT0329,39,707700.38,13221923.3,11877.0,20.27,18.68,5.35,Needs Improvement,Medium,Marketing efficiency is below the lower-performing outlet range. Conversion rate is within the middle range of outlet performance. Marketing spend represents a relatively lower proportion of sales revenue.,Review marketing campaigns and redirect spending toward better-performing activities.,49.67,Moderate,40,12997,1123,0.93,3,27,Digital Campaign,8.64,Needs Improvement,"Marketing effectiveness is 49.7/100 (Moderate). Campaign ROI averages 0.93, with 8.64% engagement across 40 campaigns.","Review low-ROI campaigns, narrow audience targeting, and move budget to campaign types with stronger conversion results."
OUT0330,40,2634942.48,51653434.45,42833.0,26.24,19.6,5.1,Moderate,Low,Marketing efficiency is within the middle range of outlet performance. Conversion rate is within the middle range of outlet performance. Marketing spend represents a relatively lower proportion of sales revenue.,Continue monitoring marketing performance and optimize campaigns using sales and conversion trends.,59.72,Moderate,40,40914,5320,1.63,4,9,Digital Campaign,13.0,Moderate,"Marketing effectiveness is 59.7/100 (Moderate). Campaign ROI averages 1.63, with 13.00% engagement across 40 campaigns.",Continue the strongest campaign mix and scale spend only where ROI and engagement remain above the network benchmark.
OUT0331,39,4297245.25,80794753.47,53190.0,20.06,18.8,5.32,Needs Improvement,Medium,Marketing efficiency is below the lower-performing outlet range. Conversion rate is within the middle range of outlet performance. Marketing spend represents a relatively lower proportion of sales revenue.,Review marketing campaigns and redirect spending toward better-performing activities.,54.41,Moderate,40,79242,8027,2.05,9,1,Digital Campaign,10.13,Moderate,"Marketing effectiveness is 54.4/100 (Moderate). Campaign ROI averages 2.05, with 10.13% engagement across 40 campaigns.",Test campaign offers and targeting to improve conversion while protecting revenue per marketing rupee.
OUT0332,39,7553380.57,160445021.7,142110.0,31.64,21.24,4.71,High Performing,Low,Marketing efficiency is among the stronger outlet results. Conversion rate is among the stronger outlet results. Marketing spend represents a relatively lower proportion of sales revenue.,Continue monitoring successful campaigns and consider scaling effective activities.,78.31,High Performing,40,143894,22869,2.94,22,0,Digital Campaign,15.89,High Performing,"Marketing effectiveness is 78.3/100 (High Performing). Campaign ROI averages 2.94, with 15.89% engagement across 40 campaigns.",Continue the strongest campaign mix and scale spend only where ROI and engagement remain above the network benchmark.
OUT0333,39,2470623.94,48453930.81,32727.0,18.29,19.61,5.1,Moderate,Low,Marketing efficiency is within the middle range of outlet performance. Conversion rate is within the middle range of outlet performance. Marketing spend represents a relatively lower proportion of sales revenue.,Continue monitoring marketing performance and optimize campaigns using sales and conversion trends.,51.98,Moderate,40,45516,4131,1.71,8,12,Digital Campaign,9.08,Moderate,"Marketing effectiveness is 52.0/100 (Moderate). Campaign ROI averages 1.71, with 9.08% engagement across 40 campaigns.",Continue the strongest campaign mix and scale spend only where ROI and engagement remain above the network benchmark.
OUT0334,36,4711409.52,83082938.9,48712.0,15.99,17.63,5.67,Needs Improvement,High,Marketing efficiency is below the lower-performing outlet range. Conversion rate is below the lower-performing outlet range. Marketing spend represents a relatively lower proportion of sales revenue.,"Review marketing campaigns and redirect spending toward better-performing activities. Improve campaign targeting, customer engagement, offers, and conversion-focused activities.",48.56,Moderate,40,100807,8120,1.97,11,3,Digital Campaign,8.05,Moderate,"Marketing effectiveness is 48.6/100 (Moderate). Campaign ROI averages 1.97, with 8.05% engagement across 40 campaigns.",Continue the strongest campaign mix and scale spend only where ROI and engagement remain above the network benchmark.
OUT0335,40,715086.4,14513137.79,22775.0,14.97,20.3,4.93,Needs Improvement,Medium,Marketing efficiency is within the middle range of outlet performance. Conversion rate is below the lower-performing outlet range. Marketing spend represents a relatively lower proportion of sales revenue.,"Improve campaign targeting, customer engagement, offers, and conversion-focused activities.",49.23,Moderate,40,30362,2099,1.12,3,26,Digital Campaign,6.91,Needs Improvement,"Marketing effectiveness is 49.2/100 (Moderate). Campaign ROI averages 1.12, with 6.91% engagement across 40 campaigns.","Review low-ROI campaigns, narrow audience targeting, and move budget to campaign types with stronger conversion results."
OUT0336,40,741978.7,15718791.09,30958.0,19.63,21.18,4.72,Moderate,Low,Marketing efficiency is among the stronger outlet results. Conversion rate is within the middle range of outlet performance. Marketing spend represents a relatively lower proportion of sales revenue.,Continue monitoring successful campaigns and consider scaling effective activities.,55.54,Moderate,40,31532,2867,1.22,6,24,Digital Campaign,9.09,Needs Improvement,"Marketing effectiveness is 55.5/100 (Moderate). Campaign ROI averages 1.22, with 9.09% engagement across 40 campaigns.","Review low-ROI campaigns, narrow audience targeting, and move budget to campaign types with stronger conversion results."
OUT0337,37,1952667.41,36309428.66,20628.0,15.11,18.59,5.38,Needs Improvement,High,Marketing efficiency is below the lower-performing outlet range. Conversion rate is below the lower-performing outlet range. Marketing spend represents a relatively lower proportion of sales revenue.,"Review marketing campaigns and redirect spending toward better-performing activities. Improve campaign targeting, customer engagement, offers, and conversion-focused activities.",46.24,Moderate,40,35553,2691,1.37,4,19,Digital Campaign,7.57,Needs Improvement,"Marketing effectiveness is 46.2/100 (Moderate). Campaign ROI averages 1.37, with 7.57% engagement across 40 campaigns.","Review low-ROI campaigns, narrow audience targeting, and move budget to campaign types with stronger conversion results."
OUT0338,39,3713706.03,76938128.42,59004.0,17.88,20.72,4.83,Moderate,Low,Marketing efficiency is within the middle range of outlet performance. Conversion rate is within the middle range of outlet performance. Marketing spend represents a relatively lower proportion of sales revenue.,Continue monitoring marketing performance and optimize campaigns using sales and conversion trends.,56.5,Moderate,40,93420,8379,2.23,17,2,Digital Campaign,8.97,Moderate,"Marketing effectiveness is 56.5/100 (Moderate). Campaign ROI averages 2.23, with 8.97% engagement across 40 campaigns.",Continue the strongest campaign mix and scale spend only where ROI and engagement remain above the network benchmark.
OUT0339,39,5202510.99,98585508.64,54608.0,28.0,18.95,5.28,Needs Improvement,Medium,Marketing efficiency is below the lower-performing outlet range. Conversion rate is among the stronger outlet results. Marketing spend represents a relatively lower proportion of sales revenue.,Review marketing campaigns and redirect spending toward better-performing activities.,61.42,Moderate,40,60049,8440,2.17,13,1,Digital Campaign,14.06,Moderate,"Marketing effectiveness is 61.4/100 (Moderate). Campaign ROI averages 2.17, with 14.06% engagement across 40 campaigns.",Test campaign offers and targeting to improve conversion while protecting revenue per marketing rupee.
OUT0340,40,4269376.38,92763647.4,134007.0,22.59,21.73,4.6,Moderate,Low,Marketing efficiency is among the stronger outlet results. Conversion rate is within the middle range of outlet performance. Marketing spend represents a relatively lower proportion of sales revenue.,Continue monitoring successful campaigns and consider scaling effective activities.,70.69,Moderate,40,169031,19223,2.46,18,1,Digital Campaign,11.37,High Performing,"Marketing effectiveness is 70.7/100 (Moderate). Campaign ROI averages 2.46, with 11.37% engagement across 40 campaigns.",Continue the strongest campaign mix and scale spend only where ROI and engagement remain above the network benchmark.
OUT0341,40,3841876.81,78373353.56,60811.0,23.88,20.4,4.9,Moderate,Low,Marketing efficiency is within the middle range of outlet performance. Conversion rate is within the middle range of outlet performance. Marketing spend represents a relatively lower proportion of sales revenue.,Continue monitoring marketing performance and optimize campaigns using sales and conversion trends.,61.16,Moderate,40,71118,8561,2.11,14,3,Digital Campaign,12.04,Moderate,"Marketing effectiveness is 61.2/100 (Moderate). Campaign ROI averages 2.11, with 12.04% engagement across 40 campaigns.",Continue the strongest campaign mix and scale spend only where ROI and engagement remain above the network benchmark.
OUT0342,40,7076453.45,147304158.88,87336.0,28.38,20.82,4.8,High Performing,Low,Marketing efficiency is among the stronger outlet results. Conversion rate is among the stronger outlet results. Marketing spend represents a relatively lower proportion of sales revenue.,Continue monitoring successful campaigns and consider scaling effective activities.,68.63,Moderate,40,95661,13663,2.67,19,0,Digital Campaign,14.28,High Performing,"Marketing effectiveness is 68.6/100 (Moderate). Campaign ROI averages 2.67, with 14.28% engagement across 40 campaigns.",Continue the strongest campaign mix and scale spend only where ROI and engagement remain above the network benchmark.
OUT0343,40,1331808.98,25662392.44,28245.0,15.59,19.27,5.19,Needs Improvement,High,Marketing efficiency is below the lower-performing outlet range. Conversion rate is below the lower-performing outlet range. Marketing spend represents a relatively lower proportion of sales revenue.,"Review marketing campaigns and redirect spending toward better-performing activities. Improve campaign targeting, customer engagement, offers, and conversion-focused activities.",48.64,Moderate,40,39192,2899,1.21,3,23,Digital Campaign,7.4,Needs Improvement,"Marketing effectiveness is 48.6/100 (Moderate). Campaign ROI averages 1.21, with 7.40% engagement across 40 campaigns.","Review low-ROI campaigns, narrow audience targeting, and move budget to campaign types with stronger conversion results."
OUT0344,39,381049.93,7307743.0,14874.0,18.81,19.18,5.21,Needs Improvement,Medium,Marketing efficiency is below the lower-performing outlet range. Conversion rate is within the middle range of outlet performance. Marketing spend represents a relatively lower proportion of sales revenue.,Review marketing campaigns and redirect spending toward better-performing activities.,49.63,Moderate,40,15621,1337,0.89,5,29,Digital Campaign,8.56,Needs Improvement,"Marketing effectiveness is 49.6/100 (Moderate). Campaign ROI averages 0.89, with 8.56% engagement across 40 campaigns.","Review low-ROI campaigns, narrow audience targeting, and move budget to campaign types with stronger conversion results."
OUT0345,40,1010641.69,20583003.3,41680.0,21.84,20.37,4.91,Moderate,Low,Marketing efficiency is within the middle range of outlet performance. Conversion rate is within the middle range of outlet performance. Marketing spend represents a relatively lower proportion of sales revenue.,Continue monitoring marketing performance and optimize campaigns using sales and conversion trends.,57.22,Moderate,40,39556,4047,1.21,5,24,Digital Campaign,10.23,Needs Improvement,"Marketing effectiveness is 57.2/100 (Moderate). Campaign ROI averages 1.21, with 10.23% engagement across 40 campaigns.","Review low-ROI campaigns, narrow audience targeting, and move budget to campaign types with stronger conversion results."
OUT0346,40,6696372.76,140769635.75,111485.0,29.14,21.02,4.76,High Performing,Low,Marketing efficiency is among the stronger outlet results. Conversion rate is among the stronger outlet results. Marketing spend represents a relatively lower proportion of sales revenue.,Continue monitoring successful campaigns and consider scaling effective activities.,72.36,Moderate,40,119380,17536,2.59,19,0,Digital Campaign,14.69,High Performing,"Marketing effectiveness is 72.4/100 (Moderate). Campaign ROI averages 2.59, with 14.69% engagement across 40 campaigns.",Continue the strongest campaign mix and scale spend only where ROI and engagement remain above the network benchmark.
OUT0347,37,1400866.22,30693810.15,50544.0,24.46,21.91,4.56,Moderate,Low,Marketing efficiency is among the stronger outlet results. Conversion rate is within the middle range of outlet performance. Marketing spend represents a relatively lower proportion of sales revenue.,Continue monitoring successful campaigns and consider scaling effective activities.,63.01,Moderate,40,49743,5810,1.57,8,18,Digital Campaign,11.68,Moderate,"Marketing effectiveness is 63.0/100 (Moderate). Campaign ROI averages 1.57, with 11.68% engagement across 40 campaigns.",Continue the strongest campaign mix and scale spend only where ROI and engagement remain above the network benchmark.
OUT0348,40,6059440.02,125843290.52,76238.0,18.69,20.77,4.82,Moderate,Low,Marketing efficiency is among the stronger outlet results. Conversion rate is within the middle range of outlet performance. Marketing spend represents a relatively lower proportion of sales revenue.,Continue monitoring successful campaigns and consider scaling effective activities.,59.23,Moderate,40,125003,11741,2.58,18,2,Digital Campaign,9.39,High Performing,"Marketing effectiveness is 59.2/100 (Moderate). Campaign ROI averages 2.58, with 9.39% engagement across 40 campaigns.",Continue the strongest campaign mix and scale spend only where ROI and engagement remain above the network benchmark.
OUT0349,39,13149077.34,266679029.0,156910.0,32.04,20.28,4.93,Moderate,Low,Marketing efficiency is within the middle range of outlet performance. Conversion rate is among the stronger outlet results. Marketing spend represents a relatively lower proportion of sales revenue.,Continue monitoring marketing performance and optimize campaigns using sales and conversion trends.,78.72,High Performing,40,160599,25699,2.71,18,1,Digital Campaign,16.0,High Performing,"Marketing effectiveness is 78.7/100 (High Performing). Campaign ROI averages 2.71, with 16.00% engagement across 40 campaigns.",Continue the strongest campaign mix and scale spend only where ROI and engagement remain above the network benchmark.
OUT0350,39,1564023.58,32370467.57,34194.0,19.79,20.7,4.83,Moderate,Low,Marketing efficiency is within the middle range of outlet performance. Conversion rate is within the middle range of outlet performance. Marketing spend represents a relatively lower proportion of sales revenue.,Continue monitoring marketing performance and optimize campaigns using sales and conversion trends.,55.21,Moderate,40,39479,3740,1.55,9,18,Digital Campaign,9.47,Moderate,"Marketing effectiveness is 55.2/100 (Moderate). Campaign ROI averages 1.55, with 9.47% engagement across 40 campaigns.",Continue the strongest campaign mix and scale spend only where ROI and engagement remain above the network benchmark.
OUT0351,35,1115682.06,23044510.01,36556.0,16.06,20.66,4.84,Needs Improvement,Medium,Marketing efficiency is within the middle range of outlet performance. Conversion rate is below the lower-performing outlet range. Marketing spend represents a relatively lower proportion of sales revenue.,"Improve campaign targeting, customer engagement, offers, and conversion-focused activities.",52.32,Moderate,40,55648,4338,1.24,4,21,Digital Campaign,7.8,Needs Improvement,"Marketing effectiveness is 52.3/100 (Moderate). Campaign ROI averages 1.24, with 7.80% engagement across 40 campaigns.","Review low-ROI campaigns, narrow audience targeting, and move budget to campaign types with stronger conversion results."
OUT0352,38,306261.89,6244507.4,13082.0,13.22,20.39,4.9,Needs Improvement,Medium,Marketing efficiency is within the middle range of outlet performance. Conversion rate is below the lower-performing outlet range. Marketing spend represents a relatively lower proportion of sales revenue.,"Improve campaign targeting, customer engagement, offers, and conversion-focused activities.",46.83,Moderate,40,19684,1180,1.12,4,24,Digital Campaign,5.99,Needs Improvement,"Marketing effectiveness is 46.8/100 (Moderate). Campaign ROI averages 1.12, with 5.99% engagement across 40 campaigns.","Review low-ROI campaigns, narrow audience targeting, and move budget to campaign types with stronger conversion results."
OUT0353,40,1988166.33,40764549.21,23212.0,24.13,20.5,4.88,Moderate,Low,Marketing efficiency is within the middle range of outlet performance. Conversion rate is within the middle range of outlet performance. Marketing spend represents a relatively lower proportion of sales revenue.,Continue monitoring marketing performance and optimize campaigns using sales and conversion trends.,57.24,Moderate,40,22525,2664,1.6,8,10,Digital Campaign,11.83,Moderate,"Marketing effectiveness is 57.2/100 (Moderate). Campaign ROI averages 1.60, with 11.83% engagement across 40 campaigns.",Continue the strongest campaign mix and scale spend only where ROI and engagement remain above the network benchmark.
OUT0354,39,10709376.81,228625344.33,141793.0,26.29,21.35,4.68,Moderate,Low,Marketing efficiency is among the stronger outlet results. Conversion rate is within the middle range of outlet performance. Marketing spend represents a relatively lower proportion of sales revenue.,Continue monitoring successful campaigns and consider scaling effective activities.,74.01,Moderate,40,175213,23098,3.19,22,2,Digital Campaign,13.18,High Performing,"Marketing effectiveness is 74.0/100 (Moderate). Campaign ROI averages 3.19, with 13.18% engagement across 40 campaigns.",Continue the strongest campaign mix and scale spend only where ROI and engagement remain above the network benchmark.
OUT0355,39,2264448.83,47516887.67,32424.0,16.07,20.98,4.77,Needs Improvement,Medium,Marketing efficiency is among the stronger outlet results. Conversion rate is below the lower-performing outlet range. Marketing spend represents a relatively lower proportion of sales revenue.,"Continue monitoring successful campaigns and consider scaling effective activities. Improve campaign targeting, customer engagement, offers, and conversion-focused activities.",52.41,Moderate,40,50359,3985,1.79,10,8,Digital Campaign,7.91,Moderate,"Marketing effectiveness is 52.4/100 (Moderate). Campaign ROI averages 1.79, with 7.91% engagement across 40 campaigns.",Test campaign offers and targeting to improve conversion while protecting revenue per marketing rupee.
OUT0356,38,1077146.39,20638738.82,27362.0,21.54,19.16,5.22,Needs Improvement,Medium,Marketing efficiency is below the lower-performing outlet range. Conversion rate is within the middle range of outlet performance. Marketing spend represents a relatively lower proportion of sales revenue.,Review marketing campaigns and redirect spending toward better-performing activities.,53.3,Moderate,40,28430,2878,1.13,5,24,Digital Campaign,10.12,Needs Improvement,"Marketing effectiveness is 53.3/100 (Moderate). Campaign ROI averages 1.13, with 10.12% engagement across 40 campaigns.","Review low-ROI campaigns, narrow audience targeting, and move budget to campaign types with stronger conversion results."
OUT0357,38,1419550.98,27154754.41,17436.0,13.44,19.13,5.23,Needs Improvement,High,Marketing efficiency is below the lower-performing outlet range. Conversion rate is below the lower-performing outlet range. Marketing spend represents a relatively lower proportion of sales revenue.,"Review marketing campaigns and redirect spending toward better-performing activities. Improve campaign targeting, customer engagement, offers, and conversion-focused activities.",45.38,Moderate,40,30186,1946,1.25,4,22,Digital Campaign,6.45,Needs Improvement,"Marketing effectiveness is 45.4/100 (Moderate). Campaign ROI averages 1.25, with 6.45% engagement across 40 campaigns.","Review low-ROI campaigns, narrow audience targeting, and move budget to campaign types with stronger conversion results."
OUT0358,38,5375836.8,101400161.52,63867.0,16.14,18.86,5.3,Needs Improvement,High,Marketing efficiency is below the lower-performing outlet range. Conversion rate is below the lower-performing outlet range. Marketing spend represents a relatively lower proportion of sales revenue.,"Review marketing campaigns and redirect spending toward better-performing activities. Improve campaign targeting, customer engagement, offers, and conversion-focused activities.",52.48,Moderate,40,126483,10167,2.18,13,1,Digital Campaign,8.04,Moderate,"Marketing effectiveness is 52.5/100 (Moderate). Campaign ROI averages 2.18, with 8.04% engagement across 40 campaigns.",Continue the strongest campaign mix and scale spend only where ROI and engagement remain above the network benchmark.
OUT0359,40,9895234.7,200813546.74,119590.0,31.84,20.29,4.93,Moderate,Low,Marketing efficiency is within the middle range of outlet performance. Conversion rate is among the stronger outlet results. Marketing spend represents a relatively lower proportion of sales revenue.,Continue monitoring marketing performance and optimize campaigns using sales and conversion trends.,74.31,Moderate,40,118488,19036,2.75,15,4,Digital Campaign,16.07,High Performing,"Marketing effectiveness is 74.3/100 (Moderate). Campaign ROI averages 2.75, with 16.07% engagement across 40 campaigns.",Continue the strongest campaign mix and scale spend only where ROI and engagement remain above the network benchmark.
OUT0360,40,2966458.28,55882079.95,41007.0,27.04,18.84,5.31,Needs Improvement,Medium,Marketing efficiency is below the lower-performing outlet range. Conversion rate is among the stronger outlet results. Marketing spend represents a relatively lower proportion of sales revenue.,Review marketing campaigns and redirect spending toward better-performing activities.,58.89,Moderate,40,40030,5336,1.69,9,9,Digital Campaign,13.33,Moderate,"Marketing effectiveness is 58.9/100 (Moderate). Campaign ROI averages 1.69, with 13.33% engagement across 40 campaigns.",Test campaign offers and targeting to improve conversion while protecting revenue per marketing rupee.
OUT0361,37,5462648.4,113604076.16,126051.0,31.37,20.8,4.81,High Performing,Low,Marketing efficiency is among the stronger outlet results. Conversion rate is among the stronger outlet results. Marketing spend represents a relatively lower proportion of sales revenue.,Continue monitoring successful campaigns and consider scaling effective activities.,75.51,High Performing,40,130614,19872,2.68,18,3,Digital Campaign,15.21,High Performing,"Marketing effectiveness is 75.5/100 (High Performing). Campaign ROI averages 2.68, with 15.21% engagement across 40 campaigns.",Continue the strongest campaign mix and scale spend only where ROI and engagement remain above the network benchmark.
OUT0362,40,2484581.25,52755980.25,33251.0,16.61,21.23,4.71,Needs Improvement,Medium,Marketing efficiency is among the stronger outlet results. Conversion rate is below the lower-performing outlet range. Marketing spend represents a relatively lower proportion of sales revenue.,"Continue monitoring successful campaigns and consider scaling effective activities. Improve campaign targeting, customer engagement, offers, and conversion-focused activities.",53.37,Moderate,40,49502,4064,1.89,10,6,Digital Campaign,8.21,Moderate,"Marketing effectiveness is 53.4/100 (Moderate). Campaign ROI averages 1.89, with 8.21% engagement across 40 campaigns.",Test campaign offers and targeting to improve conversion while protecting revenue per marketing rupee.
OUT0363,40,1149952.66,23811668.41,26563.0,22.57,20.71,4.83,Moderate,Low,Marketing efficiency is within the middle range of outlet performance. Conversion rate is within the middle range of outlet performance. Marketing spend represents a relatively lower proportion of sales revenue.,Continue monitoring marketing performance and optimize campaigns using sales and conversion trends.,56.67,Moderate,40,25576,2637,1.22,2,20,Digital Campaign,10.31,Needs Improvement,"Marketing effectiveness is 56.7/100 (Moderate). Campaign ROI averages 1.22, with 10.31% engagement across 40 campaigns.","Review low-ROI campaigns, narrow audience targeting, and move budget to campaign types with stronger conversion results."
OUT0364,38,2846727.64,58712198.91,37104.0,15.71,20.62,4.85,Needs Improvement,Medium,Marketing efficiency is within the middle range of outlet performance. Conversion rate is below the lower-performing outlet range. Marketing spend represents a relatively lower proportion of sales revenue.,"Improve campaign targeting, customer engagement, offers, and conversion-focused activities.",52.04,Moderate,40,64448,5029,1.97,9,4,Digital Campaign,7.8,Moderate,"Marketing effectiveness is 52.0/100 (Moderate). Campaign ROI averages 1.97, with 7.80% engagement across 40 campaigns.",Test campaign offers and targeting to improve conversion while protecting revenue per marketing rupee.
OUT0365,38,2131195.45,44933884.73,26303.0,10.83,21.08,4.74,Needs Improvement,Medium,Marketing efficiency is among the stronger outlet results. Conversion rate is below the lower-performing outlet range. Marketing spend represents a relatively lower proportion of sales revenue.,"Continue monitoring successful campaigns and consider scaling effective activities. Improve campaign targeting, customer engagement, offers, and conversion-focused activities.",47.52,Moderate,40,62037,3295,1.68,6,8,Digital Campaign,5.31,Moderate,"Marketing effectiveness is 47.5/100 (Moderate). Campaign ROI averages 1.68, with 5.31% engagement across 40 campaigns.",Test campaign offers and targeting to improve conversion while protecting revenue per marketing rupee.
OUT0366,39,1170980.08,23212699.99,16454.0,15.6,19.82,5.04,Needs Improvement,Medium,Marketing efficiency is within the middle range of outlet performance. Conversion rate is below the lower-performing outlet range. Marketing spend represents a relatively lower proportion of sales revenue.,"Improve campaign targeting, customer engagement, offers, and conversion-focused activities.",48.24,Moderate,40,23162,1714,1.26,7,24,Digital Campaign,7.4,Needs Improvement,"Marketing effectiveness is 48.2/100 (Moderate). Campaign ROI averages 1.26, with 7.40% engagement across 40 campaigns.","Review low-ROI campaigns, narrow audience targeting, and move budget to campaign types with stronger conversion results."
OUT0367,40,2951293.81,59724944.45,52792.0,26.31,20.24,4.94,Moderate,Low,Marketing efficiency is within the middle range of outlet performance. Conversion rate is within the middle range of outlet performance. Marketing spend represents a relatively lower proportion of sales revenue.,Continue monitoring marketing performance and optimize campaigns using sales and conversion trends.,61.98,Moderate,40,52121,6864,1.86,10,5,Digital Campaign,13.17,Moderate,"Marketing effectiveness is 62.0/100 (Moderate). Campaign ROI averages 1.86, with 13.17% engagement across 40 campaigns.",Continue the strongest campaign mix and scale spend only where ROI and engagement remain above the network benchmark.
OUT0368,40,1101950.85,23026372.21,18777.0,13.36,20.9,4.79,Needs Improvement,Medium,Marketing efficiency is among the stronger outlet results. Conversion rate is below the lower-performing outlet range. Marketing spend represents a relatively lower proportion of sales revenue.,"Continue monitoring successful campaigns and consider scaling effective activities. Improve campaign targeting, customer engagement, offers, and conversion-focused activities.",48.44,Moderate,40,30126,1854,1.32,4,17,Digital Campaign,6.15,Needs Improvement,"Marketing effectiveness is 48.4/100 (Moderate). Campaign ROI averages 1.32, with 6.15% engagement across 40 campaigns.","Review low-ROI campaigns, narrow audience targeting, and move budget to campaign types with stronger conversion results."
OUT0369,40,3071644.44,60628332.67,62012.0,31.23,19.74,5.07,Moderate,Low,Marketing efficiency is within the middle range of outlet performance. Conversion rate is among the stronger outlet results. Marketing spend represents a relatively lower proportion of sales revenue.,Continue monitoring marketing performance and optimize campaigns using sales and conversion trends.,66.28,Moderate,40,52418,8159,1.81,6,4,Digital Campaign,15.57,Moderate,"Marketing effectiveness is 66.3/100 (Moderate). Campaign ROI averages 1.81, with 15.57% engagement across 40 campaigns.",Continue the strongest campaign mix and scale spend only where ROI and engagement remain above the network benchmark.
OUT0370,40,7449081.79,135195587.6,92736.0,32.56,18.15,5.51,Needs Improvement,Medium,Marketing efficiency is below the lower-performing outlet range. Conversion rate is among the stronger outlet results. Marketing spend represents a relatively lower proportion of sales revenue.,Review marketing campaigns and redirect spending toward better-performing activities.,68.23,Moderate,40,89099,14541,2.19,13,4,Digital Campaign,16.32,Moderate,"Marketing effectiveness is 68.2/100 (Moderate). Campaign ROI averages 2.19, with 16.32% engagement across 40 campaigns.",Test campaign offers and targeting to improve conversion while protecting revenue per marketing rupee.
OUT0371,39,1444341.32,29377244.75,39389.0,24.2,20.34,4.92,Moderate,Low,Marketing efficiency is within the middle range of outlet performance. Conversion rate is within the middle range of outlet performance. Marketing spend represents a relatively lower proportion of sales revenue.,Continue monitoring marketing performance and optimize campaigns using sales and conversion trends.,58.87,Moderate,40,37953,4229,1.43,6,21,Digital Campaign,11.14,Moderate,"Marketing effectiveness is 58.9/100 (Moderate). Campaign ROI averages 1.43, with 11.14% engagement across 40 campaigns.",Continue the strongest campaign mix and scale spend only where ROI and engagement remain above the network benchmark.
OUT0372,39,2102393.21,42298293.88,27066.0,28.78,20.12,4.97,Moderate,Low,Marketing efficiency is within the middle range of outlet performance. Conversion rate is among the stronger outlet results. Marketing spend represents a relatively lower proportion of sales revenue.,Continue monitoring marketing performance and optimize campaigns using sales and conversion trends.,60.89,Moderate,40,23125,3334,1.55,5,9,Digital Campaign,14.42,Moderate,"Marketing effectiveness is 60.9/100 (Moderate). Campaign ROI averages 1.55, with 14.42% engagement across 40 campaigns.",Continue the strongest campaign mix and scale spend only where ROI and engagement remain above the network benchmark.
OUT0373,40,3978065.45,81730910.78,85310.0,20.56,20.55,4.87,Moderate,Low,Marketing efficiency is within the middle range of outlet performance. Conversion rate is within the middle range of outlet performance. Marketing spend represents a relatively lower proportion of sales revenue.,Continue monitoring marketing performance and optimize campaigns using sales and conversion trends.,61.45,Moderate,40,117616,12174,2.16,13,1,Digital Campaign,10.35,Moderate,"Marketing effectiveness is 61.5/100 (Moderate). Campaign ROI averages 2.16, with 10.35% engagement across 40 campaigns.",Continue the strongest campaign mix and scale spend only where ROI and engagement remain above the network benchmark.
OUT0374,40,2378113.38,46684241.35,32831.0,19.31,19.63,5.09,Moderate,Low,Marketing efficiency is within the middle range of outlet performance. Conversion rate is within the middle range of outlet performance. Marketing spend represents a relatively lower proportion of sales revenue.,Continue monitoring marketing performance and optimize campaigns using sales and conversion trends.,52.86,Moderate,40,41542,3945,1.63,8,15,Digital Campaign,9.5,Moderate,"Marketing effectiveness is 52.9/100 (Moderate). Campaign ROI averages 1.63, with 9.50% engagement across 40 campaigns.",Continue the strongest campaign mix and scale spend only where ROI and engagement remain above the network benchmark.
OUT0375,39,4613623.38,94512239.74,89063.0,21.43,20.49,4.88,Moderate,Low,Marketing efficiency is within the middle range of outlet performance. Conversion rate is within the middle range of outlet performance. Marketing spend represents a relatively lower proportion of sales revenue.,Continue monitoring marketing performance and optimize campaigns using sales and conversion trends.,62.49,Moderate,40,125956,13646,2.34,20,1,Digital Campaign,10.83,High Performing,"Marketing effectiveness is 62.5/100 (Moderate). Campaign ROI averages 2.34, with 10.83% engagement across 40 campaigns.",Continue the strongest campaign mix and scale spend only where ROI and engagement remain above the network benchmark.
OUT0376,39,2962819.14,58794562.65,66904.0,19.2,19.84,5.04,Moderate,Low,Marketing efficiency is within the middle range of outlet performance. Conversion rate is within the middle range of outlet performance. Marketing spend represents a relatively lower proportion of sales revenue.,Continue monitoring marketing performance and optimize campaigns using sales and conversion trends.,57.03,Moderate,40,93672,9001,1.84,8,5,Digital Campaign,9.61,Moderate,"Marketing effectiveness is 57.0/100 (Moderate). Campaign ROI averages 1.84, with 9.61% engagement across 40 campaigns.",Continue the strongest campaign mix and scale spend only where ROI and engagement remain above the network benchmark.
OUT0377,39,2754810.84,53685239.4,42331.0,20.92,19.49,5.13,Moderate,Low,Marketing efficiency is within the middle range of outlet performance. Conversion rate is within the middle range of outlet performance. Marketing spend represents a relatively lower proportion of sales revenue.,Continue monitoring marketing performance and optimize campaigns using sales and conversion trends.,55.05,Moderate,40,53567,5554,1.71,5,3,Digital Campaign,10.37,Moderate,"Marketing effectiveness is 55.0/100 (Moderate). Campaign ROI averages 1.71, with 10.37% engagement across 40 campaigns.",Continue the strongest campaign mix and scale spend only where ROI and engagement remain above the network benchmark.
OUT0378,39,3663008.92,80603259.42,93572.0,19.33,22.0,4.54,Moderate,Low,Marketing efficiency is among the stronger outlet results. Conversion rate is within the middle range of outlet performance. Marketing spend represents a relatively lower proportion of sales revenue.,Continue monitoring successful campaigns and consider scaling effective activities.,63.83,Moderate,40,137257,13327,2.32,18,0,Digital Campaign,9.71,High Performing,"Marketing effectiveness is 63.8/100 (Moderate). Campaign ROI averages 2.32, with 9.71% engagement across 40 campaigns.",Continue the strongest campaign mix and scale spend only where ROI and engagement remain above the network benchmark.
OUT0379,40,5684383.37,111255024.27,72985.0,19.3,19.57,5.11,Moderate,Low,Marketing efficiency is within the middle range of outlet performance. Conversion rate is within the middle range of outlet performance. Marketing spend represents a relatively lower proportion of sales revenue.,Continue monitoring marketing performance and optimize campaigns using sales and conversion trends.,57.35,Moderate,40,113802,10990,2.36,14,0,Digital Campaign,9.66,High Performing,"Marketing effectiveness is 57.4/100 (Moderate). Campaign ROI averages 2.36, with 9.66% engagement across 40 campaigns.",Continue the strongest campaign mix and scale spend only where ROI and engagement remain above the network benchmark.
OUT0380,37,1573476.93,30282524.15,28127.0,21.39,19.25,5.2,Needs Improvement,Medium,Marketing efficiency is below the lower-performing outlet range. Conversion rate is within the middle range of outlet performance. Marketing spend represents a relatively lower proportion of sales revenue.,Review marketing campaigns and redirect spending toward better-performing activities.,53.41,Moderate,40,32108,3393,1.28,3,22,Digital Campaign,10.57,Needs Improvement,"Marketing effectiveness is 53.4/100 (Moderate). Campaign ROI averages 1.28, with 10.57% engagement across 40 campaigns.","Review low-ROI campaigns, narrow audience targeting, and move budget to campaign types with stronger conversion results."
OUT0381,38,7652159.2,138998226.86,130123.0,25.36,18.16,5.51,Needs Improvement,Medium,Marketing efficiency is below the lower-performing outlet range. Conversion rate is within the middle range of outlet performance. Marketing spend represents a relatively lower proportion of sales revenue.,Review marketing campaigns and redirect spending toward better-performing activities.,66.55,Moderate,40,168786,21430,2.23,11,3,Digital Campaign,12.7,Moderate,"Marketing effectiveness is 66.5/100 (Moderate). Campaign ROI averages 2.23, with 12.70% engagement across 40 campaigns.",Test campaign offers and targeting to improve conversion while protecting revenue per marketing rupee.
OUT0382,40,6140394.41,118480787.31,86162.0,22.72,19.3,5.18,Needs Improvement,Medium,Marketing efficiency is below the lower-performing outlet range. Conversion rate is within the middle range of outlet performance. Marketing spend represents a relatively lower proportion of sales revenue.,Review marketing campaigns and redirect spending toward better-performing activities.,61.23,Moderate,40,114086,13133,2.37,17,4,Digital Campaign,11.51,High Performing,"Marketing effectiveness is 61.2/100 (Moderate). Campaign ROI averages 2.37, with 11.51% engagement across 40 campaigns.",Test campaign offers and targeting to improve conversion while protecting revenue per marketing rupee.
OUT0383,39,2510547.29,51539128.16,31264.0,17.45,20.53,4.87,Needs Improvement,Medium,Marketing efficiency is within the middle range of outlet performance. Conversion rate is below the lower-performing outlet range. Marketing spend represents a relatively lower proportion of sales revenue.,"Improve campaign targeting, customer engagement, offers, and conversion-focused activities.",52.65,Moderate,40,46839,3976,1.75,8,6,Digital Campaign,8.49,Moderate,"Marketing effectiveness is 52.6/100 (Moderate). Campaign ROI averages 1.75, with 8.49% engagement across 40 campaigns.",Test campaign offers and targeting to improve conversion while protecting revenue per marketing rupee.
OUT0384,39,1529312.83,29860605.34,18573.0,19.8,19.53,5.12,Moderate,Low,Marketing efficiency is within the middle range of outlet performance. Conversion rate is within the middle range of outlet performance. Marketing spend represents a relatively lower proportion of sales revenue.,Continue monitoring marketing performance and optimize campaigns using sales and conversion trends.,51.46,Moderate,40,22426,2044,1.23,2,20,Digital Campaign,9.11,Needs Improvement,"Marketing effectiveness is 51.5/100 (Moderate). Campaign ROI averages 1.23, with 9.11% engagement across 40 campaigns.","Review low-ROI campaigns, narrow audience targeting, and move budget to campaign types with stronger conversion results."
OUT0385,39,1086945.8,23614296.81,26935.0,22.2,21.73,4.6,Moderate,Low,Marketing efficiency is among the stronger outlet results. Conversion rate is within the middle range of outlet performance. Marketing spend represents a relatively lower proportion of sales revenue.,Continue monitoring successful campaigns and consider scaling effective activities.,58.12,Moderate,40,26268,2750,1.38,5,19,Digital Campaign,10.47,Needs Improvement,"Marketing effectiveness is 58.1/100 (Moderate). Campaign ROI averages 1.38, with 10.47% engagement across 40 campaigns.","Review low-ROI campaigns, narrow audience targeting, and move budget to campaign types with stronger conversion results."
OUT0386,38,6616023.58,129412988.95,140489.0,28.86,19.56,5.11,Moderate,Low,Marketing efficiency is within the middle range of outlet performance. Conversion rate is among the stronger outlet results. Marketing spend represents a relatively lower proportion of sales revenue.,Continue monitoring marketing performance and optimize campaigns using sales and conversion trends.,72.99,Moderate,40,159672,23110,2.57,20,2,Digital Campaign,14.47,High Performing,"Marketing effectiveness is 73.0/100 (Moderate). Campaign ROI averages 2.57, with 14.47% engagement across 40 campaigns.",Continue the strongest campaign mix and scale spend only where ROI and engagement remain above the network benchmark.
OUT0387,38,1337673.01,26736358.59,25357.0,16.2,19.99,5.0,Needs Improvement,Medium,Marketing efficiency is within the middle range of outlet performance. Conversion rate is below the lower-performing outlet range. Marketing spend represents a relatively lower proportion of sales revenue.,"Improve campaign targeting, customer engagement, offers, and conversion-focused activities.",50.03,Moderate,40,36246,2800,1.34,8,21,Digital Campaign,7.72,Needs Improvement,"Marketing effectiveness is 50.0/100 (Moderate). Campaign ROI averages 1.34, with 7.72% engagement across 40 campaigns.","Review low-ROI campaigns, narrow audience targeting, and move budget to campaign types with stronger conversion results."
OUT0388,39,2790835.51,57602776.45,60567.0,22.75,20.64,4.84,Moderate,Low,Marketing efficiency is within the middle range of outlet performance. Conversion rate is within the middle range of outlet performance. Marketing spend represents a relatively lower proportion of sales revenue.,Continue monitoring marketing performance and optimize campaigns using sales and conversion trends.,60.59,Moderate,40,70226,7992,1.89,7,4,Digital Campaign,11.38,Moderate,"Marketing effectiveness is 60.6/100 (Moderate). Campaign ROI averages 1.89, with 11.38% engagement across 40 campaigns.",Continue the strongest campaign mix and scale spend only where ROI and engagement remain above the network benchmark.
OUT0389,38,434125.57,9448265.23,19506.0,23.87,21.76,4.59,Moderate,Low,Marketing efficiency is among the stronger outlet results. Conversion rate is within the middle range of outlet performance. Marketing spend represents a relatively lower proportion of sales revenue.,Continue monitoring successful campaigns and consider scaling effective activities.,58.72,Moderate,40,16756,1827,1.12,2,23,Digital Campaign,10.9,Needs Improvement,"Marketing effectiveness is 58.7/100 (Moderate). Campaign ROI averages 1.11, with 10.90% engagement across 40 campaigns.","Review low-ROI campaigns, narrow audience targeting, and move budget to campaign types with stronger conversion results."
OUT0390,39,2096282.83,42858078.27,90183.0,28.84,20.44,4.89,Moderate,Low,Marketing efficiency is within the middle range of outlet performance. Conversion rate is among the stronger outlet results. Marketing spend represents a relatively lower proportion of sales revenue.,Continue monitoring marketing performance and optimize campaigns using sales and conversion trends.,68.71,Moderate,40,76531,10769,1.59,7,12,Digital Campaign,14.07,Moderate,"Marketing effectiveness is 68.7/100 (Moderate). Campaign ROI averages 1.59, with 14.07% engagement across 40 campaigns.",Continue the strongest campaign mix and scale spend only where ROI and engagement remain above the network benchmark.
OUT0391,36,1605701.6,32488075.9,18863.0,13.07,20.23,4.94,Needs Improvement,Medium,Marketing efficiency is within the middle range of outlet performance. Conversion rate is below the lower-performing outlet range. Marketing spend represents a relatively lower proportion of sales revenue.,"Improve campaign targeting, customer engagement, offers, and conversion-focused activities.",47.1,Moderate,40,36786,2317,1.45,5,18,Digital Campaign,6.3,Moderate,"Marketing effectiveness is 47.1/100 (Moderate). Campaign ROI averages 1.45, with 6.30% engagement across 40 campaigns.",Test campaign offers and targeting to improve conversion while protecting revenue per marketing rupee.
OUT0392,39,883195.61,18340017.0,24242.0,19.26,20.77,4.82,Moderate,Low,Marketing efficiency is among the stronger outlet results. Conversion rate is within the middle range of outlet performance. Marketing spend represents a relatively lower proportion of sales revenue.,Continue monitoring successful campaigns and consider scaling effective activities.,53.76,Moderate,40,26581,2395,1.16,1,24,Digital Campaign,9.01,Needs Improvement,"Marketing effectiveness is 53.8/100 (Moderate). Campaign ROI averages 1.16, with 9.01% engagement across 40 campaigns.","Review low-ROI campaigns, narrow audience targeting, and move budget to campaign types with stronger conversion results."
OUT0393,38,1772103.11,34426135.75,40500.0,14.42,19.43,5.15,Needs Improvement,Medium,Marketing efficiency is within the middle range of outlet performance. Conversion rate is below the lower-performing outlet range. Marketing spend represents a relatively lower proportion of sales revenue.,"Improve campaign targeting, customer engagement, offers, and conversion-focused activities.",49.34,Moderate,40,68300,4825,1.3,3,18,Digital Campaign,7.06,Needs Improvement,"Marketing effectiveness is 49.3/100 (Moderate). Campaign ROI averages 1.30, with 7.06% engagement across 40 campaigns.","Review low-ROI campaigns, narrow audience targeting, and move budget to campaign types with stronger conversion results."
OUT0394,40,1925672.46,37792170.23,43290.0,11.85,19.63,5.1,Needs Improvement,Medium,Marketing efficiency is within the middle range of outlet performance. Conversion rate is below the lower-performing outlet range. Marketing spend represents a relatively lower proportion of sales revenue.,"Improve campaign targeting, customer engagement, offers, and conversion-focused activities.",47.86,Moderate,40,84102,4874,1.41,5,19,Digital Campaign,5.8,Moderate,"Marketing effectiveness is 47.9/100 (Moderate). Campaign ROI averages 1.41, with 5.80% engagement across 40 campaigns.",Test campaign offers and targeting to improve conversion while protecting revenue per marketing rupee.
OUT0395,37,6320700.86,140694350.88,87028.0,28.17,22.26,4.49,High Performing,Low,Marketing efficiency is among the stronger outlet results. Conversion rate is among the stronger outlet results. Marketing spend represents a relatively lower proportion of sales revenue.,Continue monitoring successful campaigns and consider scaling effective activities.,70.85,Moderate,40,103424,14469,3.03,22,2,Digital Campaign,13.99,High Performing,"Marketing effectiveness is 70.8/100 (Moderate). Campaign ROI averages 3.03, with 13.99% engagement across 40 campaigns.",Continue the strongest campaign mix and scale spend only where ROI and engagement remain above the network benchmark.
OUT0396,40,3961492.49,72948700.23,66183.0,18.89,18.41,5.43,Needs Improvement,Medium,Marketing efficiency is below the lower-performing outlet range. Conversion rate is within the middle range of outlet performance. Marketing spend represents a relatively lower proportion of sales revenue.,Review marketing campaigns and redirect spending toward better-performing activities.,54.28,Moderate,40,98349,9428,1.93,11,5,Digital Campaign,9.59,Moderate,"Marketing effectiveness is 54.3/100 (Moderate). Campaign ROI averages 1.93, with 9.59% engagement across 40 campaigns.",Test campaign offers and targeting to improve conversion while protecting revenue per marketing rupee.
OUT0397,38,2322065.18,45133046.6,41923.0,15.57,19.44,5.14,Needs Improvement,Medium,Marketing efficiency is within the middle range of outlet performance. Conversion rate is below the lower-performing outlet range. Marketing spend represents a relatively lower proportion of sales revenue.,"Improve campaign targeting, customer engagement, offers, and conversion-focused activities.",50.47,Moderate,40,69931,5399,1.59,7,11,Digital Campaign,7.72,Moderate,"Marketing effectiveness is 50.5/100 (Moderate). Campaign ROI averages 1.59, with 7.72% engagement across 40 campaigns.",Test campaign offers and targeting to improve conversion while protecting revenue per marketing rupee.
OUT0398,40,1740588.96,34362698.5,63124.0,30.41,19.74,5.07,Moderate,Low,Marketing efficiency is within the middle range of outlet performance. Conversion rate is among the stronger outlet results. Marketing spend represents a relatively lower proportion of sales revenue.,Continue monitoring marketing performance and optimize campaigns using sales and conversion trends.,65.73,Moderate,40,47140,6916,1.42,5,18,Digital Campaign,14.67,Moderate,"Marketing effectiveness is 65.7/100 (Moderate). Campaign ROI averages 1.42, with 14.67% engagement across 40 campaigns.",Continue the strongest campaign mix and scale spend only where ROI and engagement remain above the network benchmark.
OUT0399,39,1187397.74,23379420.97,20535.0,16.8,19.69,5.08,Needs Improvement,Medium,Marketing efficiency is within the middle range of outlet performance. Conversion rate is below the lower-performing outlet range. Marketing spend represents a relatively lower proportion of sales revenue.,"Improve campaign targeting, customer engagement, offers, and conversion-focused activities.",49.47,Moderate,40,27700,2144,1.2,4,21,Digital Campaign,7.74,Needs Improvement,"Marketing effectiveness is 49.5/100 (Moderate). Campaign ROI averages 1.20, with 7.74% engagement across 40 campaigns.","Review low-ROI campaigns, narrow audience targeting, and move budget to campaign types with stronger conversion results."
OUT0400,40,1361868.59,29088504.91,26345.0,27.43,21.36,4.68,High Performing,Low,Marketing efficiency is among the stronger outlet results. Conversion rate is among the stronger outlet results. Marketing spend represents a relatively lower proportion of sales revenue.,Continue monitoring successful campaigns and consider scaling effective activities.,61.78,Moderate,40,20848,2720,1.56,10,20,Digital Campaign,13.05,Moderate,"Marketing effectiveness is 61.8/100 (Moderate). Campaign ROI averages 1.56, with 13.05% engagement across 40 campaigns.",Continue the strongest campaign mix and scale spend only where ROI and engagement remain above the network benchmark.
OUT0401,38,5607694.01,111167739.1,76306.0,30.18,19.82,5.04,Moderate,Low,Marketing efficiency is within the middle range of outlet performance. Conversion rate is among the stronger outlet results. Marketing spend represents a relatively lower proportion of sales revenue.,Continue monitoring marketing performance and optimize campaigns using sales and conversion trends.,67.19,Moderate,40,81063,12254,2.42,16,1,Digital Campaign,15.12,High Performing,"Marketing effectiveness is 67.2/100 (Moderate). Campaign ROI averages 2.42, with 15.12% engagement across 40 campaigns.",Continue the strongest campaign mix and scale spend only where ROI and engagement remain above the network benchmark.
OUT0402,37,1716089.49,33776250.89,36400.0,17.72,19.68,5.08,Needs Improvement,Medium,Marketing efficiency is within the middle range of outlet performance. Conversion rate is below the lower-performing outlet range. Marketing spend represents a relatively lower proportion of sales revenue.,"Improve campaign targeting, customer engagement, offers, and conversion-focused activities.",52.04,Moderate,40,50932,4418,1.39,5,15,Digital Campaign,8.67,Moderate,"Marketing effectiveness is 52.0/100 (Moderate). Campaign ROI averages 1.39, with 8.67% engagement across 40 campaigns.",Test campaign offers and targeting to improve conversion while protecting revenue per marketing rupee.
OUT0403,39,1904508.91,36781614.74,34834.0,21.37,19.31,5.18,Moderate,Low,Marketing efficiency is within the middle range of outlet performance. Conversion rate is within the middle range of outlet performance. Marketing spend represents a relatively lower proportion of sales revenue.,Continue monitoring marketing performance and optimize campaigns using sales and conversion trends.,54.27,Moderate,40,39546,4063,1.41,6,18,Digital Campaign,10.27,Moderate,"Marketing effectiveness is 54.3/100 (Moderate). Campaign ROI averages 1.41, with 10.27% engagement across 40 campaigns.",Continue the strongest campaign mix and scale spend only where ROI and engagement remain above the network benchmark.
OUT0404,40,1016339.18,19937073.3,11988.0,13.62,19.62,5.1,Needs Improvement,Medium,Marketing efficiency is within the middle range of outlet performance. Conversion rate is below the lower-performing outlet range. Marketing spend represents a relatively lower proportion of sales revenue.,"Improve campaign targeting, customer engagement, offers, and conversion-focused activities.",45.73,Moderate,40,20076,1167,1.17,5,26,Digital Campaign,5.81,Needs Improvement,"Marketing effectiveness is 45.7/100 (Moderate). Campaign ROI averages 1.17, with 5.81% engagement across 40 campaigns.","Review low-ROI campaigns, narrow audience targeting, and move budget to campaign types with stronger conversion results."
OUT0405,40,1715202.32,33573522.07,26811.0,9.46,19.57,5.11,Needs Improvement,Medium,Marketing efficiency is within the middle range of outlet performance. Conversion rate is below the lower-performing outlet range. Marketing spend represents a relatively lower proportion of sales revenue.,"Improve campaign targeting, customer engagement, offers, and conversion-focused activities.",43.9,Moderate,40,64119,2926,1.31,5,21,Digital Campaign,4.56,Needs Improvement,"Marketing effectiveness is 43.9/100 (Moderate). Campaign ROI averages 1.31, with 4.56% engagement across 40 campaigns.","Review low-ROI campaigns, narrow audience targeting, and move budget to campaign types with stronger conversion results."
OUT0406,39,2801394.21,60628449.54,97153.0,23.1,21.64,4.62,Moderate,Low,Marketing efficiency is among the stronger outlet results. Conversion rate is within the middle range of outlet performance. Marketing spend represents a relatively lower proportion of sales revenue.,Continue monitoring successful campaigns and consider scaling effective activities.,66.75,Moderate,40,110193,12770,2.05,12,2,Digital Campaign,11.59,Moderate,"Marketing effectiveness is 66.8/100 (Moderate). Campaign ROI averages 2.05, with 11.59% engagement across 40 campaigns.",Continue the strongest campaign mix and scale spend only where ROI and engagement remain above the network benchmark.
OUT0407,39,2823470.23,61510381.52,40297.0,24.86,21.79,4.59,Moderate,Low,Marketing efficiency is among the stronger outlet results. Conversion rate is within the middle range of outlet performance. Marketing spend represents a relatively lower proportion of sales revenue.,Continue monitoring successful campaigns and consider scaling effective activities.,61.96,Moderate,40,42982,5354,2.12,15,2,Digital Campaign,12.46,Moderate,"Marketing effectiveness is 62.0/100 (Moderate). Campaign ROI averages 2.12, with 12.46% engagement across 40 campaigns.",Continue the strongest campaign mix and scale spend only where ROI and engagement remain above the network benchmark.
OUT0408,39,993583.16,19914184.08,33306.0,15.86,20.04,4.99,Needs Improvement,Medium,Marketing efficiency is within the middle range of outlet performance. Conversion rate is below the lower-performing outlet range. Marketing spend represents a relatively lower proportion of sales revenue.,"Improve campaign targeting, customer engagement, offers, and conversion-focused activities.",50.75,Moderate,40,44526,3362,1.16,2,20,Digital Campaign,7.55,Needs Improvement,"Marketing effectiveness is 50.8/100 (Moderate). Campaign ROI averages 1.16, with 7.55% engagement across 40 campaigns.","Review low-ROI campaigns, narrow audience targeting, and move budget to campaign types with stronger conversion results."
OUT0409,39,1443905.33,27213743.95,15458.0,20.41,18.85,5.31,Needs Improvement,Medium,Marketing efficiency is below the lower-performing outlet range. Conversion rate is within the middle range of outlet performance. Marketing spend represents a relatively lower proportion of sales revenue.,Review marketing campaigns and redirect spending toward better-performing activities.,50.48,Moderate,40,19949,1669,1.14,3,25,Digital Campaign,8.37,Needs Improvement,"Marketing effectiveness is 50.5/100 (Moderate). Campaign ROI averages 1.14, with 8.37% engagement across 40 campaigns.","Review low-ROI campaigns, narrow audience targeting, and move budget to campaign types with stronger conversion results."
OUT0410,40,1441988.03,28974340.21,40100.0,22.92,20.09,4.98,Moderate,Low,Marketing efficiency is within the middle range of outlet performance. Conversion rate is within the middle range of outlet performance. Marketing spend represents a relatively lower proportion of sales revenue.,Continue monitoring marketing performance and optimize campaigns using sales and conversion trends.,57.48,Moderate,40,38305,4191,1.27,3,19,Digital Campaign,10.94,Needs Improvement,"Marketing effectiveness is 57.5/100 (Moderate). Campaign ROI averages 1.27, with 10.94% engagement across 40 campaigns.","Review low-ROI campaigns, narrow audience targeting, and move budget to campaign types with stronger conversion results."
OUT0411,36,1654372.18,31895998.07,41647.0,23.17,19.28,5.19,Needs Improvement,Medium,Marketing efficiency is below the lower-performing outlet range. Conversion rate is within the middle range of outlet performance. Marketing spend represents a relatively lower proportion of sales revenue.,Review marketing campaigns and redirect spending toward better-performing activities.,56.48,Moderate,40,46542,5224,1.25,3,20,Digital Campaign,11.22,Needs Improvement,"Marketing effectiveness is 56.5/100 (Moderate). Campaign ROI averages 1.25, with 11.22% engagement across 40 campaigns.","Review low-ROI campaigns, narrow audience targeting, and move budget to campaign types with stronger conversion results."
OUT0412,39,4818750.54,86527902.15,90019.0,23.55,17.96,5.57,Needs Improvement,Medium,Marketing efficiency is below the lower-performing outlet range. Conversion rate is within the middle range of outlet performance. Marketing spend represents a relatively lower proportion of sales revenue.,Review marketing campaigns and redirect spending toward better-performing activities.,60.11,Moderate,40,114842,13789,1.93,8,2,Digital Campaign,12.01,Moderate,"Marketing effectiveness is 60.1/100 (Moderate). Campaign ROI averages 1.93, with 12.01% engagement across 40 campaigns.",Test campaign offers and targeting to improve conversion while protecting revenue per marketing rupee.
OUT0413,39,7658940.37,150848405.18,92144.0,30.32,19.7,5.08,Moderate,Low,Marketing efficiency is within the middle range of outlet performance. Conversion rate is among the stronger outlet results. Marketing spend represents a relatively lower proportion of sales revenue.,Continue monitoring marketing performance and optimize campaigns using sales and conversion trends.,68.9,Moderate,40,97792,14811,2.55,16,1,Digital Campaign,15.15,High Performing,"Marketing effectiveness is 68.9/100 (Moderate). Campaign ROI averages 2.55, with 15.15% engagement across 40 campaigns.",Continue the strongest campaign mix and scale spend only where ROI and engagement remain above the network benchmark.
OUT0414,40,2749943.53,53892751.52,46808.0,14.43,19.6,5.1,Needs Improvement,Medium,Marketing efficiency is within the middle range of outlet performance. Conversion rate is below the lower-performing outlet range. Marketing spend represents a relatively lower proportion of sales revenue.,"Improve campaign targeting, customer engagement, offers, and conversion-focused activities.",50.36,Moderate,40,82403,5937,1.73,8,11,Digital Campaign,7.2,Moderate,"Marketing effectiveness is 50.4/100 (Moderate). Campaign ROI averages 1.73, with 7.20% engagement across 40 campaigns.",Test campaign offers and targeting to improve conversion while protecting revenue per marketing rupee.
OUT0415,39,1454421.7,28924992.0,37643.0,11.02,19.89,5.03,Needs Improvement,Medium,Marketing efficiency is within the middle range of outlet performance. Conversion rate is below the lower-performing outlet range. Marketing spend represents a relatively lower proportion of sales revenue.,"Improve campaign targeting, customer engagement, offers, and conversion-focused activities.",46.96,Moderate,40,76754,4091,1.29,3,19,Digital Campaign,5.33,Needs Improvement,"Marketing effectiveness is 47.0/100 (Moderate). Campaign ROI averages 1.29, with 5.33% engagement across 40 campaigns.","Review low-ROI campaigns, narrow audience targeting, and move budget to campaign types with stronger conversion results."
OUT0416,38,3474002.48,68400260.35,41694.0,20.82,19.69,5.08,Moderate,Low,Marketing efficiency is within the middle range of outlet performance. Conversion rate is within the middle range of outlet performance. Marketing spend represents a relatively lower proportion of sales revenue.,Continue monitoring marketing performance and optimize campaigns using sales and conversion trends.,55.23,Moderate,40,58292,6140,2.02,11,2,Digital Campaign,10.53,Moderate,"Marketing effectiveness is 55.2/100 (Moderate). Campaign ROI averages 2.02, with 10.53% engagement across 40 campaigns.",Continue the strongest campaign mix and scale spend only where ROI and engagement remain above the network benchmark.
OUT0417,38,1633903.9,33819766.63,26773.0,17.5,20.7,4.83,Needs Improvement,Medium,Marketing efficiency is within the middle range of outlet performance. Conversion rate is below the lower-performing outlet range. Marketing spend represents a relatively lower proportion of sales revenue.,"Improve campaign targeting, customer engagement, offers, and conversion-focused activities.",52.47,Moderate,40,36521,3089,1.48,4,16,Digital Campaign,8.46,Moderate,"Marketing effectiveness is 52.5/100 (Moderate). Campaign ROI averages 1.48, with 8.46% engagement across 40 campaigns.",Test campaign offers and targeting to improve conversion while protecting revenue per marketing rupee.
OUT0418,39,1403619.85,27565815.81,43870.0,23.71,19.64,5.09,Moderate,Low,Marketing efficiency is within the middle range of outlet performance. Conversion rate is within the middle range of outlet performance. Marketing spend represents a relatively lower proportion of sales revenue.,Continue monitoring marketing performance and optimize campaigns using sales and conversion trends.,57.79,Moderate,40,41533,4715,1.23,2,20,Digital Campaign,11.35,Needs Improvement,"Marketing effectiveness is 57.8/100 (Moderate). Campaign ROI averages 1.23, with 11.35% engagement across 40 campaigns.","Review low-ROI campaigns, narrow audience targeting, and move budget to campaign types with stronger conversion results."
OUT0419,40,6280470.63,132263591.88,95063.0,35.84,21.06,4.75,High Performing,Low,Marketing efficiency is among the stronger outlet results. Conversion rate is among the stronger outlet results. Marketing spend represents a relatively lower proportion of sales revenue.,Continue monitoring successful campaigns and consider scaling effective activities.,76.12,High Performing,40,81223,14658,2.68,21,1,Digital Campaign,18.05,High Performing,"Marketing effectiveness is 76.1/100 (High Performing). Campaign ROI averages 2.68, with 18.05% engagement across 40 campaigns.",Continue the strongest campaign mix and scale spend only where ROI and engagement remain above the network benchmark.
OUT0420,39,4291676.66,87556811.51,63052.0,19.14,20.4,4.9,Moderate,Low,Marketing efficiency is within the middle range of outlet performance. Conversion rate is within the middle range of outlet performance. Marketing spend represents a relatively lower proportion of sales revenue.,Continue monitoring marketing performance and optimize campaigns using sales and conversion trends.,57.48,Moderate,40,96753,9277,2.29,15,3,Digital Campaign,9.59,High Performing,"Marketing effectiveness is 57.5/100 (Moderate). Campaign ROI averages 2.29, with 9.59% engagement across 40 campaigns.",Continue the strongest campaign mix and scale spend only where ROI and engagement remain above the network benchmark.
OUT0421,39,717636.82,13922979.9,19309.0,19.78,19.4,5.15,Moderate,Low,Marketing efficiency is within the middle range of outlet performance. Conversion rate is within the middle range of outlet performance. Marketing spend represents a relatively lower proportion of sales revenue.,Continue monitoring marketing performance and optimize campaigns using sales and conversion trends.,51.32,Moderate,40,20143,1852,1.0,4,25,Digital Campaign,9.19,Needs Improvement,"Marketing effectiveness is 51.3/100 (Moderate). Campaign ROI averages 1.00, with 9.19% engagement across 40 campaigns.","Review low-ROI campaigns, narrow audience targeting, and move budget to campaign types with stronger conversion results."
OUT0422,39,10216248.04,212292496.49,146000.0,33.64,20.78,4.81,High Performing,Low,Marketing efficiency is among the stronger outlet results. Conversion rate is among the stronger outlet results. Marketing spend represents a relatively lower proportion of sales revenue.,Continue monitoring successful campaigns and consider scaling effective activities.,79.64,High Performing,40,141988,23524,2.78,18,2,Digital Campaign,16.57,High Performing,"Marketing effectiveness is 79.6/100 (High Performing). Campaign ROI averages 2.78, with 16.57% engagement across 40 campaigns.",Continue the strongest campaign mix and scale spend only where ROI and engagement remain above the network benchmark.
OUT0423,39,8175334.88,159987894.93,103590.0,24.17,19.57,5.11,Moderate,Low,Marketing efficiency is within the middle range of outlet performance. Conversion rate is within the middle range of outlet performance. Marketing spend represents a relatively lower proportion of sales revenue.,Continue monitoring marketing performance and optimize campaigns using sales and conversion trends.,64.89,Moderate,40,137207,16862,2.66,16,2,Digital Campaign,12.29,High Performing,"Marketing effectiveness is 64.9/100 (Moderate). Campaign ROI averages 2.66, with 12.29% engagement across 40 campaigns.",Continue the strongest campaign mix and scale spend only where ROI and engagement remain above the network benchmark.
OUT0424,39,1183320.36,23036064.77,24643.0,21.96,19.47,5.14,Moderate,Low,Marketing efficiency is within the middle range of outlet performance. Conversion rate is within the middle range of outlet performance. Marketing spend represents a relatively lower proportion of sales revenue.,Continue monitoring marketing performance and optimize campaigns using sales and conversion trends.,53.85,Moderate,40,25274,2553,1.15,3,20,Digital Campaign,10.1,Needs Improvement,"Marketing effectiveness is 53.9/100 (Moderate). Campaign ROI averages 1.15, with 10.10% engagement across 40 campaigns.","Review low-ROI campaigns, narrow audience targeting, and move budget to campaign types with stronger conversion results."
OUT0425,39,361970.48,8040698.27,10296.0,10.78,22.21,4.5,Needs Improvement,Medium,Marketing efficiency is among the stronger outlet results. Conversion rate is below the lower-performing outlet range. Marketing spend represents a relatively lower proportion of sales revenue.,"Continue monitoring successful campaigns and consider scaling effective activities. Improve campaign targeting, customer engagement, offers, and conversion-focused activities.",47.56,Moderate,40,18762,920,1.21,6,20,Digital Campaign,4.9,Needs Improvement,"Marketing effectiveness is 47.6/100 (Moderate). Campaign ROI averages 1.21, with 4.90% engagement across 40 campaigns.","Review low-ROI campaigns, narrow audience targeting, and move budget to campaign types with stronger conversion results."
OUT0426,38,3787004.19,74004699.84,57042.0,19.19,19.54,5.12,Moderate,Low,Marketing efficiency is within the middle range of outlet performance. Conversion rate is within the middle range of outlet performance. Marketing spend represents a relatively lower proportion of sales revenue.,Continue monitoring marketing performance and optimize campaigns using sales and conversion trends.,55.39,Moderate,40,87638,8533,2.09,12,0,Digital Campaign,9.74,Moderate,"Marketing effectiveness is 55.4/100 (Moderate). Campaign ROI averages 2.09, with 9.74% engagement across 40 campaigns.",Continue the strongest campaign mix and scale spend only where ROI and engagement remain above the network benchmark.
OUT0427,40,1255839.94,25126815.28,22190.0,19.06,20.01,5.0,Moderate,Low,Marketing efficiency is within the middle range of outlet performance. Conversion rate is within the middle range of outlet performance. Marketing spend represents a relatively lower proportion of sales revenue.,Continue monitoring marketing performance and optimize campaigns using sales and conversion trends.,52.08,Moderate,40,24953,2258,1.34,5,21,Digital Campaign,9.05,Needs Improvement,"Marketing effectiveness is 52.1/100 (Moderate). Campaign ROI averages 1.34, with 9.05% engagement across 40 campaigns.","Review low-ROI campaigns, narrow audience targeting, and move budget to campaign types with stronger conversion results."
OUT0428,40,3570617.34,74453012.22,66438.0,21.38,20.85,4.8,Moderate,Low,Marketing efficiency is among the stronger outlet results. Conversion rate is within the middle range of outlet performance. Marketing spend represents a relatively lower proportion of sales revenue.,Continue monitoring successful campaigns and consider scaling effective activities.,60.48,Moderate,40,85264,9172,2.09,12,1,Digital Campaign,10.76,Moderate,"Marketing effectiveness is 60.5/100 (Moderate). Campaign ROI averages 2.09, with 10.76% engagement across 40 campaigns.",Continue the strongest campaign mix and scale spend only where ROI and engagement remain above the network benchmark.
OUT0429,39,1056843.09,20324673.54,40757.0,26.65,19.23,5.2,Needs Improvement,Medium,Marketing efficiency is below the lower-performing outlet range. Conversion rate is among the stronger outlet results. Marketing spend represents a relatively lower proportion of sales revenue.,Review marketing campaigns and redirect spending toward better-performing activities.,59.2,Moderate,40,32666,4128,1.22,6,25,Digital Campaign,12.64,Needs Improvement,"Marketing effectiveness is 59.2/100 (Moderate). Campaign ROI averages 1.22, with 12.64% engagement across 40 campaigns.","Review low-ROI campaigns, narrow audience targeting, and move budget to campaign types with stronger conversion results."
OUT0430,38,871513.32,17745833.91,31762.0,24.35,20.36,4.91,Moderate,Low,Marketing efficiency is within the middle range of outlet performance. Conversion rate is within the middle range of outlet performance. Marketing spend represents a relatively lower proportion of sales revenue.,Continue monitoring marketing performance and optimize campaigns using sales and conversion trends.,58.16,Moderate,40,28822,3243,1.18,5,25,Digital Campaign,11.25,Needs Improvement,"Marketing effectiveness is 58.2/100 (Moderate). Campaign ROI averages 1.18, with 11.25% engagement across 40 campaigns.","Review low-ROI campaigns, narrow audience targeting, and move budget to campaign types with stronger conversion results."
OUT0431,39,3417307.17,65474019.92,48834.0,18.99,19.16,5.22,Needs Improvement,Medium,Marketing efficiency is below the lower-performing outlet range. Conversion rate is within the middle range of outlet performance. Marketing spend represents a relatively lower proportion of sales revenue.,Review marketing campaigns and redirect spending toward better-performing activities.,53.63,Moderate,40,72210,6924,1.89,8,3,Digital Campaign,9.59,Moderate,"Marketing effectiveness is 53.6/100 (Moderate). Campaign ROI averages 1.89, with 9.59% engagement across 40 campaigns.",Test campaign offers and targeting to improve conversion while protecting revenue per marketing rupee.
OUT0432,39,807199.37,16071167.44,26039.0,20.0,19.91,5.02,Moderate,Low,Marketing efficiency is within the middle range of outlet performance. Conversion rate is within the middle range of outlet performance. Marketing spend represents a relatively lower proportion of sales revenue.,Continue monitoring marketing performance and optimize campaigns using sales and conversion trends.,53.13,Moderate,40,26993,2506,1.06,1,25,Digital Campaign,9.28,Needs Improvement,"Marketing effectiveness is 53.1/100 (Moderate). Campaign ROI averages 1.06, with 9.28% engagement across 40 campaigns.","Review low-ROI campaigns, narrow audience targeting, and move budget to campaign types with stronger conversion results."
OUT0433,38,3756646.69,74225108.07,160625.0,30.26,19.76,5.06,Moderate,Low,Marketing efficiency is within the middle range of outlet performance. Conversion rate is among the stronger outlet results. Marketing spend represents a relatively lower proportion of sales revenue.,Continue monitoring marketing performance and optimize campaigns using sales and conversion trends.,76.79,High Performing,40,155018,23501,2.14,13,1,Digital Campaign,15.16,Moderate,"Marketing effectiveness is 76.8/100 (High Performing). Campaign ROI averages 2.14, with 15.16% engagement across 40 campaigns.",Continue the strongest campaign mix and scale spend only where ROI and engagement remain above the network benchmark.
OUT0434,39,1226715.12,23490994.88,47241.0,26.83,19.15,5.22,Needs Improvement,Medium,Marketing efficiency is below the lower-performing outlet range. Conversion rate is among the stronger outlet results. Marketing spend represents a relatively lower proportion of sales revenue.,Review marketing campaigns and redirect spending toward better-performing activities.,59.95,Moderate,40,38744,4923,1.13,5,27,Digital Campaign,12.71,Needs Improvement,"Marketing effectiveness is 60.0/100 (Moderate). Campaign ROI averages 1.13, with 12.71% engagement across 40 campaigns.","Review low-ROI campaigns, narrow audience targeting, and move budget to campaign types with stronger conversion results."
OUT0435,38,7824006.34,150142890.0,85045.0,28.09,19.19,5.21,Needs Improvement,Medium,Marketing efficiency is below the lower-performing outlet range. Conversion rate is among the stronger outlet results. Marketing spend represents a relatively lower proportion of sales revenue.,Review marketing campaigns and redirect spending toward better-performing activities.,65.39,Moderate,40,99435,13902,2.58,18,0,Digital Campaign,13.98,High Performing,"Marketing effectiveness is 65.4/100 (Moderate). Campaign ROI averages 2.58, with 13.98% engagement across 40 campaigns.",Test campaign offers and targeting to improve conversion while protecting revenue per marketing rupee.
OUT0436,39,3766349.76,73712760.38,49014.0,17.6,19.57,5.11,Needs Improvement,Medium,Marketing efficiency is within the middle range of outlet performance. Conversion rate is below the lower-performing outlet range. Marketing spend represents a relatively lower proportion of sales revenue.,"Improve campaign targeting, customer engagement, offers, and conversion-focused activities.",53.19,Moderate,40,80149,7113,1.99,9,2,Digital Campaign,8.87,Moderate,"Marketing effectiveness is 53.2/100 (Moderate). Campaign ROI averages 1.99, with 8.87% engagement across 40 campaigns.",Test campaign offers and targeting to improve conversion while protecting revenue per marketing rupee.
OUT0437,39,4287645.09,80492040.74,74614.0,25.86,18.77,5.33,Needs Improvement,Medium,Marketing efficiency is below the lower-performing outlet range. Conversion rate is within the middle range of outlet performance. Marketing spend represents a relatively lower proportion of sales revenue.,Review marketing campaigns and redirect spending toward better-performing activities.,61.64,Moderate,40,85898,11212,2.11,13,1,Digital Campaign,13.05,Moderate,"Marketing effectiveness is 61.6/100 (Moderate). Campaign ROI averages 2.11, with 13.05% engagement across 40 campaigns.",Test campaign offers and targeting to improve conversion while protecting revenue per marketing rupee.
OUT0438,39,948819.38,20349648.05,39572.0,22.93,21.45,4.66,Moderate,Low,Marketing efficiency is among the stronger outlet results. Conversion rate is within the middle range of outlet performance. Marketing spend represents a relatively lower proportion of sales revenue.,Continue monitoring successful campaigns and consider scaling effective activities.,59.7,Moderate,40,36373,3937,1.33,3,19,Digital Campaign,10.82,Needs Improvement,"Marketing effectiveness is 59.7/100 (Moderate). Campaign ROI averages 1.33, with 10.82% engagement across 40 campaigns.","Review low-ROI campaigns, narrow audience targeting, and move budget to campaign types with stronger conversion results."
OUT0439,38,1298176.64,27141336.62,47766.0,19.98,20.91,4.78,Moderate,Low,Marketing efficiency is among the stronger outlet results. Conversion rate is within the middle range of outlet performance. Marketing spend represents a relatively lower proportion of sales revenue.,Continue monitoring successful campaigns and consider scaling effective activities.,57.28,Moderate,40,54807,5216,1.41,3,17,Digital Campaign,9.52,Moderate,"Marketing effectiveness is 57.3/100 (Moderate). Campaign ROI averages 1.41, with 9.52% engagement across 40 campaigns.",Continue the strongest campaign mix and scale spend only where ROI and engagement remain above the network benchmark.
OUT0440,39,922483.83,19835107.64,23037.0,20.28,21.5,4.65,Moderate,Low,Marketing efficiency is among the stronger outlet results. Conversion rate is within the middle range of outlet performance. Marketing spend represents a relatively lower proportion of sales revenue.,Continue monitoring successful campaigns and consider scaling effective activities.,55.7,Moderate,40,24000,2265,1.44,7,17,Digital Campaign,9.44,Moderate,"Marketing effectiveness is 55.7/100 (Moderate). Campaign ROI averages 1.44, with 9.44% engagement across 40 campaigns.",Continue the strongest campaign mix and scale spend only where ROI and engagement remain above the network benchmark.
OUT0441,40,6229940.63,124812807.96,88175.0,31.22,20.03,4.99,Moderate,Low,Marketing efficiency is within the middle range of outlet performance. Conversion rate is among the stronger outlet results. Marketing spend represents a relatively lower proportion of sales revenue.,Continue monitoring marketing performance and optimize campaigns using sales and conversion trends.,69.76,Moderate,40,86594,13628,2.45,17,2,Digital Campaign,15.74,High Performing,"Marketing effectiveness is 69.8/100 (Moderate). Campaign ROI averages 2.45, with 15.74% engagement across 40 campaigns.",Continue the strongest campaign mix and scale spend only where ROI and engagement remain above the network benchmark.
OUT0442,39,788843.56,15306563.3,25868.0,12.92,19.4,5.15,Needs Improvement,Medium,Marketing efficiency is within the middle range of outlet performance. Conversion rate is below the lower-performing outlet range. Marketing spend represents a relatively lower proportion of sales revenue.,"Improve campaign targeting, customer engagement, offers, and conversion-focused activities.",46.38,Moderate,40,41759,2519,0.98,2,28,Digital Campaign,6.03,Needs Improvement,"Marketing effectiveness is 46.4/100 (Moderate). Campaign ROI averages 0.98, with 6.03% engagement across 40 campaigns.","Review low-ROI campaigns, narrow audience targeting, and move budget to campaign types with stronger conversion results."
OUT0443,39,1823533.31,37521284.55,31419.0,12.88,20.58,4.86,Needs Improvement,Medium,Marketing efficiency is within the middle range of outlet performance. Conversion rate is below the lower-performing outlet range. Marketing spend represents a relatively lower proportion of sales revenue.,"Improve campaign targeting, customer engagement, offers, and conversion-focused activities.",48.96,Moderate,40,57550,3593,1.62,9,16,Digital Campaign,6.24,Moderate,"Marketing effectiveness is 49.0/100 (Moderate). Campaign ROI averages 1.62, with 6.24% engagement across 40 campaigns.",Test campaign offers and targeting to improve conversion while protecting revenue per marketing rupee.
OUT0444,40,1963742.3,37398955.01,25991.0,13.89,19.04,5.25,Needs Improvement,High,Marketing efficiency is below the lower-performing outlet range. Conversion rate is below the lower-performing outlet range. Marketing spend represents a relatively lower proportion of sales revenue.,"Review marketing campaigns and redirect spending toward better-performing activities. Improve campaign targeting, customer engagement, offers, and conversion-focused activities.",46.59,Moderate,40,44099,2943,1.34,3,20,Digital Campaign,6.67,Needs Improvement,"Marketing effectiveness is 46.6/100 (Moderate). Campaign ROI averages 1.34, with 6.67% engagement across 40 campaigns.","Review low-ROI campaigns, narrow audience targeting, and move budget to campaign types with stronger conversion results."
OUT0445,40,12401670.73,260036759.92,157530.0,37.64,20.97,4.77,High Performing,Low,Marketing efficiency is among the stronger outlet results. Conversion rate is among the stronger outlet results. Marketing spend represents a relatively lower proportion of sales revenue.,Continue monitoring successful campaigns and consider scaling effective activities.,84.6,High Performing,40,134076,25206,3.02,19,1,Digital Campaign,18.8,High Performing,"Marketing effectiveness is 84.6/100 (High Performing). Campaign ROI averages 3.02, with 18.80% engagement across 40 campaigns.",Continue the strongest campaign mix and scale spend only where ROI and engagement remain above the network benchmark.
OUT0446,39,2857936.01,52002472.96,33540.0,28.88,18.2,5.5,Needs Improvement,Medium,Marketing efficiency is below the lower-performing outlet range. Conversion rate is among the stronger outlet results. Marketing spend represents a relatively lower proportion of sales revenue.,Review marketing campaigns and redirect spending toward better-performing activities.,58.48,Moderate,40,30851,4467,1.6,7,13,Digital Campaign,14.48,Moderate,"Marketing effectiveness is 58.5/100 (Moderate). Campaign ROI averages 1.60, with 14.48% engagement across 40 campaigns.",Test campaign offers and targeting to improve conversion while protecting revenue per marketing rupee.
OUT0447,39,1457790.46,29309284.63,57457.0,23.26,20.11,4.97,Moderate,Low,Marketing efficiency is within the middle range of outlet performance. Conversion rate is within the middle range of outlet performance. Marketing spend represents a relatively lower proportion of sales revenue.,Continue monitoring marketing performance and optimize campaigns using sales and conversion trends.,59.76,Moderate,40,56085,6261,1.34,3,18,Digital Campaign,11.16,Needs Improvement,"Marketing effectiveness is 59.8/100 (Moderate). Campaign ROI averages 1.34, with 11.16% engagement across 40 campaigns.","Review low-ROI campaigns, narrow audience targeting, and move budget to campaign types with stronger conversion results."
OUT0448,40,961607.21,20144058.4,35331.0,15.36,20.95,4.77,Needs Improvement,Medium,Marketing efficiency is among the stronger outlet results. Conversion rate is below the lower-performing outlet range. Marketing spend represents a relatively lower proportion of sales revenue.,"Continue monitoring successful campaigns and consider scaling effective activities. Improve campaign targeting, customer engagement, offers, and conversion-focused activities.",52.09,Moderate,40,47431,3398,1.29,6,21,Digital Campaign,7.16,Needs Improvement,"Marketing effectiveness is 52.1/100 (Moderate). Campaign ROI averages 1.29, with 7.16% engagement across 40 campaigns.","Review low-ROI campaigns, narrow audience targeting, and move budget to campaign types with stronger conversion results."
OUT0449,38,198235.53,4017128.89,8875.0,12.22,20.26,4.93,Needs Improvement,Medium,Marketing efficiency is within the middle range of outlet performance. Conversion rate is below the lower-performing outlet range. Marketing spend represents a relatively lower proportion of sales revenue.,"Improve campaign targeting, customer engagement, offers, and conversion-focused activities.",45.31,Moderate,40,14461,792,0.92,4,25,Digital Campaign,5.48,Needs Improvement,"Marketing effectiveness is 45.3/100 (Moderate). Campaign ROI averages 0.92, with 5.48% engagement across 40 campaigns.","Review low-ROI campaigns, narrow audience targeting, and move budget to campaign types with stronger conversion results."
OUT0450,39,2300236.58,48332852.17,41104.0,22.39,21.01,4.76,Moderate,Low,Marketing efficiency is among the stronger outlet results. Conversion rate is within the middle range of outlet performance. Marketing spend represents a relatively lower proportion of sales revenue.,Continue monitoring successful campaigns and consider scaling effective activities.,58.69,Moderate,40,45891,5074,1.8,11,9,Digital Campaign,11.06,Moderate,"Marketing effectiveness is 58.7/100 (Moderate). Campaign ROI averages 1.80, with 11.06% engagement across 40 campaigns.",Continue the strongest campaign mix and scale spend only where ROI and engagement remain above the network benchmark.
OUT0451,40,1779273.59,38348498.91,74372.0,22.19,21.55,4.64,Moderate,Low,Marketing efficiency is among the stronger outlet results. Conversion rate is within the middle range of outlet performance. Marketing spend represents a relatively lower proportion of sales revenue.,Continue monitoring successful campaigns and consider scaling effective activities.,63.24,Moderate,40,76492,8195,1.59,4,9,Digital Campaign,10.71,Moderate,"Marketing effectiveness is 63.2/100 (Moderate). Campaign ROI averages 1.59, with 10.71% engagement across 40 campaigns.",Continue the strongest campaign mix and scale spend only where ROI and engagement remain above the network benchmark.
OUT0452,40,1192421.56,20892987.35,34499.0,22.28,17.52,5.71,Needs Improvement,Medium,Marketing efficiency is below the lower-performing outlet range. Conversion rate is within the middle range of outlet performance. Marketing spend represents a relatively lower proportion of sales revenue.,Review marketing campaigns and redirect spending toward better-performing activities.,51.97,Moderate,40,33362,3459,0.9,2,29,Digital Campaign,10.37,Needs Improvement,"Marketing effectiveness is 52.0/100 (Moderate). Campaign ROI averages 0.90, with 10.37% engagement across 40 campaigns.","Review low-ROI campaigns, narrow audience targeting, and move budget to campaign types with stronger conversion results."
OUT0453,40,931503.86,20513165.01,15999.0,17.55,22.02,4.54,Needs Improvement,Medium,Marketing efficiency is among the stronger outlet results. Conversion rate is below the lower-performing outlet range. Marketing spend represents a relatively lower proportion of sales revenue.,"Continue monitoring successful campaigns and consider scaling effective activities. Improve campaign targeting, customer engagement, offers, and conversion-focused activities.",53.5,Moderate,40,20395,1530,1.43,7,18,Digital Campaign,7.5,Moderate,"Marketing effectiveness is 53.5/100 (Moderate). Campaign ROI averages 1.43, with 7.50% engagement across 40 campaigns.",Test campaign offers and targeting to improve conversion while protecting revenue per marketing rupee.
OUT0454,39,3278687.95,68041846.19,75220.0,22.76,20.75,4.82,Moderate,Low,Marketing efficiency is within the middle range of outlet performance. Conversion rate is within the middle range of outlet performance. Marketing spend represents a relatively lower proportion of sales revenue.,Continue monitoring marketing performance and optimize campaigns using sales and conversion trends.,62.47,Moderate,40,91712,10338,2.14,15,3,Digital Campaign,11.27,Moderate,"Marketing effectiveness is 62.5/100 (Moderate). Campaign ROI averages 2.14, with 11.27% engagement across 40 campaigns.",Continue the strongest campaign mix and scale spend only where ROI and engagement remain above the network benchmark.
OUT0455,40,1852636.11,36448942.17,32905.0,26.36,19.67,5.08,Moderate,Low,Marketing efficiency is within the middle range of outlet performance. Conversion rate is within the middle range of outlet performance. Marketing spend represents a relatively lower proportion of sales revenue.,Continue monitoring marketing performance and optimize campaigns using sales and conversion trends.,58.8,Moderate,40,28702,3660,1.41,5,17,Digital Campaign,12.75,Moderate,"Marketing effectiveness is 58.8/100 (Moderate). Campaign ROI averages 1.41, with 12.75% engagement across 40 campaigns.",Continue the strongest campaign mix and scale spend only where ROI and engagement remain above the network benchmark.
OUT0456,40,5384765.83,112056740.07,116762.0,28.86,20.81,4.81,High Performing,Low,Marketing efficiency is among the stronger outlet results. Conversion rate is among the stronger outlet results. Marketing spend represents a relatively lower proportion of sales revenue.,Continue monitoring successful campaigns and consider scaling effective activities.,72.38,Moderate,40,122549,17804,2.49,18,1,Digital Campaign,14.53,High Performing,"Marketing effectiveness is 72.4/100 (Moderate). Campaign ROI averages 2.49, with 14.53% engagement across 40 campaigns.",Continue the strongest campaign mix and scale spend only where ROI and engagement remain above the network benchmark.
OUT0457,39,9464048.68,194944474.8,154421.0,30.95,20.6,4.85,Moderate,Low,Marketing efficiency is within the middle range of outlet performance. Conversion rate is among the stronger outlet results. Marketing spend represents a relatively lower proportion of sales revenue.,Continue monitoring marketing performance and optimize campaigns using sales and conversion trends.,78.06,High Performing,40,162357,25268,2.84,18,2,Digital Campaign,15.56,High Performing,"Marketing effectiveness is 78.1/100 (High Performing). Campaign ROI averages 2.84, with 15.56% engagement across 40 campaigns.",Continue the strongest campaign mix and scale spend only where ROI and engagement remain above the network benchmark.
OUT0458,39,1646859.72,34827240.14,44308.0,24.19,21.15,4.73,Moderate,Low,Marketing efficiency is among the stronger outlet results. Conversion rate is within the middle range of outlet performance. Marketing spend represents a relatively lower proportion of sales revenue.,Continue monitoring successful campaigns and consider scaling effective activities.,60.79,Moderate,40,42665,4952,1.55,6,13,Digital Campaign,11.61,Moderate,"Marketing effectiveness is 60.8/100 (Moderate). Campaign ROI averages 1.55, with 11.61% engagement across 40 campaigns.",Continue the strongest campaign mix and scale spend only where ROI and engagement remain above the network benchmark.
OUT0459,38,7791755.53,146617728.99,90180.0,25.65,18.82,5.31,Needs Improvement,Medium,Marketing efficiency is below the lower-performing outlet range. Conversion rate is within the middle range of outlet performance. Marketing spend represents a relatively lower proportion of sales revenue.,Review marketing campaigns and redirect spending toward better-performing activities.,63.31,Moderate,40,116542,14946,2.49,14,1,Digital Campaign,12.82,High Performing,"Marketing effectiveness is 63.3/100 (Moderate). Campaign ROI averages 2.49, with 12.82% engagement across 40 campaigns.",Test campaign offers and targeting to improve conversion while protecting revenue per marketing rupee.
OUT0460,40,653810.45,13259434.85,9042.0,10.09,20.28,4.93,Needs Improvement,Medium,Marketing efficiency is within the middle range of outlet performance. Conversion rate is below the lower-performing outlet range. Marketing spend represents a relatively lower proportion of sales revenue.,"Improve campaign targeting, customer engagement, offers, and conversion-focused activities.",43.58,Moderate,40,17735,825,1.07,3,25,Digital Campaign,4.65,Needs Improvement,"Marketing effectiveness is 43.6/100 (Moderate). Campaign ROI averages 1.07, with 4.65% engagement across 40 campaigns.","Review low-ROI campaigns, narrow audience targeting, and move budget to campaign types with stronger conversion results."
OUT0461,39,2237452.03,42768457.49,26570.0,18.92,19.11,5.23,Needs Improvement,Medium,Marketing efficiency is below the lower-performing outlet range. Conversion rate is within the middle range of outlet performance. Marketing spend represents a relatively lower proportion of sales revenue.,Review marketing campaigns and redirect spending toward better-performing activities.,50.96,Moderate,40,34742,3231,1.43,4,14,Digital Campaign,9.3,Moderate,"Marketing effectiveness is 51.0/100 (Moderate). Campaign ROI averages 1.43, with 9.30% engagement across 40 campaigns.",Test campaign offers and targeting to improve conversion while protecting revenue per marketing rupee.
OUT0462,40,2541099.19,50931193.28,30771.0,11.84,20.04,4.99,Needs Improvement,Medium,Marketing efficiency is within the middle range of outlet performance. Conversion rate is below the lower-performing outlet range. Marketing spend represents a relatively lower proportion of sales revenue.,"Improve campaign targeting, customer engagement, offers, and conversion-focused activities.",47.12,Moderate,40,64519,3783,1.69,6,8,Digital Campaign,5.86,Moderate,"Marketing effectiveness is 47.1/100 (Moderate). Campaign ROI averages 1.69, with 5.86% engagement across 40 campaigns.",Test campaign offers and targeting to improve conversion while protecting revenue per marketing rupee.
OUT0463,39,9989823.02,189497517.84,133810.0,28.03,18.97,5.27,Needs Improvement,Medium,Marketing efficiency is below the lower-performing outlet range. Conversion rate is among the stronger outlet results. Marketing spend represents a relatively lower proportion of sales revenue.,Review marketing campaigns and redirect spending toward better-performing activities.,70.54,Moderate,40,155915,21608,2.57,16,2,Digital Campaign,13.86,High Performing,"Marketing effectiveness is 70.5/100 (Moderate). Campaign ROI averages 2.57, with 13.86% engagement across 40 campaigns.",Test campaign offers and targeting to improve conversion while protecting revenue per marketing rupee.
OUT0464,38,1791808.03,36561104.92,29648.0,19.31,20.4,4.9,Moderate,Low,Marketing efficiency is within the middle range of outlet performance. Conversion rate is within the middle range of outlet performance. Marketing spend represents a relatively lower proportion of sales revenue.,Continue monitoring marketing performance and optimize campaigns using sales and conversion trends.,53.81,Moderate,40,37343,3503,1.49,6,18,Digital Campaign,9.38,Moderate,"Marketing effectiveness is 53.8/100 (Moderate). Campaign ROI averages 1.49, with 9.38% engagement across 40 campaigns.",Continue the strongest campaign mix and scale spend only where ROI and engagement remain above the network benchmark.
OUT0465,40,3166312.57,67951030.34,49558.0,20.27,21.46,4.66,Moderate,Low,Marketing efficiency is among the stronger outlet results. Conversion rate is within the middle range of outlet performance. Marketing spend represents a relatively lower proportion of sales revenue.,Continue monitoring successful campaigns and consider scaling effective activities.,58.66,Moderate,40,64698,6552,2.07,10,0,Digital Campaign,10.13,Moderate,"Marketing effectiveness is 58.7/100 (Moderate). Campaign ROI averages 2.07, with 10.13% engagement across 40 campaigns.",Continue the strongest campaign mix and scale spend only where ROI and engagement remain above the network benchmark.
OUT0466,40,1990276.6,41192092.33,30061.0,23.75,20.7,4.83,Moderate,Low,Marketing efficiency is within the middle range of outlet performance. Conversion rate is within the middle range of outlet performance. Marketing spend represents a relatively lower proportion of sales revenue.,Continue monitoring marketing performance and optimize campaigns using sales and conversion trends.,58.03,Moderate,40,29510,3410,1.55,6,14,Digital Campaign,11.56,Moderate,"Marketing effectiveness is 58.0/100 (Moderate). Campaign ROI averages 1.55, with 11.56% engagement across 40 campaigns.",Continue the strongest campaign mix and scale spend only where ROI and engagement remain above the network benchmark.
OUT0467,39,6020991.49,128780457.82,129906.0,25.71,21.39,4.68,Moderate,Low,Marketing efficiency is among the stronger outlet results. Conversion rate is within the middle range of outlet performance. Marketing spend represents a relatively lower proportion of sales revenue.,Continue monitoring successful campaigns and consider scaling effective activities.,72.24,Moderate,40,156842,20572,2.77,22,0,Digital Campaign,13.12,High Performing,"Marketing effectiveness is 72.2/100 (Moderate). Campaign ROI averages 2.77, with 13.12% engagement across 40 campaigns.",Continue the strongest campaign mix and scale spend only where ROI and engagement remain above the network benchmark.
OUT0468,40,6148774.48,119748384.95,67880.0,33.75,19.48,5.13,Moderate,Low,Marketing efficiency is within the middle range of outlet performance. Conversion rate is among the stronger outlet results. Marketing spend represents a relatively lower proportion of sales revenue.,Continue monitoring marketing performance and optimize campaigns using sales and conversion trends.,68.6,Moderate,40,60771,10268,2.42,16,5,Digital Campaign,16.9,High Performing,"Marketing effectiveness is 68.6/100 (Moderate). Campaign ROI averages 2.42, with 16.90% engagement across 40 campaigns.",Continue the strongest campaign mix and scale spend only where ROI and engagement remain above the network benchmark.
OUT0469,40,9007908.41,177887926.13,154290.0,30.19,19.75,5.06,Moderate,Low,Marketing efficiency is within the middle range of outlet performance. Conversion rate is among the stronger outlet results. Marketing spend represents a relatively lower proportion of sales revenue.,Continue monitoring marketing performance and optimize campaigns using sales and conversion trends.,75.99,High Performing,40,161745,24532,2.59,18,3,Digital Campaign,15.17,High Performing,"Marketing effectiveness is 76.0/100 (High Performing). Campaign ROI averages 2.59, with 15.17% engagement across 40 campaigns.",Continue the strongest campaign mix and scale spend only where ROI and engagement remain above the network benchmark.
OUT0470,40,6825017.66,133222564.15,93007.0,25.97,19.52,5.12,Moderate,Low,Marketing efficiency is within the middle range of outlet performance. Conversion rate is within the middle range of outlet performance. Marketing spend represents a relatively lower proportion of sales revenue.,Continue monitoring marketing performance and optimize campaigns using sales and conversion trends.,65.09,Moderate,40,111080,14536,2.45,19,5,Digital Campaign,13.09,High Performing,"Marketing effectiveness is 65.1/100 (Moderate). Campaign ROI averages 2.45, with 13.09% engagement across 40 campaigns.",Continue the strongest campaign mix and scale spend only where ROI and engagement remain above the network benchmark.
OUT0471,37,9073936.77,176681282.34,109022.0,25.57,19.47,5.14,Moderate,Low,Marketing efficiency is within the middle range of outlet performance. Conversion rate is within the middle range of outlet performance. Marketing spend represents a relatively lower proportion of sales revenue.,Continue monitoring marketing performance and optimize campaigns using sales and conversion trends.,66.51,Moderate,40,144000,18300,3.0,20,1,Digital Campaign,12.71,High Performing,"Marketing effectiveness is 66.5/100 (Moderate). Campaign ROI averages 3.00, with 12.71% engagement across 40 campaigns.",Continue the strongest campaign mix and scale spend only where ROI and engagement remain above the network benchmark.
OUT0472,40,3987209.3,85286561.74,99889.0,26.69,21.39,4.68,High Performing,Low,Marketing efficiency is among the stronger outlet results. Conversion rate is among the stronger outlet results. Marketing spend represents a relatively lower proportion of sales revenue.,Continue monitoring successful campaigns and consider scaling effective activities.,69.63,Moderate,40,106139,14308,2.35,16,1,Digital Campaign,13.48,High Performing,"Marketing effectiveness is 69.6/100 (Moderate). Campaign ROI averages 2.35, with 13.48% engagement across 40 campaigns.",Continue the strongest campaign mix and scale spend only where ROI and engagement remain above the network benchmark.
OUT0473,37,4849181.95,96887913.06,99774.0,23.87,19.98,5.0,Moderate,Low,Marketing efficiency is within the middle range of outlet performance. Conversion rate is within the middle range of outlet performance. Marketing spend represents a relatively lower proportion of sales revenue.,Continue monitoring marketing performance and optimize campaigns using sales and conversion trends.,64.89,Moderate,40,133109,15917,2.53,18,1,Digital Campaign,11.96,High Performing,"Marketing effectiveness is 64.9/100 (Moderate). Campaign ROI averages 2.53, with 11.96% engagement across 40 campaigns.",Continue the strongest campaign mix and scale spend only where ROI and engagement remain above the network benchmark.
OUT0474,38,2119056.38,44100060.71,37145.0,20.02,20.81,4.81,Moderate,Low,Marketing efficiency is among the stronger outlet results. Conversion rate is within the middle range of outlet performance. Marketing spend represents a relatively lower proportion of sales revenue.,Continue monitoring successful campaigns and consider scaling effective activities.,55.94,Moderate,40,46870,4643,1.66,6,8,Digital Campaign,9.91,Moderate,"Marketing effectiveness is 55.9/100 (Moderate). Campaign ROI averages 1.66, with 9.91% engagement across 40 campaigns.",Continue the strongest campaign mix and scale spend only where ROI and engagement remain above the network benchmark.
OUT0475,39,6749749.46,126591140.47,74616.0,20.36,18.75,5.33,Needs Improvement,Medium,Marketing efficiency is below the lower-performing outlet range. Conversion rate is within the middle range of outlet performance. Marketing spend represents a relatively lower proportion of sales revenue.,Review marketing campaigns and redirect spending toward better-performing activities.,57.04,Moderate,40,115059,11854,2.34,16,3,Digital Campaign,10.3,High Performing,"Marketing effectiveness is 57.0/100 (Moderate). Campaign ROI averages 2.34, with 10.30% engagement across 40 campaigns.",Test campaign offers and targeting to improve conversion while protecting revenue per marketing rupee.
OUT0476,39,10786133.64,223687039.17,135288.0,31.44,20.74,4.82,Moderate,Low,Marketing efficiency is within the middle range of outlet performance. Conversion rate is among the stronger outlet results. Marketing spend represents a relatively lower proportion of sales revenue.,Continue monitoring marketing performance and optimize campaigns using sales and conversion trends.,76.52,High Performing,40,140503,22130,2.94,18,3,Digital Campaign,15.75,High Performing,"Marketing effectiveness is 76.5/100 (High Performing). Campaign ROI averages 2.94, with 15.75% engagement across 40 campaigns.",Continue the strongest campaign mix and scale spend only where ROI and engagement remain above the network benchmark.
OUT0477,40,2317921.32,44976766.56,34338.0,26.55,19.4,5.15,Moderate,Low,Marketing efficiency is within the middle range of outlet performance. Conversion rate is within the middle range of outlet performance. Marketing spend represents a relatively lower proportion of sales revenue.,Continue monitoring marketing performance and optimize campaigns using sales and conversion trends.,58.67,Moderate,40,31330,4095,1.54,6,12,Digital Campaign,13.07,Moderate,"Marketing effectiveness is 58.7/100 (Moderate). Campaign ROI averages 1.54, with 13.07% engagement across 40 campaigns.",Continue the strongest campaign mix and scale spend only where ROI and engagement remain above the network benchmark.
OUT0478,40,3771899.08,70578723.88,88644.0,21.64,18.71,5.34,Needs Improvement,Medium,Marketing efficiency is below the lower-performing outlet range. Conversion rate is within the middle range of outlet performance. Marketing spend represents a relatively lower proportion of sales revenue.,Review marketing campaigns and redirect spending toward better-performing activities.,59.63,Moderate,40,113691,12553,1.82,6,4,Digital Campaign,11.04,Moderate,"Marketing effectiveness is 59.6/100 (Moderate). Campaign ROI averages 1.82, with 11.04% engagement across 40 campaigns.",Test campaign offers and targeting to improve conversion while protecting revenue per marketing rupee.
OUT0479,38,1376855.98,27897042.34,26741.0,26.65,20.26,4.94,Moderate,Low,Marketing efficiency is within the middle range of outlet performance. Conversion rate is among the stronger outlet results. Marketing spend represents a relatively lower proportion of sales revenue.,Continue monitoring marketing performance and optimize campaigns using sales and conversion trends.,59.33,Moderate,40,23245,2973,1.38,5,18,Digital Campaign,12.79,Needs Improvement,"Marketing effectiveness is 59.3/100 (Moderate). Campaign ROI averages 1.38, with 12.79% engagement across 40 campaigns.","Review low-ROI campaigns, narrow audience targeting, and move budget to campaign types with stronger conversion results."
OUT0480,40,4186191.55,77549865.79,132544.0,30.52,18.53,5.4,Needs Improvement,Medium,Marketing efficiency is below the lower-performing outlet range. Conversion rate is among the stronger outlet results. Marketing spend represents a relatively lower proportion of sales revenue.,Review marketing campaigns and redirect spending toward better-performing activities.,71.72,Moderate,40,125498,19449,1.85,5,1,Digital Campaign,15.5,Moderate,"Marketing effectiveness is 71.7/100 (Moderate). Campaign ROI averages 1.85, with 15.50% engagement across 40 campaigns.",Test campaign offers and targeting to improve conversion while protecting revenue per marketing rupee.
OUT0481,40,1077186.13,20766049.43,32102.0,25.68,19.28,5.19,Needs Improvement,Medium,Marketing efficiency is below the lower-performing outlet range. Conversion rate is within the middle range of outlet performance. Marketing spend represents a relatively lower proportion of sales revenue.,Review marketing campaigns and redirect spending toward better-performing activities.,57.48,Moderate,40,26127,3149,1.12,4,26,Digital Campaign,12.05,Needs Improvement,"Marketing effectiveness is 57.5/100 (Moderate). Campaign ROI averages 1.12, with 12.05% engagement across 40 campaigns.","Review low-ROI campaigns, narrow audience targeting, and move budget to campaign types with stronger conversion results."
OUT0482,39,2161336.48,42458367.72,26805.0,13.46,19.64,5.09,Needs Improvement,Medium,Marketing efficiency is within the middle range of outlet performance. Conversion rate is below the lower-performing outlet range. Marketing spend represents a relatively lower proportion of sales revenue.,"Improve campaign targeting, customer engagement, offers, and conversion-focused activities.",47.34,Moderate,40,49018,3238,1.54,8,14,Digital Campaign,6.61,Moderate,"Marketing effectiveness is 47.3/100 (Moderate). Campaign ROI averages 1.53, with 6.61% engagement across 40 campaigns.",Test campaign offers and targeting to improve conversion while protecting revenue per marketing rupee.
OUT0483,39,4807861.83,96675814.88,58581.0,18.12,20.11,4.97,Moderate,Low,Marketing efficiency is within the middle range of outlet performance. Conversion rate is within the middle range of outlet performance. Marketing spend represents a relatively lower proportion of sales revenue.,Continue monitoring marketing performance and optimize campaigns using sales and conversion trends.,55.62,Moderate,40,97318,8838,2.35,19,1,Digital Campaign,9.08,High Performing,"Marketing effectiveness is 55.6/100 (Moderate). Campaign ROI averages 2.35, with 9.08% engagement across 40 campaigns.",Continue the strongest campaign mix and scale spend only where ROI and engagement remain above the network benchmark.
OUT0484,40,8670125.36,184967866.85,152059.0,27.18,21.33,4.69,High Performing,Low,Marketing efficiency is among the stronger outlet results. Conversion rate is among the stronger outlet results. Marketing spend represents a relatively lower proportion of sales revenue.,Continue monitoring successful campaigns and consider scaling effective activities.,75.91,High Performing,40,176783,24163,2.92,20,1,Digital Campaign,13.67,High Performing,"Marketing effectiveness is 75.9/100 (High Performing). Campaign ROI averages 2.92, with 13.67% engagement across 40 campaigns.",Continue the strongest campaign mix and scale spend only where ROI and engagement remain above the network benchmark.
OUT0485,39,1767562.07,32117122.7,42024.0,28.28,18.17,5.5,Needs Improvement,Medium,Marketing efficiency is below the lower-performing outlet range. Conversion rate is among the stronger outlet results. Marketing spend represents a relatively lower proportion of sales revenue.,Review marketing campaigns and redirect spending toward better-performing activities.,58.9,Moderate,40,34873,4784,1.15,2,24,Digital Campaign,13.72,Needs Improvement,"Marketing effectiveness is 58.9/100 (Moderate). Campaign ROI averages 1.15, with 13.72% engagement across 40 campaigns.","Review low-ROI campaigns, narrow audience targeting, and move budget to campaign types with stronger conversion results."
OUT0486,39,3527955.2,73226442.99,51203.0,17.74,20.76,4.82,Needs Improvement,Medium,Marketing efficiency is within the middle range of outlet performance. Conversion rate is below the lower-performing outlet range. Marketing spend represents a relatively lower proportion of sales revenue.,"Improve campaign targeting, customer engagement, offers, and conversion-focused activities.",55.56,Moderate,40,81221,7235,2.15,13,0,Digital Campaign,8.91,Moderate,"Marketing effectiveness is 55.6/100 (Moderate). Campaign ROI averages 2.15, with 8.91% engagement across 40 campaigns.",Test campaign offers and targeting to improve conversion while protecting revenue per marketing rupee.
OUT0487,40,663605.01,14310074.01,15998.0,16.1,21.56,4.64,Needs Improvement,Medium,Marketing efficiency is among the stronger outlet results. Conversion rate is below the lower-performing outlet range. Marketing spend represents a relatively lower proportion of sales revenue.,"Continue monitoring successful campaigns and consider scaling effective activities. Improve campaign targeting, customer engagement, offers, and conversion-focused activities.",51.53,Moderate,40,19682,1464,1.26,5,19,Digital Campaign,7.44,Needs Improvement,"Marketing effectiveness is 51.5/100 (Moderate). Campaign ROI averages 1.26, with 7.44% engagement across 40 campaigns.","Review low-ROI campaigns, narrow audience targeting, and move budget to campaign types with stronger conversion results."
OUT0488,39,3564054.42,69557646.42,43143.0,19.14,19.52,5.12,Moderate,Low,Marketing efficiency is within the middle range of outlet performance. Conversion rate is within the middle range of outlet performance. Marketing spend represents a relatively lower proportion of sales revenue.,Continue monitoring marketing performance and optimize campaigns using sales and conversion trends.,53.71,Moderate,40,63989,6157,1.97,11,3,Digital Campaign,9.62,Moderate,"Marketing effectiveness is 53.7/100 (Moderate). Campaign ROI averages 1.97, with 9.62% engagement across 40 campaigns.",Continue the strongest campaign mix and scale spend only where ROI and engagement remain above the network benchmark.
OUT0489,39,7496437.65,149464145.74,177687.0,33.66,19.94,5.02,Moderate,Low,Marketing efficiency is within the middle range of outlet performance. Conversion rate is among the stronger outlet results. Marketing spend represents a relatively lower proportion of sales revenue.,Continue monitoring marketing performance and optimize campaigns using sales and conversion trends.,81.87,High Performing,40,170219,28248,2.53,18,2,Digital Campaign,16.6,High Performing,"Marketing effectiveness is 81.9/100 (High Performing). Campaign ROI averages 2.53, with 16.60% engagement across 40 campaigns.",Continue the strongest campaign mix and scale spend only where ROI and engagement remain above the network benchmark.
OUT0490,40,3765955.39,76045653.44,67343.0,26.53,20.19,4.95,Moderate,Low,Marketing efficiency is within the middle range of outlet performance. Conversion rate is within the middle range of outlet performance. Marketing spend represents a relatively lower proportion of sales revenue.,Continue monitoring marketing performance and optimize campaigns using sales and conversion trends.,63.75,Moderate,40,70820,9465,2.14,16,3,Digital Campaign,13.36,Moderate,"Marketing effectiveness is 63.8/100 (Moderate). Campaign ROI averages 2.14, with 13.36% engagement across 40 campaigns.",Continue the strongest campaign mix and scale spend only where ROI and engagement remain above the network benchmark.
OUT0491,40,459802.08,8420027.22,8977.0,15.03,18.31,5.46,Needs Improvement,High,Marketing efficiency is below the lower-performing outlet range. Conversion rate is below the lower-performing outlet range. Marketing spend represents a relatively lower proportion of sales revenue.,"Review marketing campaigns and redirect spending toward better-performing activities. Improve campaign targeting, customer engagement, offers, and conversion-focused activities.",44.36,Moderate,40,11523,785,0.94,6,28,Digital Campaign,6.81,Needs Improvement,"Marketing effectiveness is 44.4/100 (Moderate). Campaign ROI averages 0.94, with 6.81% engagement across 40 campaigns.","Review low-ROI campaigns, narrow audience targeting, and move budget to campaign types with stronger conversion results."
OUT0492,38,6413449.28,128119707.94,107846.0,24.34,19.98,5.01,Moderate,Low,Marketing efficiency is within the middle range of outlet performance. Conversion rate is within the middle range of outlet performance. Marketing spend represents a relatively lower proportion of sales revenue.,Continue monitoring marketing performance and optimize campaigns using sales and conversion trends.,66.2,Moderate,40,142832,17553,2.53,16,0,Digital Campaign,12.29,High Performing,"Marketing effectiveness is 66.2/100 (Moderate). Campaign ROI averages 2.53, with 12.29% engagement across 40 campaigns.",Continue the strongest campaign mix and scale spend only where ROI and engagement remain above the network benchmark.
OUT0493,39,2379546.12,49131166.62,72575.0,18.79,20.65,4.84,Moderate,Low,Marketing efficiency is within the middle range of outlet performance. Conversion rate is within the middle range of outlet performance. Marketing spend represents a relatively lower proportion of sales revenue.,Continue monitoring marketing performance and optimize campaigns using sales and conversion trends.,58.69,Moderate,40,96569,8955,1.77,11,10,Digital Campaign,9.27,Moderate,"Marketing effectiveness is 58.7/100 (Moderate). Campaign ROI averages 1.77, with 9.27% engagement across 40 campaigns.",Continue the strongest campaign mix and scale spend only where ROI and engagement remain above the network benchmark.
OUT0494,39,1965762.73,38458199.01,26872.0,11.97,19.56,5.11,Needs Improvement,Medium,Marketing efficiency is within the middle range of outlet performance. Conversion rate is below the lower-performing outlet range. Marketing spend represents a relatively lower proportion of sales revenue.,"Improve campaign targeting, customer engagement, offers, and conversion-focused activities.",45.98,Moderate,40,53788,3192,1.45,5,16,Digital Campaign,5.93,Moderate,"Marketing effectiveness is 46.0/100 (Moderate). Campaign ROI averages 1.45, with 5.93% engagement across 40 campaigns.",Test campaign offers and targeting to improve conversion while protecting revenue per marketing rupee.
OUT0495,36,633225.8,13283267.05,27425.0,19.18,20.98,4.77,Moderate,Low,Marketing efficiency is among the stronger outlet results. Conversion rate is within the middle range of outlet performance. Marketing spend represents a relatively lower proportion of sales revenue.,Continue monitoring successful campaigns and consider scaling effective activities.,54.41,Moderate,40,32128,2890,1.09,4,27,Digital Campaign,9.0,Needs Improvement,"Marketing effectiveness is 54.4/100 (Moderate). Campaign ROI averages 1.09, with 9.00% engagement across 40 campaigns.","Review low-ROI campaigns, narrow audience targeting, and move budget to campaign types with stronger conversion results."
OUT0496,39,5655445.36,103021190.5,73112.0,20.39,18.22,5.49,Needs Improvement,Medium,Marketing efficiency is below the lower-performing outlet range. Conversion rate is within the middle range of outlet performance. Marketing spend represents a relatively lower proportion of sales revenue.,Review marketing campaigns and redirect spending toward better-performing activities.,55.98,Moderate,40,113891,11724,2.01,13,5,Digital Campaign,10.29,Moderate,"Marketing effectiveness is 56.0/100 (Moderate). Campaign ROI averages 2.01, with 10.29% engagement across 40 campaigns.",Test campaign offers and targeting to improve conversion while protecting revenue per marketing rupee.
OUT0497,37,1763449.89,33500394.43,60259.0,19.57,19.0,5.26,Needs Improvement,Medium,Marketing efficiency is below the lower-performing outlet range. Conversion rate is within the middle range of outlet performance. Marketing spend represents a relatively lower proportion of sales revenue.,Review marketing campaigns and redirect spending toward better-performing activities.,55.15,Moderate,40,76264,7309,1.39,4,19,Digital Campaign,9.58,Moderate,"Marketing effectiveness is 55.1/100 (Moderate). Campaign ROI averages 1.39, with 9.58% engagement across 40 campaigns.",Test campaign offers and targeting to improve conversion while protecting revenue per marketing rupee.
OUT0498,37,451523.07,9372811.54,14448.0,12.15,20.76,4.82,Needs Improvement,Medium,Marketing efficiency is within the middle range of outlet performance. Conversion rate is below the lower-performing outlet range. Marketing spend represents a relatively lower proportion of sales revenue.,"Improve campaign targeting, customer engagement, offers, and conversion-focused activities.",46.72,Moderate,40,25448,1452,1.06,2,23,Digital Campaign,5.71,Needs Improvement,"Marketing effectiveness is 46.7/100 (Moderate). Campaign ROI averages 1.06, with 5.71% engagement across 40 campaigns.","Review low-ROI campaigns, narrow audience targeting, and move budget to campaign types with stronger conversion results."
OUT0499,39,3392198.91,70771996.91,49548.0,20.9,20.86,4.79,Moderate,Low,Marketing efficiency is among the stronger outlet results. Conversion rate is within the middle range of outlet performance. Marketing spend represents a relatively lower proportion of sales revenue.,Continue monitoring successful campaigns and consider scaling effective activities.,58.18,Moderate,40,66523,6963,2.14,13,1,Digital Campaign,10.47,Moderate,"Marketing effectiveness is 58.2/100 (Moderate). Campaign ROI averages 2.14, with 10.47% engagement across 40 campaigns.",Continue the strongest campaign mix and scale spend only where ROI and engagement remain above the network benchmark.
OUT0500,38,3045400.46,63584772.73,55009.0,19.99,20.88,4.79,Moderate,Low,Marketing efficiency is among the stronger outlet results. Conversion rate is within the middle range of outlet performance. Marketing spend represents a relatively lower proportion of sales revenue.,Continue monitoring successful campaigns and consider scaling effective activities.,58.07,Moderate,40,76952,7708,2.05,14,1,Digital Campaign,10.02,Moderate,"Marketing effectiveness is 58.1/100 (Moderate). Campaign ROI averages 2.05, with 10.02% engagement across 40 campaigns.",Continue the strongest campaign mix and scale spend only where ROI and engagement remain above the network benchmark.
OUT0501,39,2027314.7,39167724.03,47762.0,17.32,19.32,5.18,Needs Improvement,Medium,Marketing efficiency is within the middle range of outlet performance. Conversion rate is below the lower-performing outlet range. Marketing spend represents a relatively lower proportion of sales revenue.,"Improve campaign targeting, customer engagement, offers, and conversion-focused activities.",52.39,Moderate,40,66732,5648,1.43,6,16,Digital Campaign,8.46,Moderate,"Marketing effectiveness is 52.4/100 (Moderate). Campaign ROI averages 1.43, with 8.46% engagement across 40 campaigns.",Test campaign offers and targeting to improve conversion while protecting revenue per marketing rupee.
OUT0502,38,2576023.23,53568423.33,62742.0,18.87,20.8,4.81,Moderate,Low,Marketing efficiency is among the stronger outlet results. Conversion rate is within the middle range of outlet performance. Marketing spend represents a relatively lower proportion of sales revenue.,Continue monitoring successful campaigns and consider scaling effective activities.,57.88,Moderate,40,88939,8350,1.85,8,4,Digital Campaign,9.39,Moderate,"Marketing effectiveness is 57.9/100 (Moderate). Campaign ROI averages 1.85, with 9.39% engagement across 40 campaigns.",Continue the strongest campaign mix and scale spend only where ROI and engagement remain above the network benchmark.
OUT0503,40,2600046.8,56541869.56,48128.0,17.64,21.75,4.6,Needs Improvement,Medium,Marketing efficiency is among the stronger outlet results. Conversion rate is below the lower-performing outlet range. Marketing spend represents a relatively lower proportion of sales revenue.,"Continue monitoring successful campaigns and consider scaling effective activities. Improve campaign targeting, customer engagement, offers, and conversion-focused activities.",56.79,Moderate,40,68310,5976,1.96,11,5,Digital Campaign,8.75,Moderate,"Marketing effectiveness is 56.8/100 (Moderate). Campaign ROI averages 1.96, with 8.75% engagement across 40 campaigns.",Test campaign offers and targeting to improve conversion while protecting revenue per marketing rupee.
OUT0504,40,2260932.25,46213078.04,29385.0,22.18,20.44,4.89,Moderate,Low,Marketing efficiency is within the middle range of outlet performance. Conversion rate is within the middle range of outlet performance. Marketing spend represents a relatively lower proportion of sales revenue.,Continue monitoring marketing performance and optimize campaigns using sales and conversion trends.,56.21,Moderate,40,31918,3470,1.68,11,12,Digital Campaign,10.87,Moderate,"Marketing effectiveness is 56.2/100 (Moderate). Campaign ROI averages 1.68, with 10.87% engagement across 40 campaigns.",Continue the strongest campaign mix and scale spend only where ROI and engagement remain above the network benchmark.
OUT0505,39,966391.19,20208315.16,25226.0,18.24,20.91,4.78,Moderate,Low,Marketing efficiency is among the stronger outlet results. Conversion rate is within the middle range of outlet performance. Marketing spend represents a relatively lower proportion of sales revenue.,Continue monitoring successful campaigns and consider scaling effective activities.,53.27,Moderate,40,29434,2513,1.23,4,22,Digital Campaign,8.54,Needs Improvement,"Marketing effectiveness is 53.3/100 (Moderate). Campaign ROI averages 1.23, with 8.54% engagement across 40 campaigns.","Review low-ROI campaigns, narrow audience targeting, and move budget to campaign types with stronger conversion results."
OUT0506,38,4182034.42,89745157.03,67876.0,32.36,21.46,4.66,High Performing,Low,Marketing efficiency is among the stronger outlet results. Conversion rate is among the stronger outlet results. Marketing spend represents a relatively lower proportion of sales revenue.,Continue monitoring successful campaigns and consider scaling effective activities.,70.79,Moderate,40,63124,10259,2.47,20,0,Digital Campaign,16.25,High Performing,"Marketing effectiveness is 70.8/100 (Moderate). Campaign ROI averages 2.47, with 16.25% engagement across 40 campaigns.",Continue the strongest campaign mix and scale spend only where ROI and engagement remain above the network benchmark.
OUT0507,38,1009372.36,20888305.17,29415.0,20.58,20.69,4.83,Moderate,Low,Marketing efficiency is within the middle range of outlet performance. Conversion rate is within the middle range of outlet performance. Marketing spend represents a relatively lower proportion of sales revenue.,Continue monitoring marketing performance and optimize campaigns using sales and conversion trends.,55.32,Moderate,40,31515,3083,1.25,2,20,Digital Campaign,9.78,Needs Improvement,"Marketing effectiveness is 55.3/100 (Moderate). Campaign ROI averages 1.25, with 9.78% engagement across 40 campaigns.","Review low-ROI campaigns, narrow audience targeting, and move budget to campaign types with stronger conversion results."
OUT0508,39,864974.68,17383419.3,20844.0,19.22,20.1,4.98,Moderate,Low,Marketing efficiency is within the middle range of outlet performance. Conversion rate is within the middle range of outlet performance. Marketing spend represents a relatively lower proportion of sales revenue.,Continue monitoring marketing performance and optimize campaigns using sales and conversion trends.,52.21,Moderate,40,22571,2022,1.25,5,22,Digital Campaign,8.96,Needs Improvement,"Marketing effectiveness is 52.2/100 (Moderate). Campaign ROI averages 1.25, with 8.96% engagement across 40 campaigns.","Review low-ROI campaigns, narrow audience targeting, and move budget to campaign types with stronger conversion results."
OUT0509,40,3183448.98,63615452.91,49115.0,20.22,19.98,5.0,Moderate,Low,Marketing efficiency is within the middle range of outlet performance. Conversion rate is within the middle range of outlet performance. Marketing spend represents a relatively lower proportion of sales revenue.,Continue monitoring marketing performance and optimize campaigns using sales and conversion trends.,56.07,Moderate,40,64677,6555,1.87,8,3,Digital Campaign,10.13,Moderate,"Marketing effectiveness is 56.1/100 (Moderate). Campaign ROI averages 1.87, with 10.13% engagement across 40 campaigns.",Continue the strongest campaign mix and scale spend only where ROI and engagement remain above the network benchmark.
OUT0510,40,2265502.93,44179299.93,28839.0,29.35,19.5,5.13,Moderate,Low,Marketing efficiency is within the middle range of outlet performance. Conversion rate is among the stronger outlet results. Marketing spend represents a relatively lower proportion of sales revenue.,Continue monitoring marketing performance and optimize campaigns using sales and conversion trends.,60.53,Moderate,40,24542,3416,1.54,5,14,Digital Campaign,13.92,Moderate,"Marketing effectiveness is 60.5/100 (Moderate). Campaign ROI averages 1.54, with 13.92% engagement across 40 campaigns.",Continue the strongest campaign mix and scale spend only where ROI and engagement remain above the network benchmark.
OUT0511,39,2671821.59,52123345.51,30915.0,24.3,19.51,5.13,Moderate,Low,Marketing efficiency is within the middle range of outlet performance. Conversion rate is within the middle range of outlet performance. Marketing spend represents a relatively lower proportion of sales revenue.,Continue monitoring marketing performance and optimize campaigns using sales and conversion trends.,56.58,Moderate,40,33104,3993,1.65,5,8,Digital Campaign,12.06,Moderate,"Marketing effectiveness is 56.6/100 (Moderate). Campaign ROI averages 1.65, with 12.06% engagement across 40 campaigns.",Continue the strongest campaign mix and scale spend only where ROI and engagement remain above the network benchmark.
OUT0512,38,2769601.75,53161849.96,32309.0,22.35,19.19,5.21,Needs Improvement,Medium,Marketing efficiency is below the lower-performing outlet range. Conversion rate is within the middle range of outlet performance. Marketing spend represents a relatively lower proportion of sales revenue.,Review marketing campaigns and redirect spending toward better-performing activities.,54.6,Moderate,40,39159,4376,1.68,5,6,Digital Campaign,11.17,Moderate,"Marketing effectiveness is 54.6/100 (Moderate). Campaign ROI averages 1.68, with 11.17% engagement across 40 campaigns.",Test campaign offers and targeting to improve conversion while protecting revenue per marketing rupee.
OUT0513,39,6295483.38,129740935.81,80487.0,21.68,20.61,4.85,Moderate,Low,Marketing efficiency is within the middle range of outlet performance. Conversion rate is within the middle range of outlet performance. Marketing spend represents a relatively lower proportion of sales revenue.,Continue monitoring marketing performance and optimize campaigns using sales and conversion trends.,61.93,Moderate,40,115080,12714,2.68,22,1,Digital Campaign,11.05,High Performing,"Marketing effectiveness is 61.9/100 (Moderate). Campaign ROI averages 2.68, with 11.05% engagement across 40 campaigns.",Continue the strongest campaign mix and scale spend only where ROI and engagement remain above the network benchmark.
OUT0514,39,4665484.61,88440114.85,88514.0,30.71,18.96,5.28,Needs Improvement,Medium,Marketing efficiency is below the lower-performing outlet range. Conversion rate is among the stronger outlet results. Marketing spend represents a relatively lower proportion of sales revenue.,Review marketing campaigns and redirect spending toward better-performing activities.,67.56,Moderate,40,87407,13537,2.09,12,1,Digital Campaign,15.49,Moderate,"Marketing effectiveness is 67.6/100 (Moderate). Campaign ROI averages 2.09, with 15.49% engagement across 40 campaigns.",Test campaign offers and targeting to improve conversion while protecting revenue per marketing rupee.
OUT0515,40,8508861.84,170424757.6,100575.0,29.22,20.03,4.99,Moderate,Low,Marketing efficiency is within the middle range of outlet performance. Conversion rate is among the stronger outlet results. Marketing spend represents a relatively lower proportion of sales revenue.,Continue monitoring marketing performance and optimize campaigns using sales and conversion trends.,69.52,Moderate,40,107733,15834,2.62,19,2,Digital Campaign,14.7,High Performing,"Marketing effectiveness is 69.5/100 (Moderate). Campaign ROI averages 2.62, with 14.70% engagement across 40 campaigns.",Continue the strongest campaign mix and scale spend only where ROI and engagement remain above the network benchmark.
OUT0516,39,9468852.17,188687912.53,119593.0,25.29,19.93,5.02,Moderate,Low,Marketing efficiency is within the middle range of outlet performance. Conversion rate is within the middle range of outlet performance. Marketing spend represents a relatively lower proportion of sales revenue.,Continue monitoring marketing performance and optimize campaigns using sales and conversion trends.,68.25,Moderate,40,154964,19315,2.46,16,0,Digital Campaign,12.46,High Performing,"Marketing effectiveness is 68.2/100 (Moderate). Campaign ROI averages 2.46, with 12.46% engagement across 40 campaigns.",Continue the strongest campaign mix and scale spend only where ROI and engagement remain above the network benchmark.
OUT0517,37,1886781.22,41778116.39,74372.0,20.32,22.14,4.52,Moderate,Low,Marketing efficiency is among the stronger outlet results. Conversion rate is within the middle range of outlet performance. Marketing spend represents a relatively lower proportion of sales revenue.,Continue monitoring successful campaigns and consider scaling effective activities.,62.69,Moderate,40,92229,9077,1.77,8,7,Digital Campaign,9.84,Moderate,"Marketing effectiveness is 62.7/100 (Moderate). Campaign ROI averages 1.77, with 9.84% engagement across 40 campaigns.",Continue the strongest campaign mix and scale spend only where ROI and engagement remain above the network benchmark.
OUT0518,40,977917.5,21260395.47,31582.0,13.29,21.74,4.6,Needs Improvement,Medium,Marketing efficiency is among the stronger outlet results. Conversion rate is below the lower-performing outlet range. Marketing spend represents a relatively lower proportion of sales revenue.,"Continue monitoring successful campaigns and consider scaling effective activities. Improve campaign targeting, customer engagement, offers, and conversion-focused activities.",51.28,Moderate,40,49109,3054,1.38,5,20,Digital Campaign,6.22,Needs Improvement,"Marketing effectiveness is 51.3/100 (Moderate). Campaign ROI averages 1.38, with 6.22% engagement across 40 campaigns.","Review low-ROI campaigns, narrow audience targeting, and move budget to campaign types with stronger conversion results."
OUT0519,38,3642552.78,72006194.7,72648.0,19.93,19.77,5.06,Moderate,Low,Marketing efficiency is within the middle range of outlet performance. Conversion rate is within the middle range of outlet performance. Marketing spend represents a relatively lower proportion of sales revenue.,Continue monitoring marketing performance and optimize campaigns using sales and conversion trends.,58.17,Moderate,40,106524,10698,2.02,8,1,Digital Campaign,10.04,Moderate,"Marketing effectiveness is 58.2/100 (Moderate). Campaign ROI averages 2.02, with 10.04% engagement across 40 campaigns.",Continue the strongest campaign mix and scale spend only where ROI and engagement remain above the network benchmark.
OUT0520,38,5689388.35,105225959.19,120136.0,23.86,18.5,5.41,Needs Improvement,Medium,Marketing efficiency is below the lower-performing outlet range. Conversion rate is within the middle range of outlet performance. Marketing spend represents a relatively lower proportion of sales revenue.,Review marketing campaigns and redirect spending toward better-performing activities.,64.71,Moderate,40,160387,19445,2.18,12,2,Digital Campaign,12.12,Moderate,"Marketing effectiveness is 64.7/100 (Moderate). Campaign ROI averages 2.18, with 12.12% engagement across 40 campaigns.",Test campaign offers and targeting to improve conversion while protecting revenue per marketing rupee.
OUT0521,40,9923007.09,199024672.77,120691.0,27.64,20.06,4.99,Moderate,Low,Marketing efficiency is within the middle range of outlet performance. Conversion rate is among the stronger outlet results. Marketing spend represents a relatively lower proportion of sales revenue.,Continue monitoring marketing performance and optimize campaigns using sales and conversion trends.,70.54,Moderate,40,138276,19194,2.86,19,1,Digital Campaign,13.88,High Performing,"Marketing effectiveness is 70.5/100 (Moderate). Campaign ROI averages 2.86, with 13.88% engagement across 40 campaigns.",Continue the strongest campaign mix and scale spend only where ROI and engagement remain above the network benchmark.
OUT0522,40,9196926.37,181519343.34,140263.0,31.38,19.74,5.07,Moderate,Low,Marketing efficiency is within the middle range of outlet performance. Conversion rate is among the stronger outlet results. Marketing spend represents a relatively lower proportion of sales revenue.,Continue monitoring marketing performance and optimize campaigns using sales and conversion trends.,75.35,High Performing,40,141928,22316,2.55,20,1,Digital Campaign,15.72,High Performing,"Marketing effectiveness is 75.3/100 (High Performing). Campaign ROI averages 2.55, with 15.72% engagement across 40 campaigns.",Continue the strongest campaign mix and scale spend only where ROI and engagement remain above the network benchmark.
OUT0523,40,1490334.44,27962794.69,49919.0,29.47,18.76,5.33,Needs Improvement,Medium,Marketing efficiency is below the lower-performing outlet range. Conversion rate is among the stronger outlet results. Marketing spend represents a relatively lower proportion of sales revenue.,Review marketing campaigns and redirect spending toward better-performing activities.,61.79,Moderate,40,37306,5266,1.18,4,24,Digital Campaign,14.12,Needs Improvement,"Marketing effectiveness is 61.8/100 (Moderate). Campaign ROI averages 1.18, with 14.12% engagement across 40 campaigns.","Review low-ROI campaigns, narrow audience targeting, and move budget to campaign types with stronger conversion results."
OUT0524,39,1940436.91,38933041.35,43181.0,20.53,20.06,4.98,Moderate,Low,Marketing efficiency is within the middle range of outlet performance. Conversion rate is within the middle range of outlet performance. Marketing spend represents a relatively lower proportion of sales revenue.,Continue monitoring marketing performance and optimize campaigns using sales and conversion trends.,55.79,Moderate,40,50830,5091,1.52,7,15,Digital Campaign,10.02,Moderate,"Marketing effectiveness is 55.8/100 (Moderate). Campaign ROI averages 1.52, with 10.02% engagement across 40 campaigns.",Continue the strongest campaign mix and scale spend only where ROI and engagement remain above the network benchmark.
OUT0525,39,4537985.66,91014853.22,81428.0,28.39,20.06,4.99,Moderate,Low,Marketing efficiency is within the middle range of outlet performance. Conversion rate is among the stronger outlet results. Marketing spend represents a relatively lower proportion of sales revenue.,Continue monitoring marketing performance and optimize campaigns using sales and conversion trends.,66.68,Moderate,40,85560,12212,2.24,15,2,Digital Campaign,14.27,Moderate,"Marketing effectiveness is 66.7/100 (Moderate). Campaign ROI averages 2.24, with 14.27% engagement across 40 campaigns.",Continue the strongest campaign mix and scale spend only where ROI and engagement remain above the network benchmark.
OUT0526,38,6036238.3,117572140.92,64847.0,18.75,19.48,5.13,Moderate,Low,Marketing efficiency is within the middle range of outlet performance. Conversion rate is within the middle range of outlet performance. Marketing spend represents a relatively lower proportion of sales revenue.,Continue monitoring marketing performance and optimize campaigns using sales and conversion trends.,55.81,Moderate,40,112346,10578,2.42,19,1,Digital Campaign,9.42,High Performing,"Marketing effectiveness is 55.8/100 (Moderate). Campaign ROI averages 2.42, with 9.42% engagement across 40 campaigns.",Continue the strongest campaign mix and scale spend only where ROI and engagement remain above the network benchmark.
OUT0527,39,4858969.08,97597658.44,57313.0,17.19,20.09,4.98,Needs Improvement,Medium,Marketing efficiency is within the middle range of outlet performance. Conversion rate is below the lower-performing outlet range. Marketing spend represents a relatively lower proportion of sales revenue.,"Improve campaign targeting, customer engagement, offers, and conversion-focused activities.",54.67,Moderate,40,101273,8735,2.3,18,2,Digital Campaign,8.63,High Performing,"Marketing effectiveness is 54.7/100 (Moderate). Campaign ROI averages 2.30, with 8.63% engagement across 40 campaigns.",Test campaign offers and targeting to improve conversion while protecting revenue per marketing rupee.
OUT0528,39,2832537.24,53332665.05,39618.0,15.04,18.83,5.31,Needs Improvement,High,Marketing efficiency is below the lower-performing outlet range. Conversion rate is below the lower-performing outlet range. Marketing spend represents a relatively lower proportion of sales revenue.,"Review marketing campaigns and redirect spending toward better-performing activities. Improve campaign targeting, customer engagement, offers, and conversion-focused activities.",48.74,Moderate,40,69499,5283,1.64,5,8,Digital Campaign,7.6,Moderate,"Marketing effectiveness is 48.7/100 (Moderate). Campaign ROI averages 1.64, with 7.60% engagement across 40 campaigns.",Continue the strongest campaign mix and scale spend only where ROI and engagement remain above the network benchmark.
OUT0529,38,3637058.09,78318989.01,82897.0,19.15,21.53,4.64,Moderate,Low,Marketing efficiency is among the stronger outlet results. Conversion rate is within the middle range of outlet performance. Marketing spend represents a relatively lower proportion of sales revenue.,Continue monitoring successful campaigns and consider scaling effective activities.,61.66,Moderate,40,126816,12174,2.33,16,0,Digital Campaign,9.6,High Performing,"Marketing effectiveness is 61.7/100 (Moderate). Campaign ROI averages 2.33, with 9.60% engagement across 40 campaigns.",Continue the strongest campaign mix and scale spend only where ROI and engagement remain above the network benchmark.
OUT0530,38,3229090.84,61496948.02,36047.0,30.98,19.04,5.25,Needs Improvement,Medium,Marketing efficiency is below the lower-performing outlet range. Conversion rate is among the stronger outlet results. Marketing spend represents a relatively lower proportion of sales revenue.,Review marketing campaigns and redirect spending toward better-performing activities.,61.94,Moderate,40,34692,5231,1.78,5,5,Digital Campaign,15.08,Moderate,"Marketing effectiveness is 61.9/100 (Moderate). Campaign ROI averages 1.78, with 15.08% engagement across 40 campaigns.",Test campaign offers and targeting to improve conversion while protecting revenue per marketing rupee.
OUT0531,40,5350576.53,102715716.08,164834.0,29.45,19.2,5.21,Needs Improvement,Medium,Marketing efficiency is below the lower-performing outlet range. Conversion rate is among the stronger outlet results. Marketing spend represents a relatively lower proportion of sales revenue.,Review marketing campaigns and redirect spending toward better-performing activities.,75.65,High Performing,40,169325,25079,2.2,16,1,Digital Campaign,14.81,Moderate,"Marketing effectiveness is 75.7/100 (High Performing). Campaign ROI averages 2.20, with 14.81% engagement across 40 campaigns.",Test campaign offers and targeting to improve conversion while protecting revenue per marketing rupee.
OUT0532,40,4790176.57,98058506.31,58444.0,21.36,20.47,4.89,Moderate,Low,Marketing efficiency is within the middle range of outlet performance. Conversion rate is within the middle range of outlet performance. Marketing spend represents a relatively lower proportion of sales revenue.,Continue monitoring marketing performance and optimize campaigns using sales and conversion trends.,58.91,Moderate,40,80427,8625,2.37,17,3,Digital Campaign,10.72,High Performing,"Marketing effectiveness is 58.9/100 (Moderate). Campaign ROI averages 2.37, with 10.72% engagement across 40 campaigns.",Continue the strongest campaign mix and scale spend only where ROI and engagement remain above the network benchmark.
OUT0533,40,1658318.55,36354420.92,59955.0,31.71,21.92,4.56,High Performing,Low,Marketing efficiency is among the stronger outlet results. Conversion rate is among the stronger outlet results. Marketing spend represents a relatively lower proportion of sales revenue.,Continue monitoring successful campaigns and consider scaling effective activities.,70.12,Moderate,40,42510,6485,1.6,7,10,Digital Campaign,15.26,Moderate,"Marketing effectiveness is 70.1/100 (Moderate). Campaign ROI averages 1.60, with 15.26% engagement across 40 campaigns.",Continue the strongest campaign mix and scale spend only where ROI and engagement remain above the network benchmark.
OUT0534,39,4032560.84,78274122.58,76141.0,26.92,19.41,5.15,Moderate,Low,Marketing efficiency is within the middle range of outlet performance. Conversion rate is among the stronger outlet results. Marketing spend represents a relatively lower proportion of sales revenue.,Continue monitoring marketing performance and optimize campaigns using sales and conversion trends.,63.77,Moderate,40,82801,11135,2.09,11,2,Digital Campaign,13.45,Moderate,"Marketing effectiveness is 63.8/100 (Moderate). Campaign ROI averages 2.09, with 13.45% engagement across 40 campaigns.",Continue the strongest campaign mix and scale spend only where ROI and engagement remain above the network benchmark.
OUT0535,39,8958620.26,187764826.4,201801.0,36.76,20.96,4.77,High Performing,Low,Marketing efficiency is among the stronger outlet results. Conversion rate is among the stronger outlet results. Marketing spend represents a relatively lower proportion of sales revenue.,Continue monitoring successful campaigns and consider scaling effective activities.,88.91,High Performing,40,175505,32855,3.03,22,4,Digital Campaign,18.72,High Performing,"Marketing effectiveness is 88.9/100 (High Performing). Campaign ROI averages 3.03, with 18.72% engagement across 40 campaigns.",Continue the strongest campaign mix and scale spend only where ROI and engagement remain above the network benchmark.
OUT0536,40,4735409.18,100655891.76,106348.0,22.57,21.26,4.7,Moderate,Low,Marketing efficiency is among the stronger outlet results. Conversion rate is within the middle range of outlet performance. Marketing spend represents a relatively lower proportion of sales revenue.,Continue monitoring successful campaigns and consider scaling effective activities.,66.72,Moderate,40,138531,15691,2.51,19,2,Digital Campaign,11.33,High Performing,"Marketing effectiveness is 66.7/100 (Moderate). Campaign ROI averages 2.51, with 11.33% engagement across 40 campaigns.",Continue the strongest campaign mix and scale spend only where ROI and engagement remain above the network benchmark.
OUT0537,40,4175170.59,78341148.55,77581.0,29.04,18.76,5.33,Needs Improvement,Medium,Marketing efficiency is below the lower-performing outlet range. Conversion rate is among the stronger outlet results. Marketing spend represents a relatively lower proportion of sales revenue.,Review marketing campaigns and redirect spending toward better-performing activities.,64.6,Moderate,40,76946,11249,1.97,10,1,Digital Campaign,14.62,Moderate,"Marketing effectiveness is 64.6/100 (Moderate). Campaign ROI averages 1.97, with 14.62% engagement across 40 campaigns.",Test campaign offers and targeting to improve conversion while protecting revenue per marketing rupee.
OUT0538,39,1381749.86,29498762.12,33279.0,16.76,21.35,4.68,Needs Improvement,Medium,Marketing efficiency is among the stronger outlet results. Conversion rate is below the lower-performing outlet range. Marketing spend represents a relatively lower proportion of sales revenue.,"Continue monitoring successful campaigns and consider scaling effective activities. Improve campaign targeting, customer engagement, offers, and conversion-focused activities.",53.69,Moderate,40,44648,3577,1.4,2,16,Digital Campaign,8.01,Moderate,"Marketing effectiveness is 53.7/100 (Moderate). Campaign ROI averages 1.40, with 8.01% engagement across 40 campaigns.",Test campaign offers and targeting to improve conversion while protecting revenue per marketing rupee.
OUT0539,39,3784110.89,73714046.1,49433.0,14.45,19.48,5.13,Needs Improvement,Medium,Marketing efficiency is within the middle range of outlet performance. Conversion rate is below the lower-performing outlet range. Marketing spend represents a relatively lower proportion of sales revenue.,"Improve campaign targeting, customer engagement, offers, and conversion-focused activities.",50.48,Moderate,40,97908,7071,2.06,15,2,Digital Campaign,7.22,Moderate,"Marketing effectiveness is 50.5/100 (Moderate). Campaign ROI averages 2.06, with 7.22% engagement across 40 campaigns.",Test campaign offers and targeting to improve conversion while protecting revenue per marketing rupee.
OUT0540,40,4462299.63,80810557.05,60265.0,29.05,18.11,5.52,Needs Improvement,Medium,Marketing efficiency is below the lower-performing outlet range. Conversion rate is among the stronger outlet results. Marketing spend represents a relatively lower proportion of sales revenue.,Review marketing campaigns and redirect spending toward better-performing activities.,61.53,Moderate,40,61318,8930,1.87,9,4,Digital Campaign,14.56,Moderate,"Marketing effectiveness is 61.5/100 (Moderate). Campaign ROI averages 1.87, with 14.56% engagement across 40 campaigns.",Test campaign offers and targeting to improve conversion while protecting revenue per marketing rupee.
OUT0541,39,2263857.75,50214839.67,51109.0,24.31,22.18,4.51,Moderate,Low,Marketing efficiency is among the stronger outlet results. Conversion rate is within the middle range of outlet performance. Marketing spend represents a relatively lower proportion of sales revenue.,Continue monitoring successful campaigns and consider scaling effective activities.,63.41,Moderate,40,52293,6259,1.92,11,8,Digital Campaign,11.97,Moderate,"Marketing effectiveness is 63.4/100 (Moderate). Campaign ROI averages 1.92, with 11.97% engagement across 40 campaigns.",Continue the strongest campaign mix and scale spend only where ROI and engagement remain above the network benchmark.
OUT0542,39,3757401.42,72878215.09,120896.0,27.59,19.4,5.16,Moderate,Low,Marketing efficiency is within the middle range of outlet performance. Conversion rate is among the stronger outlet results. Marketing spend represents a relatively lower proportion of sales revenue.,Continue monitoring marketing performance and optimize campaigns using sales and conversion trends.,69.41,Moderate,40,126616,17614,1.98,10,2,Digital Campaign,13.91,Moderate,"Marketing effectiveness is 69.4/100 (Moderate). Campaign ROI averages 1.98, with 13.91% engagement across 40 campaigns.",Continue the strongest campaign mix and scale spend only where ROI and engagement remain above the network benchmark.
OUT0543,39,1822349.4,37848036.22,77446.0,21.12,20.77,4.81,Moderate,Low,Marketing efficiency is among the stronger outlet results. Conversion rate is within the middle range of outlet performance. Marketing spend represents a relatively lower proportion of sales revenue.,Continue monitoring successful campaigns and consider scaling effective activities.,61.38,Moderate,40,85700,8798,1.61,7,13,Digital Campaign,10.27,Moderate,"Marketing effectiveness is 61.4/100 (Moderate). Campaign ROI averages 1.61, with 10.27% engagement across 40 campaigns.",Continue the strongest campaign mix and scale spend only where ROI and engagement remain above the network benchmark.
OUT0544,38,2022931.85,35637465.42,22239.0,26.25,17.62,5.68,Needs Improvement,Medium,Marketing efficiency is below the lower-performing outlet range. Conversion rate is within the middle range of outlet performance. Marketing spend represents a relatively lower proportion of sales revenue.,Review marketing campaigns and redirect spending toward better-performing activities.,54.02,Moderate,40,22198,2893,1.17,2,22,Digital Campaign,13.03,Needs Improvement,"Marketing effectiveness is 54.0/100 (Moderate). Campaign ROI averages 1.17, with 13.03% engagement across 40 campaigns.","Review low-ROI campaigns, narrow audience targeting, and move budget to campaign types with stronger conversion results."
OUT0545,39,3193901.51,68561321.76,58345.0,18.67,21.47,4.66,Moderate,Low,Marketing efficiency is among the stronger outlet results. Conversion rate is within the middle range of outlet performance. Marketing spend represents a relatively lower proportion of sales revenue.,Continue monitoring successful campaigns and consider scaling effective activities.,58.34,Moderate,40,86395,8051,2.14,12,2,Digital Campaign,9.32,Moderate,"Marketing effectiveness is 58.3/100 (Moderate). Campaign ROI averages 2.14, with 9.32% engagement across 40 campaigns.",Continue the strongest campaign mix and scale spend only where ROI and engagement remain above the network benchmark.
OUT0546,39,2750779.12,52936460.58,72139.0,16.04,19.24,5.2,Needs Improvement,High,Marketing efficiency is below the lower-performing outlet range. Conversion rate is below the lower-performing outlet range. Marketing spend represents a relatively lower proportion of sales revenue.,"Review marketing campaigns and redirect spending toward better-performing activities. Improve campaign targeting, customer engagement, offers, and conversion-focused activities.",53.99,Moderate,40,114562,9452,1.67,7,11,Digital Campaign,8.25,Moderate,"Marketing effectiveness is 54.0/100 (Moderate). Campaign ROI averages 1.67, with 8.25% engagement across 40 campaigns.",Continue the strongest campaign mix and scale spend only where ROI and engagement remain above the network benchmark.
OUT0547,40,2328651.19,44605572.23,31357.0,18.06,19.16,5.22,Needs Improvement,Medium,Marketing efficiency is below the lower-performing outlet range. Conversion rate is within the middle range of outlet performance. Marketing spend represents a relatively lower proportion of sales revenue.,Review marketing campaigns and redirect spending toward better-performing activities.,50.86,Moderate,40,42144,3739,1.5,6,14,Digital Campaign,8.87,Moderate,"Marketing effectiveness is 50.9/100 (Moderate). Campaign ROI averages 1.50, with 8.87% engagement across 40 campaigns.",Test campaign offers and targeting to improve conversion while protecting revenue per marketing rupee.
OUT0548,39,914416.72,20027346.49,12484.0,14.35,21.9,4.57,Needs Improvement,Medium,Marketing efficiency is among the stronger outlet results. Conversion rate is below the lower-performing outlet range. Marketing spend represents a relatively lower proportion of sales revenue.,"Continue monitoring successful campaigns and consider scaling effective activities. Improve campaign targeting, customer engagement, offers, and conversion-focused activities.",50.24,Moderate,40,19368,1243,1.34,4,18,Digital Campaign,6.42,Needs Improvement,"Marketing effectiveness is 50.2/100 (Moderate). Campaign ROI averages 1.34, with 6.42% engagement across 40 campaigns.","Review low-ROI campaigns, narrow audience targeting, and move budget to campaign types with stronger conversion results."
OUT0549,40,4739076.75,93650876.0,53591.0,16.84,19.76,5.06,Needs Improvement,Medium,Marketing efficiency is within the middle range of outlet performance. Conversion rate is below the lower-performing outlet range. Marketing spend represents a relatively lower proportion of sales revenue.,"Improve campaign targeting, customer engagement, offers, and conversion-focused activities.",53.41,Moderate,40,93715,7929,2.21,15,1,Digital Campaign,8.46,Moderate,"Marketing effectiveness is 53.4/100 (Moderate). Campaign ROI averages 2.21, with 8.46% engagement across 40 campaigns.",Test campaign offers and targeting to improve conversion while protecting revenue per marketing rupee.
OUT0550,38,2469939.51,46818182.81,68041.0,25.28,18.96,5.28,Needs Improvement,Medium,Marketing efficiency is below the lower-performing outlet range. Conversion rate is within the middle range of outlet performance. Marketing spend represents a relatively lower proportion of sales revenue.,Review marketing campaigns and redirect spending toward better-performing activities.,60.71,Moderate,40,71264,9015,1.63,6,12,Digital Campaign,12.65,Moderate,"Marketing effectiveness is 60.7/100 (Moderate). Campaign ROI averages 1.63, with 12.65% engagement across 40 campaigns.",Test campaign offers and targeting to improve conversion while protecting revenue per marketing rupee.
OUT0551,40,1760376.0,32652311.23,26856.0,21.31,18.55,5.39,Needs Improvement,Medium,Marketing efficiency is below the lower-performing outlet range. Conversion rate is within the middle range of outlet performance. Marketing spend represents a relatively lower proportion of sales revenue.,Review marketing campaigns and redirect spending toward better-performing activities.,52.02,Moderate,40,28698,2953,1.23,4,23,Digital Campaign,10.29,Needs Improvement,"Marketing effectiveness is 52.0/100 (Moderate). Campaign ROI averages 1.23, with 10.29% engagement across 40 campaigns.","Review low-ROI campaigns, narrow audience targeting, and move budget to campaign types with stronger conversion results."
OUT0552,38,1957710.43,41422225.4,27869.0,21.91,21.16,4.73,Moderate,Low,Marketing efficiency is among the stronger outlet results. Conversion rate is within the middle range of outlet performance. Marketing spend represents a relatively lower proportion of sales revenue.,Continue monitoring successful campaigns and consider scaling effective activities.,57.03,Moderate,40,31394,3360,1.68,6,10,Digital Campaign,10.7,Moderate,"Marketing effectiveness is 57.0/100 (Moderate). Campaign ROI averages 1.68, with 10.70% engagement across 40 campaigns.",Continue the strongest campaign mix and scale spend only where ROI and engagement remain above the network benchmark.
OUT0553,39,1688948.95,35393433.53,42167.0,17.14,20.96,4.77,Needs Improvement,Medium,Marketing efficiency is among the stronger outlet results. Conversion rate is below the lower-performing outlet range. Marketing spend represents a relatively lower proportion of sales revenue.,"Continue monitoring successful campaigns and consider scaling effective activities. Improve campaign targeting, customer engagement, offers, and conversion-focused activities.",54.36,Moderate,40,56988,4721,1.55,5,17,Digital Campaign,8.28,Moderate,"Marketing effectiveness is 54.4/100 (Moderate). Campaign ROI averages 1.55, with 8.28% engagement across 40 campaigns.",Test campaign offers and targeting to improve conversion while protecting revenue per marketing rupee.
OUT0554,40,6278712.89,117157298.05,142505.0,30.51,18.66,5.36,Needs Improvement,Medium,Marketing efficiency is below the lower-performing outlet range. Conversion rate is among the stronger outlet results. Marketing spend represents a relatively lower proportion of sales revenue.,Review marketing campaigns and redirect spending toward better-performing activities.,73.07,Moderate,40,144441,22415,2.13,13,3,Digital Campaign,15.52,Moderate,"Marketing effectiveness is 73.1/100 (Moderate). Campaign ROI averages 2.13, with 15.52% engagement across 40 campaigns.",Test campaign offers and targeting to improve conversion while protecting revenue per marketing rupee.
OUT0555,40,1928688.43,38462452.01,28445.0,16.23,19.94,5.01,Needs Improvement,Medium,Marketing efficiency is within the middle range of outlet performance. Conversion rate is below the lower-performing outlet range. Marketing spend represents a relatively lower proportion of sales revenue.,"Improve campaign targeting, customer engagement, offers, and conversion-focused activities.",50.33,Moderate,40,41142,3209,1.49,6,16,Digital Campaign,7.8,Moderate,"Marketing effectiveness is 50.3/100 (Moderate). Campaign ROI averages 1.49, with 7.80% engagement across 40 campaigns.",Test campaign offers and targeting to improve conversion while protecting revenue per marketing rupee.
OUT0556,40,3703574.06,75576694.55,94874.0,33.58,20.41,4.9,Moderate,Low,Marketing efficiency is within the middle range of outlet performance. Conversion rate is among the stronger outlet results. Marketing spend represents a relatively lower proportion of sales revenue.,Continue monitoring marketing performance and optimize campaigns using sales and conversion trends.,73.12,Moderate,40,78017,13296,2.09,11,1,Digital Campaign,17.04,Moderate,"Marketing effectiveness is 73.1/100 (Moderate). Campaign ROI averages 2.09, with 17.04% engagement across 40 campaigns.",Continue the strongest campaign mix and scale spend only where ROI and engagement remain above the network benchmark.
OUT0557,39,1882201.06,37389658.23,42793.0,12.35,19.86,5.03,Needs Improvement,Medium,Marketing efficiency is within the middle range of outlet performance. Conversion rate is below the lower-performing outlet range. Marketing spend represents a relatively lower proportion of sales revenue.,"Improve campaign targeting, customer engagement, offers, and conversion-focused activities.",48.62,Moderate,40,81711,4945,1.5,7,18,Digital Campaign,6.05,Moderate,"Marketing effectiveness is 48.6/100 (Moderate). Campaign ROI averages 1.50, with 6.05% engagement across 40 campaigns.",Test campaign offers and targeting to improve conversion while protecting revenue per marketing rupee.
OUT0558,39,6360507.15,120043471.56,69172.0,28.79,18.87,5.3,Needs Improvement,Medium,Marketing efficiency is below the lower-performing outlet range. Conversion rate is among the stronger outlet results. Marketing spend represents a relatively lower proportion of sales revenue.,Review marketing campaigns and redirect spending toward better-performing activities.,63.62,Moderate,40,76490,10983,2.22,15,1,Digital Campaign,14.36,Moderate,"Marketing effectiveness is 63.6/100 (Moderate). Campaign ROI averages 2.22, with 14.36% engagement across 40 campaigns.",Test campaign offers and targeting to improve conversion while protecting revenue per marketing rupee.
OUT0559,38,1287822.33,26478224.9,27725.0,12.51,20.56,4.86,Needs Improvement,Medium,Marketing efficiency is within the middle range of outlet performance. Conversion rate is below the lower-performing outlet range. Marketing spend represents a relatively lower proportion of sales revenue.,"Improve campaign targeting, customer engagement, offers, and conversion-focused activities.",48.2,Moderate,40,50907,3085,1.35,4,17,Digital Campaign,6.06,Needs Improvement,"Marketing effectiveness is 48.2/100 (Moderate). Campaign ROI averages 1.35, with 6.06% engagement across 40 campaigns.","Review low-ROI campaigns, narrow audience targeting, and move budget to campaign types with stronger conversion results."
OUT0560,39,12762141.87,236348683.53,142633.0,31.04,18.52,5.4,Needs Improvement,Medium,Marketing efficiency is below the lower-performing outlet range. Conversion rate is among the stronger outlet results. Marketing spend represents a relatively lower proportion of sales revenue.,Review marketing campaigns and redirect spending toward better-performing activities.,73.29,Moderate,40,149141,23030,2.31,13,2,Digital Campaign,15.44,High Performing,"Marketing effectiveness is 73.3/100 (Moderate). Campaign ROI averages 2.31, with 15.44% engagement across 40 campaigns.",Test campaign offers and targeting to improve conversion while protecting revenue per marketing rupee.
OUT0561,40,10570151.34,222155674.74,155222.0,28.51,21.02,4.76,High Performing,Low,Marketing efficiency is among the stronger outlet results. Conversion rate is among the stronger outlet results. Marketing spend represents a relatively lower proportion of sales revenue.,Continue monitoring successful campaigns and consider scaling effective activities.,76.84,High Performing,40,173830,24809,2.79,18,0,Digital Campaign,14.27,High Performing,"Marketing effectiveness is 76.8/100 (High Performing). Campaign ROI averages 2.79, with 14.27% engagement across 40 campaigns.",Continue the strongest campaign mix and scale spend only where ROI and engagement remain above the network benchmark.
OUT0562,38,8792015.7,175399278.73,116534.0,26.97,19.95,5.01,Moderate,Low,Marketing efficiency is within the middle range of outlet performance. Conversion rate is among the stronger outlet results. Marketing spend represents a relatively lower proportion of sales revenue.,Continue monitoring marketing performance and optimize campaigns using sales and conversion trends.,69.34,Moderate,40,143370,19212,2.72,19,2,Digital Campaign,13.4,High Performing,"Marketing effectiveness is 69.3/100 (Moderate). Campaign ROI averages 2.72, with 13.40% engagement across 40 campaigns.",Continue the strongest campaign mix and scale spend only where ROI and engagement remain above the network benchmark.
OUT0563,40,3967396.73,75802415.78,147387.0,27.59,19.11,5.23,Needs Improvement,Medium,Marketing efficiency is below the lower-performing outlet range. Conversion rate is among the stronger outlet results. Marketing spend represents a relatively lower proportion of sales revenue.,Review marketing campaigns and redirect spending toward better-performing activities.,71.95,Moderate,40,151523,21150,1.9,7,2,Digital Campaign,13.96,Moderate,"Marketing effectiveness is 72.0/100 (Moderate). Campaign ROI averages 1.90, with 13.96% engagement across 40 campaigns.",Test campaign offers and targeting to improve conversion while protecting revenue per marketing rupee.
OUT0564,39,2430353.2,47984851.8,31178.0,13.84,19.74,5.06,Needs Improvement,Medium,Marketing efficiency is within the middle range of outlet performance. Conversion rate is below the lower-performing outlet range. Marketing spend represents a relatively lower proportion of sales revenue.,"Improve campaign targeting, customer engagement, offers, and conversion-focused activities.",48.32,Moderate,40,56914,3899,1.61,6,9,Digital Campaign,6.85,Moderate,"Marketing effectiveness is 48.3/100 (Moderate). Campaign ROI averages 1.61, with 6.85% engagement across 40 campaigns.",Test campaign offers and targeting to improve conversion while protecting revenue per marketing rupee.
OUT0565,39,3577762.87,72762374.89,48972.0,16.3,20.34,4.92,Needs Improvement,Medium,Marketing efficiency is within the middle range of outlet performance. Conversion rate is below the lower-performing outlet range. Marketing spend represents a relatively lower proportion of sales revenue.,"Improve campaign targeting, customer engagement, offers, and conversion-focused activities.",53.4,Moderate,40,84860,6956,2.1,13,1,Digital Campaign,8.2,Moderate,"Marketing effectiveness is 53.4/100 (Moderate). Campaign ROI averages 2.10, with 8.20% engagement across 40 campaigns.",Test campaign offers and targeting to improve conversion while protecting revenue per marketing rupee.
OUT0566,39,2454106.74,44994560.73,49777.0,18.84,18.33,5.45,Needs Improvement,Medium,Marketing efficiency is below the lower-performing outlet range. Conversion rate is within the middle range of outlet performance. Marketing spend represents a relatively lower proportion of sales revenue.,Review marketing campaigns and redirect spending toward better-performing activities.,52.23,Moderate,40,67301,6298,1.49,6,14,Digital Campaign,9.36,Moderate,"Marketing effectiveness is 52.2/100 (Moderate). Campaign ROI averages 1.49, with 9.36% engagement across 40 campaigns.",Test campaign offers and targeting to improve conversion while protecting revenue per marketing rupee.
OUT0567,36,716664.53,13770521.67,29556.0,19.96,19.21,5.2,Needs Improvement,Medium,Marketing efficiency is below the lower-performing outlet range. Conversion rate is within the middle range of outlet performance. Marketing spend represents a relatively lower proportion of sales revenue.,Review marketing campaigns and redirect spending toward better-performing activities.,52.33,Moderate,40,33532,3111,0.97,3,25,Digital Campaign,9.28,Needs Improvement,"Marketing effectiveness is 52.3/100 (Moderate). Campaign ROI averages 0.97, with 9.28% engagement across 40 campaigns.","Review low-ROI campaigns, narrow audience targeting, and move budget to campaign types with stronger conversion results."
OUT0568,40,3267396.25,71404282.98,56794.0,17.07,21.85,4.58,Needs Improvement,Medium,Marketing efficiency is among the stronger outlet results. Conversion rate is below the lower-performing outlet range. Marketing spend represents a relatively lower proportion of sales revenue.,"Continue monitoring successful campaigns and consider scaling effective activities. Improve campaign targeting, customer engagement, offers, and conversion-focused activities.",57.49,Moderate,40,88760,7585,2.25,16,2,Digital Campaign,8.55,Moderate,"Marketing effectiveness is 57.5/100 (Moderate). Campaign ROI averages 2.25, with 8.55% engagement across 40 campaigns.",Test campaign offers and targeting to improve conversion while protecting revenue per marketing rupee.
OUT0569,38,1460075.29,29277093.92,16935.0,15.05,20.05,4.99,Needs Improvement,Medium,Marketing efficiency is within the middle range of outlet performance. Conversion rate is below the lower-performing outlet range. Marketing spend represents a relatively lower proportion of sales revenue.,"Improve campaign targeting, customer engagement, offers, and conversion-focused activities.",48.22,Moderate,40,26270,1896,1.35,4,19,Digital Campaign,7.22,Needs Improvement,"Marketing effectiveness is 48.2/100 (Moderate). Campaign ROI averages 1.35, with 7.22% engagement across 40 campaigns.","Review low-ROI campaigns, narrow audience targeting, and move budget to campaign types with stronger conversion results."
OUT0570,39,1369545.56,28196653.53,29683.0,25.16,20.59,4.86,Moderate,Low,Marketing efficiency is within the middle range of outlet performance. Conversion rate is within the middle range of outlet performance. Marketing spend represents a relatively lower proportion of sales revenue.,Continue monitoring marketing performance and optimize campaigns using sales and conversion trends.,58.98,Moderate,40,26308,3218,1.48,8,20,Digital Campaign,12.23,Moderate,"Marketing effectiveness is 59.0/100 (Moderate). Campaign ROI averages 1.48, with 12.23% engagement across 40 campaigns.",Continue the strongest campaign mix and scale spend only where ROI and engagement remain above the network benchmark.
OUT0571,39,5961118.2,122348324.68,122070.0,39.25,20.52,4.87,Moderate,Low,Marketing efficiency is within the middle range of outlet performance. Conversion rate is among the stronger outlet results. Marketing spend represents a relatively lower proportion of sales revenue.,Continue monitoring marketing performance and optimize campaigns using sales and conversion trends.,81.14,High Performing,40,99030,19579,2.51,20,0,Digital Campaign,19.77,High Performing,"Marketing effectiveness is 81.1/100 (High Performing). Campaign ROI averages 2.51, with 19.77% engagement across 40 campaigns.",Continue the strongest campaign mix and scale spend only where ROI and engagement remain above the network benchmark.
OUT0572,40,5596216.26,117054006.3,72346.0,28.35,20.92,4.78,High Performing,Low,Marketing efficiency is among the stronger outlet results. Conversion rate is among the stronger outlet results. Marketing spend represents a relatively lower proportion of sales revenue.,Continue monitoring successful campaigns and consider scaling effective activities.,67.06,Moderate,40,76685,10946,2.55,18,3,Digital Campaign,14.27,High Performing,"Marketing effectiveness is 67.1/100 (Moderate). Campaign ROI averages 2.55, with 14.27% engagement across 40 campaigns.",Continue the strongest campaign mix and scale spend only where ROI and engagement remain above the network benchmark.
OUT0573,39,4068306.46,78655762.46,46310.0,23.68,19.33,5.17,Moderate,Low,Marketing efficiency is within the middle range of outlet performance. Conversion rate is within the middle range of outlet performance. Marketing spend represents a relatively lower proportion of sales revenue.,Continue monitoring marketing performance and optimize campaigns using sales and conversion trends.,57.53,Moderate,40,58182,6882,2.03,13,3,Digital Campaign,11.83,Moderate,"Marketing effectiveness is 57.5/100 (Moderate). Campaign ROI averages 2.03, with 11.83% engagement across 40 campaigns.",Continue the strongest campaign mix and scale spend only where ROI and engagement remain above the network benchmark.
OUT0574,36,3397619.56,68096083.43,65817.0,17.89,20.04,4.99,Moderate,Low,Marketing efficiency is within the middle range of outlet performance. Conversion rate is within the middle range of outlet performance. Marketing spend represents a relatively lower proportion of sales revenue.,Continue monitoring marketing performance and optimize campaigns using sales and conversion trends.,56.15,Moderate,40,112155,9990,2.13,14,2,Digital Campaign,8.91,Moderate,"Marketing effectiveness is 56.1/100 (Moderate). Campaign ROI averages 2.13, with 8.91% engagement across 40 campaigns.",Continue the strongest campaign mix and scale spend only where ROI and engagement remain above the network benchmark.
OUT0575,38,2888767.8,56336576.86,34693.0,21.17,19.5,5.13,Moderate,Low,Marketing efficiency is within the middle range of outlet performance. Conversion rate is within the middle range of outlet performance. Marketing spend represents a relatively lower proportion of sales revenue.,Continue monitoring marketing performance and optimize campaigns using sales and conversion trends.,54.4,Moderate,40,45467,4837,1.85,9,3,Digital Campaign,10.64,Moderate,"Marketing effectiveness is 54.4/100 (Moderate). Campaign ROI averages 1.85, with 10.64% engagement across 40 campaigns.",Continue the strongest campaign mix and scale spend only where ROI and engagement remain above the network benchmark.
OUT0576,39,4544308.06,96035622.57,64484.0,21.5,21.13,4.73,Moderate,Low,Marketing efficiency is among the stronger outlet results. Conversion rate is within the middle range of outlet performance. Marketing spend represents a relatively lower proportion of sales revenue.,Continue monitoring successful campaigns and consider scaling effective activities.,60.84,Moderate,40,89616,9718,2.44,16,1,Digital Campaign,10.84,High Performing,"Marketing effectiveness is 60.8/100 (Moderate). Campaign ROI averages 2.44, with 10.84% engagement across 40 campaigns.",Continue the strongest campaign mix and scale spend only where ROI and engagement remain above the network benchmark.
OUT0577,39,4357695.88,99223345.49,55529.0,19.33,22.77,4.39,Moderate,Low,Marketing efficiency is among the stronger outlet results. Conversion rate is within the middle range of outlet performance. Marketing spend represents a relatively lower proportion of sales revenue.,Continue monitoring successful campaigns and consider scaling effective activities.,60.76,Moderate,40,85018,8267,2.68,22,0,Digital Campaign,9.72,High Performing,"Marketing effectiveness is 60.8/100 (Moderate). Campaign ROI averages 2.67, with 9.72% engagement across 40 campaigns.",Continue the strongest campaign mix and scale spend only where ROI and engagement remain above the network benchmark.
OUT0578,38,1353266.17,27888612.98,45651.0,23.79,20.61,4.85,Moderate,Low,Marketing efficiency is within the middle range of outlet performance. Conversion rate is within the middle range of outlet performance. Marketing spend represents a relatively lower proportion of sales revenue.,Continue monitoring marketing performance and optimize campaigns using sales and conversion trends.,59.7,Moderate,40,43920,4994,1.41,7,19,Digital Campaign,11.37,Moderate,"Marketing effectiveness is 59.7/100 (Moderate). Campaign ROI averages 1.41, with 11.37% engagement across 40 campaigns.",Continue the strongest campaign mix and scale spend only where ROI and engagement remain above the network benchmark.
OUT0579,40,15883687.14,325527500.55,194355.0,34.48,20.49,4.88,Moderate,Low,Marketing efficiency is within the middle range of outlet performance. Conversion rate is among the stronger outlet results. Marketing spend represents a relatively lower proportion of sales revenue.,Continue monitoring marketing performance and optimize campaigns using sales and conversion trends.,85.38,High Performing,40,180340,31095,2.77,18,0,Digital Campaign,17.24,High Performing,"Marketing effectiveness is 85.4/100 (High Performing). Campaign ROI averages 2.77, with 17.24% engagement across 40 campaigns.",Continue the strongest campaign mix and scale spend only where ROI and engagement remain above the network benchmark.
OUT0580,38,2491450.61,52264467.32,45838.0,35.08,20.98,4.77,High Performing,Low,Marketing efficiency is among the stronger outlet results. Conversion rate is among the stronger outlet results. Marketing spend represents a relatively lower proportion of sales revenue.,Continue monitoring successful campaigns and consider scaling effective activities.,69.72,Moderate,40,34676,6035,1.83,9,7,Digital Campaign,17.4,Moderate,"Marketing effectiveness is 69.7/100 (Moderate). Campaign ROI averages 1.83, with 17.40% engagement across 40 campaigns.",Continue the strongest campaign mix and scale spend only where ROI and engagement remain above the network benchmark.
OUT0581,40,7388449.35,147675183.94,92040.0,21.84,19.99,5.0,Moderate,Low,Marketing efficiency is within the middle range of outlet performance. Conversion rate is within the middle range of outlet performance. Marketing spend represents a relatively lower proportion of sales revenue.,Continue monitoring marketing performance and optimize campaigns using sales and conversion trends.,62.33,Moderate,40,131434,14396,2.56,17,2,Digital Campaign,10.95,High Performing,"Marketing effectiveness is 62.3/100 (Moderate). Campaign ROI averages 2.56, with 10.95% engagement across 40 campaigns.",Continue the strongest campaign mix and scale spend only where ROI and engagement remain above the network benchmark.
OUT0582,39,7016926.8,149970229.74,91308.0,24.34,21.37,4.68,Moderate,Low,Marketing efficiency is among the stronger outlet results. Conversion rate is within the middle range of outlet performance. Marketing spend represents a relatively lower proportion of sales revenue.,Continue monitoring successful campaigns and consider scaling effective activities.,66.66,Moderate,40,118393,14388,2.91,23,2,Digital Campaign,12.15,High Performing,"Marketing effectiveness is 66.7/100 (Moderate). Campaign ROI averages 2.91, with 12.15% engagement across 40 campaigns.",Continue the strongest campaign mix and scale spend only where ROI and engagement remain above the network benchmark.
OUT0583,37,814725.62,14595521.08,11568.0,12.63,17.91,5.58,Needs Improvement,High,Marketing efficiency is below the lower-performing outlet range. Conversion rate is below the lower-performing outlet range. Marketing spend represents a relatively lower proportion of sales revenue.,"Review marketing campaigns and redirect spending toward better-performing activities. Improve campaign targeting, customer engagement, offers, and conversion-focused activities.",42.0,Moderate,40,21120,1199,0.82,1,29,Digital Campaign,5.68,Needs Improvement,"Marketing effectiveness is 42.0/100 (Moderate). Campaign ROI averages 0.82, with 5.68% engagement across 40 campaigns.","Review low-ROI campaigns, narrow audience targeting, and move budget to campaign types with stronger conversion results."
OUT0584,40,2816210.15,55480182.78,36237.0,16.57,19.7,5.08,Needs Improvement,Medium,Marketing efficiency is within the middle range of outlet performance. Conversion rate is below the lower-performing outlet range. Marketing spend represents a relatively lower proportion of sales revenue.,"Improve campaign targeting, customer engagement, offers, and conversion-focused activities.",51.09,Moderate,40,56367,4630,1.76,7,2,Digital Campaign,8.21,Moderate,"Marketing effectiveness is 51.1/100 (Moderate). Campaign ROI averages 1.76, with 8.21% engagement across 40 campaigns.",Test campaign offers and targeting to improve conversion while protecting revenue per marketing rupee.
OUT0585,37,2193809.39,42329822.27,28986.0,16.92,19.3,5.18,Needs Improvement,High,Marketing efficiency is below the lower-performing outlet range. Conversion rate is below the lower-performing outlet range. Marketing spend represents a relatively lower proportion of sales revenue.,"Review marketing campaigns and redirect spending toward better-performing activities. Improve campaign targeting, customer engagement, offers, and conversion-focused activities.",49.88,Moderate,40,45068,3844,1.44,3,12,Digital Campaign,8.53,Moderate,"Marketing effectiveness is 49.9/100 (Moderate). Campaign ROI averages 1.44, with 8.53% engagement across 40 campaigns.",Continue the strongest campaign mix and scale spend only where ROI and engagement remain above the network benchmark.
OUT0586,39,533450.08,10233986.51,19966.0,17.48,19.18,5.21,Needs Improvement,High,Marketing efficiency is below the lower-performing outlet range. Conversion rate is below the lower-performing outlet range. Marketing spend represents a relatively lower proportion of sales revenue.,"Review marketing campaigns and redirect spending toward better-performing activities. Improve campaign targeting, customer engagement, offers, and conversion-focused activities.",49.12,Moderate,40,23712,1845,0.93,2,26,Digital Campaign,7.78,Needs Improvement,"Marketing effectiveness is 49.1/100 (Moderate). Campaign ROI averages 0.93, with 7.78% engagement across 40 campaigns.","Review low-ROI campaigns, narrow audience targeting, and move budget to campaign types with stronger conversion results."
OUT0587,39,254830.38,5276290.57,8329.0,13.57,20.71,4.83,Needs Improvement,Medium,Marketing efficiency is within the middle range of outlet performance. Conversion rate is below the lower-performing outlet range. Marketing spend represents a relatively lower proportion of sales revenue.,"Improve campaign targeting, customer engagement, offers, and conversion-focused activities.",47.1,Moderate,40,11920,730,0.95,2,25,Digital Campaign,6.12,Needs Improvement,"Marketing effectiveness is 47.1/100 (Moderate). Campaign ROI averages 0.95, with 6.12% engagement across 40 campaigns.","Review low-ROI campaigns, narrow audience targeting, and move budget to campaign types with stronger conversion results."
OUT0588,39,1383421.87,24630505.96,16523.0,15.28,17.8,5.62,Needs Improvement,High,Marketing efficiency is below the lower-performing outlet range. Conversion rate is below the lower-performing outlet range. Marketing spend represents a relatively lower proportion of sales revenue.,"Review marketing campaigns and redirect spending toward better-performing activities. Improve campaign targeting, customer engagement, offers, and conversion-focused activities.",44.57,Moderate,40,24382,1782,0.93,0,27,Digital Campaign,7.31,Needs Improvement,"Marketing effectiveness is 44.6/100 (Moderate). Campaign ROI averages 0.93, with 7.31% engagement across 40 campaigns.","Review low-ROI campaigns, narrow audience targeting, and move budget to campaign types with stronger conversion results."
OUT0589,39,1761221.36,32511722.93,61580.0,24.11,18.46,5.42,Needs Improvement,Medium,Marketing efficiency is below the lower-performing outlet range. Conversion rate is within the middle range of outlet performance. Marketing spend represents a relatively lower proportion of sales revenue.,Review marketing campaigns and redirect spending toward better-performing activities.,58.16,Moderate,40,59926,7005,1.26,4,22,Digital Campaign,11.69,Needs Improvement,"Marketing effectiveness is 58.2/100 (Moderate). Campaign ROI averages 1.26, with 11.69% engagement across 40 campaigns.","Review low-ROI campaigns, narrow audience targeting, and move budget to campaign types with stronger conversion results."
OUT0590,40,3568226.02,70008969.22,64266.0,18.67,19.62,5.1,Moderate,Low,Marketing efficiency is within the middle range of outlet performance. Conversion rate is within the middle range of outlet performance. Marketing spend represents a relatively lower proportion of sales revenue.,Continue monitoring marketing performance and optimize campaigns using sales and conversion trends.,55.91,Moderate,40,94687,8914,1.91,9,1,Digital Campaign,9.41,Moderate,"Marketing effectiveness is 55.9/100 (Moderate). Campaign ROI averages 1.91, with 9.41% engagement across 40 campaigns.",Continue the strongest campaign mix and scale spend only where ROI and engagement remain above the network benchmark.
OUT0591,38,6133481.25,120072158.73,93252.0,23.94,19.58,5.11,Moderate,Low,Marketing efficiency is within the middle range of outlet performance. Conversion rate is within the middle range of outlet performance. Marketing spend represents a relatively lower proportion of sales revenue.,Continue monitoring marketing performance and optimize campaigns using sales and conversion trends.,63.53,Moderate,40,123163,15016,2.51,16,1,Digital Campaign,12.19,High Performing,"Marketing effectiveness is 63.5/100 (Moderate). Campaign ROI averages 2.51, with 12.19% engagement across 40 campaigns.",Continue the strongest campaign mix and scale spend only where ROI and engagement remain above the network benchmark.
OUT0592,39,7621264.7,147003045.92,104870.0,25.4,19.29,5.18,Needs Improvement,Medium,Marketing efficiency is below the lower-performing outlet range. Conversion rate is within the middle range of outlet performance. Marketing spend represents a relatively lower proportion of sales revenue.,Review marketing campaigns and redirect spending toward better-performing activities.,65.58,Moderate,40,133784,17050,2.55,19,2,Digital Campaign,12.74,High Performing,"Marketing effectiveness is 65.6/100 (Moderate). Campaign ROI averages 2.55, with 12.74% engagement across 40 campaigns.",Test campaign offers and targeting to improve conversion while protecting revenue per marketing rupee.
OUT0593,39,1111587.83,22660198.73,22420.0,18.82,20.39,4.91,Moderate,Low,Marketing efficiency is within the middle range of outlet performance. Conversion rate is within the middle range of outlet performance. Marketing spend represents a relatively lower proportion of sales revenue.,Continue monitoring marketing performance and optimize campaigns using sales and conversion trends.,52.54,Moderate,40,25749,2290,1.17,0,22,Digital Campaign,8.89,Needs Improvement,"Marketing effectiveness is 52.5/100 (Moderate). Campaign ROI averages 1.17, with 8.89% engagement across 40 campaigns.","Review low-ROI campaigns, narrow audience targeting, and move budget to campaign types with stronger conversion results."
OUT0594,39,6747769.57,146733707.84,138664.0,27.97,21.75,4.6,High Performing,Low,Marketing efficiency is among the stronger outlet results. Conversion rate is among the stronger outlet results. Marketing spend represents a relatively lower proportion of sales revenue.,Continue monitoring successful campaigns and consider scaling effective activities.,75.72,High Performing,40,154712,22017,2.85,21,2,Digital Campaign,14.23,High Performing,"Marketing effectiveness is 75.7/100 (High Performing). Campaign ROI averages 2.85, with 14.23% engagement across 40 campaigns.",Continue the strongest campaign mix and scale spend only where ROI and engagement remain above the network benchmark.
OUT0595,38,14919662.36,306091623.67,177107.0,32.2,20.52,4.87,Moderate,Low,Marketing efficiency is within the middle range of outlet performance. Conversion rate is among the stronger outlet results. Marketing spend represents a relatively lower proportion of sales revenue.,Continue monitoring marketing performance and optimize campaigns using sales and conversion trends.,81.56,High Performing,40,179413,29642,2.88,20,1,Digital Campaign,16.52,High Performing,"Marketing effectiveness is 81.6/100 (High Performing). Campaign ROI averages 2.88, with 16.52% engagement across 40 campaigns.",Continue the strongest campaign mix and scale spend only where ROI and engagement remain above the network benchmark.
OUT0596,39,2854653.15,50602181.97,31667.0,24.54,17.73,5.64,Needs Improvement,Medium,Marketing efficiency is below the lower-performing outlet range. Conversion rate is within the middle range of outlet performance. Marketing spend represents a relatively lower proportion of sales revenue.,Review marketing campaigns and redirect spending toward better-performing activities.,53.87,Moderate,40,34221,4208,1.42,4,13,Digital Campaign,12.3,Moderate,"Marketing effectiveness is 53.9/100 (Moderate). Campaign ROI averages 1.42, with 12.30% engagement across 40 campaigns.",Test campaign offers and targeting to improve conversion while protecting revenue per marketing rupee.
OUT0597,38,8367046.29,162994476.22,96052.0,26.71,19.48,5.13,Moderate,Low,Marketing efficiency is within the middle range of outlet performance. Conversion rate is among the stronger outlet results. Marketing spend represents a relatively lower proportion of sales revenue.,Continue monitoring marketing performance and optimize campaigns using sales and conversion trends.,65.99,Moderate,40,117494,15818,2.67,18,2,Digital Campaign,13.46,High Performing,"Marketing effectiveness is 66.0/100 (Moderate). Campaign ROI averages 2.67, with 13.46% engagement across 40 campaigns.",Continue the strongest campaign mix and scale spend only where ROI and engagement remain above the network benchmark.
OUT0598,40,1038548.36,19928439.99,15893.0,19.49,19.19,5.21,Needs Improvement,Medium,Marketing efficiency is below the lower-performing outlet range. Conversion rate is within the middle range of outlet performance. Marketing spend represents a relatively lower proportion of sales revenue.,Review marketing campaigns and redirect spending toward better-performing activities.,50.33,Moderate,40,16973,1551,1.08,3,25,Digital Campaign,9.14,Needs Improvement,"Marketing effectiveness is 50.3/100 (Moderate). Campaign ROI averages 1.08, with 9.14% engagement across 40 campaigns.","Review low-ROI campaigns, narrow audience targeting, and move budget to campaign types with stronger conversion results."
OUT0599,40,1098049.65,22539319.4,50027.0,26.21,20.53,4.87,Moderate,Low,Marketing efficiency is within the middle range of outlet performance. Conversion rate is within the middle range of outlet performance. Marketing spend represents a relatively lower proportion of sales revenue.,Continue monitoring marketing performance and optimize campaigns using sales and conversion trends.,62.07,Moderate,40,40616,4937,1.33,5,21,Digital Campaign,12.16,Needs Improvement,"Marketing effectiveness is 62.1/100 (Moderate). Campaign ROI averages 1.33, with 12.16% engagement across 40 campaigns.","Review low-ROI campaigns, narrow audience targeting, and move budget to campaign types with stronger conversion results."
OUT0600,39,1014202.54,19380482.06,17723.0,17.51,19.11,5.23,Needs Improvement,High,Marketing efficiency is below the lower-performing outlet range. Conversion rate is below the lower-performing outlet range. Marketing spend represents a relatively lower proportion of sales revenue.,"Review marketing campaigns and redirect spending toward better-performing activities. Improve campaign targeting, customer engagement, offers, and conversion-focused activities.",48.76,Moderate,40,21643,1858,1.09,4,25,Digital Campaign,8.58,Needs Improvement,"Marketing effectiveness is 48.8/100 (Moderate). Campaign ROI averages 1.09, with 8.58% engagement across 40 campaigns.","Review low-ROI campaigns, narrow audience targeting, and move budget to campaign types with stronger conversion results."
OUT0601,38,1507247.27,31337090.37,21160.0,9.57,20.79,4.81,Needs Improvement,Medium,Marketing efficiency is among the stronger outlet results. Conversion rate is below the lower-performing outlet range. Marketing spend represents a relatively lower proportion of sales revenue.,"Continue monitoring successful campaigns and consider scaling effective activities. Improve campaign targeting, customer engagement, offers, and conversion-focused activities.",45.4,Moderate,40,51885,2381,1.45,7,16,Digital Campaign,4.59,Moderate,"Marketing effectiveness is 45.4/100 (Moderate). Campaign ROI averages 1.45, with 4.59% engagement across 40 campaigns.",Test campaign offers and targeting to improve conversion while protecting revenue per marketing rupee.
OUT0602,39,749444.41,15211808.78,20865.0,18.38,20.3,4.93,Moderate,Low,Marketing efficiency is within the middle range of outlet performance. Conversion rate is within the middle range of outlet performance. Marketing spend represents a relatively lower proportion of sales revenue.,Continue monitoring marketing performance and optimize campaigns using sales and conversion trends.,51.85,Moderate,40,23633,2013,1.09,2,23,Digital Campaign,8.52,Needs Improvement,"Marketing effectiveness is 51.9/100 (Moderate). Campaign ROI averages 1.09, with 8.52% engagement across 40 campaigns.","Review low-ROI campaigns, narrow audience targeting, and move budget to campaign types with stronger conversion results."
OUT0603,39,1730365.96,33078441.51,33233.0,34.07,19.12,5.23,Needs Improvement,Medium,Marketing efficiency is below the lower-performing outlet range. Conversion rate is among the stronger outlet results. Marketing spend represents a relatively lower proportion of sales revenue.,Review marketing campaigns and redirect spending toward better-performing activities.,64.3,Moderate,40,22799,3757,1.26,4,19,Digital Campaign,16.48,Needs Improvement,"Marketing effectiveness is 64.3/100 (Moderate). Campaign ROI averages 1.26, with 16.48% engagement across 40 campaigns.","Review low-ROI campaigns, narrow audience targeting, and move budget to campaign types with stronger conversion results."
OUT0604,39,13003239.07,272970584.33,152171.0,32.51,20.99,4.76,High Performing,Low,Marketing efficiency is among the stronger outlet results. Conversion rate is among the stronger outlet results. Marketing spend represents a relatively lower proportion of sales revenue.,Continue monitoring successful campaigns and consider scaling effective activities.,79.77,High Performing,40,153411,24915,2.88,18,0,Digital Campaign,16.24,High Performing,"Marketing effectiveness is 79.8/100 (High Performing). Campaign ROI averages 2.88, with 16.24% engagement across 40 campaigns.",Continue the strongest campaign mix and scale spend only where ROI and engagement remain above the network benchmark.
OUT0605,37,1420921.97,25576748.43,43512.0,23.52,18.0,5.56,Needs Improvement,Medium,Marketing efficiency is below the lower-performing outlet range. Conversion rate is within the middle range of outlet performance. Marketing spend represents a relatively lower proportion of sales revenue.,Review marketing campaigns and redirect spending toward better-performing activities.,54.84,Moderate,40,44244,4996,1.18,6,27,Digital Campaign,11.29,Needs Improvement,"Marketing effectiveness is 54.8/100 (Moderate). Campaign ROI averages 1.18, with 11.29% engagement across 40 campaigns.","Review low-ROI campaigns, narrow audience targeting, and move budget to campaign types with stronger conversion results."
OUT0606,38,9087639.66,183751104.27,129270.0,32.13,20.22,4.95,Moderate,Low,Marketing efficiency is within the middle range of outlet performance. Conversion rate is among the stronger outlet results. Marketing spend represents a relatively lower proportion of sales revenue.,Continue monitoring marketing performance and optimize campaigns using sales and conversion trends.,75.53,High Performing,40,135082,21774,2.7,18,0,Digital Campaign,16.12,High Performing,"Marketing effectiveness is 75.5/100 (High Performing). Campaign ROI averages 2.70, with 16.12% engagement across 40 campaigns.",Continue the strongest campaign mix and scale spend only where ROI and engagement remain above the network benchmark.
OUT0607,40,3053403.08,59367398.94,42325.0,14.15,19.44,5.14,Needs Improvement,Medium,Marketing efficiency is within the middle range of outlet performance. Conversion rate is below the lower-performing outlet range. Marketing spend represents a relatively lower proportion of sales revenue.,"Improve campaign targeting, customer engagement, offers, and conversion-focused activities.",49.35,Moderate,40,78582,5613,1.82,11,2,Digital Campaign,7.14,Moderate,"Marketing effectiveness is 49.4/100 (Moderate). Campaign ROI averages 1.82, with 7.14% engagement across 40 campaigns.",Test campaign offers and targeting to improve conversion while protecting revenue per marketing rupee.
OUT0608,40,9863530.24,194378097.12,148157.0,25.89,19.71,5.07,Moderate,Low,Marketing efficiency is within the middle range of outlet performance. Conversion rate is within the middle range of outlet performance. Marketing spend represents a relatively lower proportion of sales revenue.,Continue monitoring marketing performance and optimize campaigns using sales and conversion trends.,71.64,Moderate,40,178422,23568,2.59,13,0,Digital Campaign,13.21,High Performing,"Marketing effectiveness is 71.6/100 (Moderate). Campaign ROI averages 2.59, with 13.21% engagement across 40 campaigns.",Continue the strongest campaign mix and scale spend only where ROI and engagement remain above the network benchmark.
OUT0609,40,1381848.72,29310113.74,22400.0,24.41,21.21,4.71,Moderate,Low,Marketing efficiency is among the stronger outlet results. Conversion rate is within the middle range of outlet performance. Marketing spend represents a relatively lower proportion of sales revenue.,Continue monitoring successful campaigns and consider scaling effective activities.,58.57,Moderate,40,19936,2318,1.45,4,17,Digital Campaign,11.63,Moderate,"Marketing effectiveness is 58.6/100 (Moderate). Campaign ROI averages 1.45, with 11.63% engagement across 40 campaigns.",Continue the strongest campaign mix and scale spend only where ROI and engagement remain above the network benchmark.
OUT0610,40,1348099.22,27658008.72,28164.0,11.15,20.52,4.87,Needs Improvement,Medium,Marketing efficiency is within the middle range of outlet performance. Conversion rate is below the lower-performing outlet range. Marketing spend represents a relatively lower proportion of sales revenue.,"Improve campaign targeting, customer engagement, offers, and conversion-focused activities.",47.05,Moderate,40,54733,2898,1.39,5,20,Digital Campaign,5.29,Moderate,"Marketing effectiveness is 47.0/100 (Moderate). Campaign ROI averages 1.39, with 5.29% engagement across 40 campaigns.",Test campaign offers and targeting to improve conversion while protecting revenue per marketing rupee.
OUT0611,39,5237012.37,105476268.0,123427.0,27.49,20.14,4.97,Moderate,Low,Marketing efficiency is within the middle range of outlet performance. Conversion rate is among the stronger outlet results. Marketing spend represents a relatively lower proportion of sales revenue.,Continue monitoring marketing performance and optimize campaigns using sales and conversion trends.,70.87,Moderate,40,138204,19050,2.38,15,0,Digital Campaign,13.78,High Performing,"Marketing effectiveness is 70.9/100 (Moderate). Campaign ROI averages 2.38, with 13.78% engagement across 40 campaigns.",Continue the strongest campaign mix and scale spend only where ROI and engagement remain above the network benchmark.
OUT0612,39,4748867.13,92169362.24,53563.0,17.54,19.41,5.15,Needs Improvement,Medium,Marketing efficiency is within the middle range of outlet performance. Conversion rate is below the lower-performing outlet range. Marketing spend represents a relatively lower proportion of sales revenue.,"Improve campaign targeting, customer engagement, offers, and conversion-focused activities.",53.39,Moderate,40,92178,8131,2.22,13,4,Digital Campaign,8.82,Moderate,"Marketing effectiveness is 53.4/100 (Moderate). Campaign ROI averages 2.22, with 8.82% engagement across 40 campaigns.",Test campaign offers and targeting to improve conversion while protecting revenue per marketing rupee.
OUT0613,39,1586176.21,29205789.88,62914.0,24.9,18.41,5.43,Needs Improvement,Medium,Marketing efficiency is below the lower-performing outlet range. Conversion rate is within the middle range of outlet performance. Marketing spend represents a relatively lower proportion of sales revenue.,Review marketing campaigns and redirect spending toward better-performing activities.,58.89,Moderate,40,58033,6978,1.12,0,22,Digital Campaign,12.02,Needs Improvement,"Marketing effectiveness is 58.9/100 (Moderate). Campaign ROI averages 1.12, with 12.02% engagement across 40 campaigns.","Review low-ROI campaigns, narrow audience targeting, and move budget to campaign types with stronger conversion results."
OUT0614,39,951453.85,19034248.5,12772.0,20.29,20.01,5.0,Moderate,Low,Marketing efficiency is within the middle range of outlet performance. Conversion rate is within the middle range of outlet performance. Marketing spend represents a relatively lower proportion of sales revenue.,Continue monitoring marketing performance and optimize campaigns using sales and conversion trends.,52.01,Moderate,40,13371,1271,1.09,3,21,Digital Campaign,9.51,Needs Improvement,"Marketing effectiveness is 52.0/100 (Moderate). Campaign ROI averages 1.09, with 9.51% engagement across 40 campaigns.","Review low-ROI campaigns, narrow audience targeting, and move budget to campaign types with stronger conversion results."
OUT0615,36,19270044.85,346400791.52,205984.0,37.52,17.98,5.56,Needs Improvement,Medium,Marketing efficiency is below the lower-performing outlet range. Conversion rate is among the stronger outlet results. Marketing spend represents a relatively lower proportion of sales revenue.,Review marketing campaigns and redirect spending toward better-performing activities.,85.0,High Performing,40,194687,35661,2.92,17,3,Digital Campaign,18.32,High Performing,"Marketing effectiveness is 85.0/100 (High Performing). Campaign ROI averages 2.92, with 18.32% engagement across 40 campaigns.",Test campaign offers and targeting to improve conversion while protecting revenue per marketing rupee.
OUT0616,39,3686674.39,82547273.71,58031.0,18.59,22.39,4.47,Moderate,Low,Marketing efficiency is among the stronger outlet results. Conversion rate is within the middle range of outlet performance. Marketing spend represents a relatively lower proportion of sales revenue.,Continue monitoring successful campaigns and consider scaling effective activities.,59.8,Moderate,40,89441,8364,2.4,20,0,Digital Campaign,9.35,High Performing,"Marketing effectiveness is 59.8/100 (Moderate). Campaign ROI averages 2.40, with 9.35% engagement across 40 campaigns.",Continue the strongest campaign mix and scale spend only where ROI and engagement remain above the network benchmark.
OUT0617,39,3741208.41,86307363.62,86322.0,29.75,23.07,4.33,High Performing,Low,Marketing efficiency is among the stronger outlet results. Conversion rate is among the stronger outlet results. Marketing spend represents a relatively lower proportion of sales revenue.,Continue monitoring successful campaigns and consider scaling effective activities.,73.44,Moderate,40,83014,12419,2.55,19,0,Digital Campaign,14.96,High Performing,"Marketing effectiveness is 73.4/100 (Moderate). Campaign ROI averages 2.55, with 14.96% engagement across 40 campaigns.",Continue the strongest campaign mix and scale spend only where ROI and engagement remain above the network benchmark.
OUT0618,40,2456496.77,50059615.2,60455.0,20.73,20.38,4.91,Moderate,Low,Marketing efficiency is within the middle range of outlet performance. Conversion rate is within the middle range of outlet performance. Marketing spend represents a relatively lower proportion of sales revenue.,Continue monitoring marketing performance and optimize campaigns using sales and conversion trends.,58.46,Moderate,40,71501,7349,1.83,12,15,Digital Campaign,10.28,Moderate,"Marketing effectiveness is 58.5/100 (Moderate). Campaign ROI averages 1.83, with 10.28% engagement across 40 campaigns.",Continue the strongest campaign mix and scale spend only where ROI and engagement remain above the network benchmark.
OUT0619,39,1361110.33,26278605.89,16135.0,18.35,19.31,5.18,Moderate,Low,Marketing efficiency is within the middle range of outlet performance. Conversion rate is within the middle range of outlet performance. Marketing spend represents a relatively lower proportion of sales revenue.,Continue monitoring marketing performance and optimize campaigns using sales and conversion trends.,49.61,Moderate,40,19660,1808,1.19,2,23,Digital Campaign,9.2,Needs Improvement,"Marketing effectiveness is 49.6/100 (Moderate). Campaign ROI averages 1.19, with 9.20% engagement across 40 campaigns.","Review low-ROI campaigns, narrow audience targeting, and move budget to campaign types with stronger conversion results."
OUT0620,38,4522028.61,92788835.08,100552.0,22.43,20.52,4.87,Moderate,Low,Marketing efficiency is within the middle range of outlet performance. Conversion rate is within the middle range of outlet performance. Marketing spend represents a relatively lower proportion of sales revenue.,Continue monitoring marketing performance and optimize campaigns using sales and conversion trends.,64.69,Moderate,40,137690,15381,2.42,18,3,Digital Campaign,11.17,High Performing,"Marketing effectiveness is 64.7/100 (Moderate). Campaign ROI averages 2.42, with 11.17% engagement across 40 campaigns.",Continue the strongest campaign mix and scale spend only where ROI and engagement remain above the network benchmark.
OUT0621,38,998193.21,20422722.86,35037.0,24.42,20.46,4.89,Moderate,Low,Marketing efficiency is within the middle range of outlet performance. Conversion rate is within the middle range of outlet performance. Marketing spend represents a relatively lower proportion of sales revenue.,Continue monitoring marketing performance and optimize campaigns using sales and conversion trends.,58.76,Moderate,40,31777,3672,1.31,5,19,Digital Campaign,11.56,Needs Improvement,"Marketing effectiveness is 58.8/100 (Moderate). Campaign ROI averages 1.31, with 11.56% engagement across 40 campaigns.","Review low-ROI campaigns, narrow audience targeting, and move budget to campaign types with stronger conversion results."
OUT0622,39,1692126.29,30155761.66,21712.0,17.02,17.82,5.61,Needs Improvement,High,Marketing efficiency is below the lower-performing outlet range. Conversion rate is below the lower-performing outlet range. Marketing spend represents a relatively lower proportion of sales revenue.,"Review marketing campaigns and redirect spending toward better-performing activities. Improve campaign targeting, customer engagement, offers, and conversion-focused activities.",46.65,Moderate,40,29649,2433,1.15,4,23,Digital Campaign,8.21,Needs Improvement,"Marketing effectiveness is 46.6/100 (Moderate). Campaign ROI averages 1.15, with 8.21% engagement across 40 campaigns.","Review low-ROI campaigns, narrow audience targeting, and move budget to campaign types with stronger conversion results."
OUT0623,40,4340808.6,89180000.86,83639.0,21.23,20.54,4.87,Moderate,Low,Marketing efficiency is within the middle range of outlet performance. Conversion rate is within the middle range of outlet performance. Marketing spend represents a relatively lower proportion of sales revenue.,Continue monitoring marketing performance and optimize campaigns using sales and conversion trends.,61.81,Moderate,40,112666,12008,2.29,17,2,Digital Campaign,10.66,High Performing,"Marketing effectiveness is 61.8/100 (Moderate). Campaign ROI averages 2.29, with 10.66% engagement across 40 campaigns.",Continue the strongest campaign mix and scale spend only where ROI and engagement remain above the network benchmark.
OUT0624,40,5289228.08,109419106.67,108120.0,28.49,20.69,4.83,Moderate,Low,Marketing efficiency is within the middle range of outlet performance. Conversion rate is among the stronger outlet results. Marketing spend represents a relatively lower proportion of sales revenue.,Continue monitoring marketing performance and optimize campaigns using sales and conversion trends.,70.88,Moderate,40,112784,16182,2.47,19,1,Digital Campaign,14.35,High Performing,"Marketing effectiveness is 70.9/100 (Moderate). Campaign ROI averages 2.47, with 14.35% engagement across 40 campaigns.",Continue the strongest campaign mix and scale spend only where ROI and engagement remain above the network benchmark.
OUT0625,39,1113191.01,21225772.59,35633.0,12.74,19.07,5.24,Needs Improvement,High,Marketing efficiency is below the lower-performing outlet range. Conversion rate is below the lower-performing outlet range. Marketing spend represents a relatively lower proportion of sales revenue.,"Review marketing campaigns and redirect spending toward better-performing activities. Improve campaign targeting, customer engagement, offers, and conversion-focused activities.",46.78,Moderate,40,60971,3671,1.17,5,25,Digital Campaign,6.02,Needs Improvement,"Marketing effectiveness is 46.8/100 (Moderate). Campaign ROI averages 1.17, with 6.02% engagement across 40 campaigns.","Review low-ROI campaigns, narrow audience targeting, and move budget to campaign types with stronger conversion results."
OUT0626,39,3355816.37,66335209.35,81742.0,19.68,19.77,5.06,Moderate,Low,Marketing efficiency is within the middle range of outlet performance. Conversion rate is within the middle range of outlet performance. Marketing spend represents a relatively lower proportion of sales revenue.,Continue monitoring marketing performance and optimize campaigns using sales and conversion trends.,59.0,Moderate,40,113339,11424,1.91,11,4,Digital Campaign,10.08,Moderate,"Marketing effectiveness is 59.0/100 (Moderate). Campaign ROI averages 1.91, with 10.08% engagement across 40 campaigns.",Continue the strongest campaign mix and scale spend only where ROI and engagement remain above the network benchmark.
OUT0627,40,8541732.19,182813350.83,142582.0,30.17,21.4,4.67,High Performing,Low,Marketing efficiency is among the stronger outlet results. Conversion rate is among the stronger outlet results. Marketing spend represents a relatively lower proportion of sales revenue.,Continue monitoring successful campaigns and consider scaling effective activities.,77.42,High Performing,40,146663,22454,2.9,21,0,Digital Campaign,15.31,High Performing,"Marketing effectiveness is 77.4/100 (High Performing). Campaign ROI averages 2.90, with 15.31% engagement across 40 campaigns.",Continue the strongest campaign mix and scale spend only where ROI and engagement remain above the network benchmark.
OUT0628,39,1033914.58,18933810.86,14119.0,19.06,18.31,5.46,Needs Improvement,Medium,Marketing efficiency is below the lower-performing outlet range. Conversion rate is within the middle range of outlet performance. Marketing spend represents a relatively lower proportion of sales revenue.,Review marketing campaigns and redirect spending toward better-performing activities.,48.3,Moderate,40,15972,1428,1.01,3,24,Digital Campaign,8.94,Needs Improvement,"Marketing effectiveness is 48.3/100 (Moderate). Campaign ROI averages 1.01, with 8.94% engagement across 40 campaigns.","Review low-ROI campaigns, narrow audience targeting, and move budget to campaign types with stronger conversion results."
OUT0629,39,2077558.3,43285542.05,30899.0,18.62,20.83,4.8,Moderate,Low,Marketing efficiency is among the stronger outlet results. Conversion rate is within the middle range of outlet performance. Marketing spend represents a relatively lower proportion of sales revenue.,Continue monitoring successful campaigns and consider scaling effective activities.,54.1,Moderate,40,40935,3692,1.67,6,10,Digital Campaign,9.02,Moderate,"Marketing effectiveness is 54.1/100 (Moderate). Campaign ROI averages 1.67, with 9.02% engagement across 40 campaigns.",Continue the strongest campaign mix and scale spend only where ROI and engagement remain above the network benchmark.
OUT0630,39,1575749.47,29194799.29,40397.0,17.45,18.53,5.4,Needs Improvement,High,Marketing efficiency is below the lower-performing outlet range. Conversion rate is below the lower-performing outlet range. Marketing spend represents a relatively lower proportion of sales revenue.,"Review marketing campaigns and redirect spending toward better-performing activities. Improve campaign targeting, customer engagement, offers, and conversion-focused activities.",50.33,Moderate,40,53438,4478,1.22,4,23,Digital Campaign,8.38,Needs Improvement,"Marketing effectiveness is 50.3/100 (Moderate). Campaign ROI averages 1.22, with 8.38% engagement across 40 campaigns.","Review low-ROI campaigns, narrow audience targeting, and move budget to campaign types with stronger conversion results."
OUT0631,38,3496940.73,68321578.11,65320.0,25.59,19.54,5.12,Moderate,Low,Marketing efficiency is within the middle range of outlet performance. Conversion rate is within the middle range of outlet performance. Marketing spend represents a relatively lower proportion of sales revenue.,Continue monitoring marketing performance and optimize campaigns using sales and conversion trends.,61.64,Moderate,40,73477,9504,1.99,13,1,Digital Campaign,12.93,Moderate,"Marketing effectiveness is 61.6/100 (Moderate). Campaign ROI averages 1.99, with 12.93% engagement across 40 campaigns.",Continue the strongest campaign mix and scale spend only where ROI and engagement remain above the network benchmark.
OUT0632,38,4550138.31,87368676.0,84764.0,27.79,19.2,5.21,Needs Improvement,Medium,Marketing efficiency is below the lower-performing outlet range. Conversion rate is among the stronger outlet results. Marketing spend represents a relatively lower proportion of sales revenue.,Review marketing campaigns and redirect spending toward better-performing activities.,65.12,Moderate,40,93219,13023,2.2,14,5,Digital Campaign,13.97,Moderate,"Marketing effectiveness is 65.1/100 (Moderate). Campaign ROI averages 2.20, with 13.97% engagement across 40 campaigns.",Test campaign offers and targeting to improve conversion while protecting revenue per marketing rupee.
OUT0633,39,2256265.16,43285809.34,26997.0,22.32,19.18,5.21,Needs Improvement,Medium,Marketing efficiency is below the lower-performing outlet range. Conversion rate is within the middle range of outlet performance. Marketing spend represents a relatively lower proportion of sales revenue.,Review marketing campaigns and redirect spending toward better-performing activities.,53.94,Moderate,40,30059,3392,1.44,3,14,Digital Campaign,11.28,Moderate,"Marketing effectiveness is 53.9/100 (Moderate). Campaign ROI averages 1.44, with 11.28% engagement across 40 campaigns.",Test campaign offers and targeting to improve conversion while protecting revenue per marketing rupee.
OUT0634,39,3569979.58,69440584.5,40715.0,13.01,19.45,5.14,Needs Improvement,Medium,Marketing efficiency is within the middle range of outlet performance. Conversion rate is below the lower-performing outlet range. Marketing spend represents a relatively lower proportion of sales revenue.,"Improve campaign targeting, customer engagement, offers, and conversion-focused activities.",48.23,Moderate,40,88288,5944,1.93,7,1,Digital Campaign,6.73,Moderate,"Marketing effectiveness is 48.2/100 (Moderate). Campaign ROI averages 1.93, with 6.73% engagement across 40 campaigns.",Test campaign offers and targeting to improve conversion while protecting revenue per marketing rupee.
OUT0635,39,3049641.02,59141143.52,43186.0,21.03,19.39,5.16,Moderate,Low,Marketing efficiency is within the middle range of outlet performance. Conversion rate is within the middle range of outlet performance. Marketing spend represents a relatively lower proportion of sales revenue.,Continue monitoring marketing performance and optimize campaigns using sales and conversion trends.,55.08,Moderate,40,55612,5865,1.83,10,5,Digital Campaign,10.55,Moderate,"Marketing effectiveness is 55.1/100 (Moderate). Campaign ROI averages 1.83, with 10.55% engagement across 40 campaigns.",Continue the strongest campaign mix and scale spend only where ROI and engagement remain above the network benchmark.
OUT0636,38,3337275.76,67707303.39,43734.0,19.97,20.29,4.93,Moderate,Low,Marketing efficiency is within the middle range of outlet performance. Conversion rate is within the middle range of outlet performance. Marketing spend represents a relatively lower proportion of sales revenue.,Continue monitoring marketing performance and optimize campaigns using sales and conversion trends.,55.77,Moderate,40,62321,6226,2.12,14,2,Digital Campaign,9.99,Moderate,"Marketing effectiveness is 55.8/100 (Moderate). Campaign ROI averages 2.12, with 9.99% engagement across 40 campaigns.",Continue the strongest campaign mix and scale spend only where ROI and engagement remain above the network benchmark.
OUT0637,40,4883208.69,95815110.63,117795.0,28.55,19.62,5.1,Moderate,Low,Marketing efficiency is within the middle range of outlet performance. Conversion rate is among the stronger outlet results. Marketing spend represents a relatively lower proportion of sales revenue.,Continue monitoring marketing performance and optimize campaigns using sales and conversion trends.,70.24,Moderate,40,120921,17630,2.19,17,2,Digital Campaign,14.58,Moderate,"Marketing effectiveness is 70.2/100 (Moderate). Campaign ROI averages 2.19, with 14.58% engagement across 40 campaigns.",Continue the strongest campaign mix and scale spend only where ROI and engagement remain above the network benchmark.
OUT0638,40,3552400.11,72354295.81,58801.0,27.29,20.37,4.91,Moderate,Low,Marketing efficiency is within the middle range of outlet performance. Conversion rate is among the stronger outlet results. Marketing spend represents a relatively lower proportion of sales revenue.,Continue monitoring marketing performance and optimize campaigns using sales and conversion trends.,63.7,Moderate,40,59252,8185,1.99,10,0,Digital Campaign,13.81,Moderate,"Marketing effectiveness is 63.7/100 (Moderate). Campaign ROI averages 1.99, with 13.81% engagement across 40 campaigns.",Continue the strongest campaign mix and scale spend only where ROI and engagement remain above the network benchmark.
OUT0639,40,2912936.39,54949866.23,54235.0,27.65,18.86,5.3,Needs Improvement,Medium,Marketing efficiency is below the lower-performing outlet range. Conversion rate is among the stronger outlet results. Marketing spend represents a relatively lower proportion of sales revenue.,Review marketing campaigns and redirect spending toward better-performing activities.,60.95,Moderate,40,50745,7037,1.63,6,8,Digital Campaign,13.87,Moderate,"Marketing effectiveness is 61.0/100 (Moderate). Campaign ROI averages 1.63, with 13.87% engagement across 40 campaigns.",Test campaign offers and targeting to improve conversion while protecting revenue per marketing rupee.
OUT0640,40,10073974.63,204714935.79,138062.0,27.64,20.32,4.92,Moderate,Low,Marketing efficiency is within the middle range of outlet performance. Conversion rate is among the stronger outlet results. Marketing spend represents a relatively lower proportion of sales revenue.,Continue monitoring marketing performance and optimize campaigns using sales and conversion trends.,72.98,Moderate,40,159241,22028,2.65,22,2,Digital Campaign,13.83,High Performing,"Marketing effectiveness is 73.0/100 (Moderate). Campaign ROI averages 2.65, with 13.83% engagement across 40 campaigns.",Continue the strongest campaign mix and scale spend only where ROI and engagement remain above the network benchmark.
OUT0641,38,7139475.59,146028833.29,84005.0,39.17,20.45,4.89,Moderate,Low,Marketing efficiency is within the middle range of outlet performance. Conversion rate is among the stronger outlet results. Marketing spend represents a relatively lower proportion of sales revenue.,Continue monitoring marketing performance and optimize campaigns using sales and conversion trends.,76.6,High Performing,40,70217,13672,2.73,21,2,Digital Campaign,19.47,High Performing,"Marketing effectiveness is 76.6/100 (High Performing). Campaign ROI averages 2.73, with 19.47% engagement across 40 campaigns.",Continue the strongest campaign mix and scale spend only where ROI and engagement remain above the network benchmark.
OUT0642,38,8549051.59,174079206.16,107487.0,21.19,20.36,4.91,Moderate,Low,Marketing efficiency is within the middle range of outlet performance. Conversion rate is within the middle range of outlet performance. Marketing spend represents a relatively lower proportion of sales revenue.,Continue monitoring marketing performance and optimize campaigns using sales and conversion trends.,64.2,Moderate,40,169064,17515,2.65,18,3,Digital Campaign,10.36,High Performing,"Marketing effectiveness is 64.2/100 (Moderate). Campaign ROI averages 2.65, with 10.36% engagement across 40 campaigns.",Continue the strongest campaign mix and scale spend only where ROI and engagement remain above the network benchmark.
OUT0643,39,3334776.97,62091887.81,98292.0,23.64,18.62,5.37,Needs Improvement,Medium,Marketing efficiency is below the lower-performing outlet range. Conversion rate is within the middle range of outlet performance. Marketing spend represents a relatively lower proportion of sales revenue.,Review marketing campaigns and redirect spending toward better-performing activities.,62.24,Moderate,40,114157,13773,1.79,7,6,Digital Campaign,12.06,Moderate,"Marketing effectiveness is 62.2/100 (Moderate). Campaign ROI averages 1.79, with 12.06% engagement across 40 campaigns.",Test campaign offers and targeting to improve conversion while protecting revenue per marketing rupee.
OUT0644,40,3276834.31,64997015.62,117382.0,24.43,19.84,5.04,Moderate,Low,Marketing efficiency is within the middle range of outlet performance. Conversion rate is within the middle range of outlet performance. Marketing spend represents a relatively lower proportion of sales revenue.,Continue monitoring marketing performance and optimize campaigns using sales and conversion trends.,67.13,Moderate,40,125899,15864,1.92,10,4,Digital Campaign,12.6,Moderate,"Marketing effectiveness is 67.1/100 (Moderate). Campaign ROI averages 1.92, with 12.60% engagement across 40 campaigns.",Continue the strongest campaign mix and scale spend only where ROI and engagement remain above the network benchmark.
OUT0645,38,715882.37,15031120.63,20490.0,20.73,21.0,4.76,Moderate,Low,Marketing efficiency is among the stronger outlet results. Conversion rate is within the middle range of outlet performance. Marketing spend represents a relatively lower proportion of sales revenue.,Continue monitoring successful campaigns and consider scaling effective activities.,54.93,Moderate,40,20935,2020,1.12,1,22,Digital Campaign,9.65,Needs Improvement,"Marketing effectiveness is 54.9/100 (Moderate). Campaign ROI averages 1.12, with 9.65% engagement across 40 campaigns.","Review low-ROI campaigns, narrow audience targeting, and move budget to campaign types with stronger conversion results."
OUT0646,39,10374755.1,191311407.23,144919.0,31.96,18.44,5.42,Needs Improvement,Medium,Marketing efficiency is below the lower-performing outlet range. Conversion rate is among the stronger outlet results. Marketing spend represents a relatively lower proportion of sales revenue.,Review marketing campaigns and redirect spending toward better-performing activities.,74.18,Moderate,40,148714,23839,2.29,13,2,Digital Campaign,16.03,High Performing,"Marketing effectiveness is 74.2/100 (Moderate). Campaign ROI averages 2.29, with 16.03% engagement across 40 campaigns.",Test campaign offers and targeting to improve conversion while protecting revenue per marketing rupee.
OUT0647,40,6026695.7,123357733.83,87107.0,21.88,20.47,4.89,Moderate,Low,Marketing efficiency is within the middle range of outlet performance. Conversion rate is within the middle range of outlet performance. Marketing spend represents a relatively lower proportion of sales revenue.,Continue monitoring marketing performance and optimize campaigns using sales and conversion trends.,62.62,Moderate,40,122084,13418,2.51,17,2,Digital Campaign,10.99,High Performing,"Marketing effectiveness is 62.6/100 (Moderate). Campaign ROI averages 2.51, with 10.99% engagement across 40 campaigns.",Continue the strongest campaign mix and scale spend only where ROI and engagement remain above the network benchmark.
OUT0648,38,2667835.72,49721316.95,85353.0,20.5,18.64,5.37,Needs Improvement,Medium,Marketing efficiency is below the lower-performing outlet range. Conversion rate is within the middle range of outlet performance. Marketing spend represents a relatively lower proportion of sales revenue.,Review marketing campaigns and redirect spending toward better-performing activities.,58.19,Moderate,40,111172,11344,1.6,5,11,Digital Campaign,10.2,Moderate,"Marketing effectiveness is 58.2/100 (Moderate). Campaign ROI averages 1.60, with 10.20% engagement across 40 campaigns.",Test campaign offers and targeting to improve conversion while protecting revenue per marketing rupee.
OUT0649,39,2070657.88,38036828.86,59949.0,18.23,18.37,5.44,Needs Improvement,Medium,Marketing efficiency is below the lower-performing outlet range. Conversion rate is within the middle range of outlet performance. Marketing spend represents a relatively lower proportion of sales revenue.,Review marketing campaigns and redirect spending toward better-performing activities.,52.94,Moderate,40,79790,7089,1.33,3,20,Digital Campaign,8.88,Needs Improvement,"Marketing effectiveness is 52.9/100 (Moderate). Campaign ROI averages 1.33, with 8.88% engagement across 40 campaigns.","Review low-ROI campaigns, narrow audience targeting, and move budget to campaign types with stronger conversion results."
OUT0650,39,895905.49,18745796.13,18571.0,10.89,20.92,4.78,Needs Improvement,Medium,Marketing efficiency is among the stronger outlet results. Conversion rate is below the lower-performing outlet range. Marketing spend represents a relatively lower proportion of sales revenue.,"Continue monitoring successful campaigns and consider scaling effective activities. Improve campaign targeting, customer engagement, offers, and conversion-focused activities.",46.42,Moderate,40,35868,1820,1.24,5,22,Digital Campaign,5.07,Needs Improvement,"Marketing effectiveness is 46.4/100 (Moderate). Campaign ROI averages 1.24, with 5.07% engagement across 40 campaigns.","Review low-ROI campaigns, narrow audience targeting, and move budget to campaign types with stronger conversion results."
OUT0651,40,2071908.84,43249388.81,61112.0,25.97,20.87,4.79,Moderate,Low,Marketing efficiency is among the stronger outlet results. Conversion rate is within the middle range of outlet performance. Marketing spend represents a relatively lower proportion of sales revenue.,Continue monitoring successful campaigns and consider scaling effective activities.,63.73,Moderate,40,55487,7051,1.64,6,11,Digital Campaign,12.71,Moderate,"Marketing effectiveness is 63.7/100 (Moderate). Campaign ROI averages 1.64, with 12.71% engagement across 40 campaigns.",Continue the strongest campaign mix and scale spend only where ROI and engagement remain above the network benchmark.
OUT0652,39,2964715.17,65071987.34,68663.0,16.72,21.95,4.56,Needs Improvement,Medium,Marketing efficiency is among the stronger outlet results. Conversion rate is below the lower-performing outlet range. Marketing spend represents a relatively lower proportion of sales revenue.,"Continue monitoring successful campaigns and consider scaling effective activities. Improve campaign targeting, customer engagement, offers, and conversion-focused activities.",58.72,Moderate,40,109599,9210,2.11,12,1,Digital Campaign,8.4,Moderate,"Marketing effectiveness is 58.7/100 (Moderate). Campaign ROI averages 2.11, with 8.40% engagement across 40 campaigns.",Test campaign offers and targeting to improve conversion while protecting revenue per marketing rupee.
OUT0653,40,1812278.41,36217263.35,26991.0,17.03,19.98,5.0,Needs Improvement,Medium,Marketing efficiency is within the middle range of outlet performance. Conversion rate is below the lower-performing outlet range. Marketing spend represents a relatively lower proportion of sales revenue.,"Improve campaign targeting, customer engagement, offers, and conversion-focused activities.",50.9,Moderate,40,36390,2988,1.45,6,15,Digital Campaign,8.21,Moderate,"Marketing effectiveness is 50.9/100 (Moderate). Campaign ROI averages 1.45, with 8.21% engagement across 40 campaigns.",Test campaign offers and targeting to improve conversion while protecting revenue per marketing rupee.
OUT0654,37,3769181.65,71380096.68,58165.0,28.63,18.94,5.28,Needs Improvement,Medium,Marketing efficiency is below the lower-performing outlet range. Conversion rate is among the stronger outlet results. Marketing spend represents a relatively lower proportion of sales revenue.,Review marketing campaigns and redirect spending toward better-performing activities.,62.33,Moderate,40,62510,9021,1.96,11,1,Digital Campaign,14.43,Moderate,"Marketing effectiveness is 62.3/100 (Moderate). Campaign ROI averages 1.96, with 14.43% engagement across 40 campaigns.",Test campaign offers and targeting to improve conversion while protecting revenue per marketing rupee.
OUT0655,40,2842982.13,55315999.49,87461.0,20.88,19.46,5.14,Moderate,Low,Marketing efficiency is within the middle range of outlet performance. Conversion rate is within the middle range of outlet performance. Marketing spend represents a relatively lower proportion of sales revenue.,Continue monitoring marketing performance and optimize campaigns using sales and conversion trends.,60.12,Moderate,40,107937,11258,1.75,7,6,Digital Campaign,10.43,Moderate,"Marketing effectiveness is 60.1/100 (Moderate). Campaign ROI averages 1.75, with 10.43% engagement across 40 campaigns.",Continue the strongest campaign mix and scale spend only where ROI and engagement remain above the network benchmark.
OUT0656,40,4887036.34,91176728.51,133803.0,26.86,18.66,5.36,Needs Improvement,Medium,Marketing efficiency is below the lower-performing outlet range. Conversion rate is among the stronger outlet results. Marketing spend represents a relatively lower proportion of sales revenue.,Review marketing campaigns and redirect spending toward better-performing activities.,69.04,Moderate,40,149483,20228,2.05,9,1,Digital Campaign,13.53,Moderate,"Marketing effectiveness is 69.0/100 (Moderate). Campaign ROI averages 2.05, with 13.53% engagement across 40 campaigns.",Test campaign offers and targeting to improve conversion while protecting revenue per marketing rupee.
OUT0657,39,2267709.77,47375912.46,66871.0,21.99,20.89,4.79,Moderate,Low,Marketing efficiency is among the stronger outlet results. Conversion rate is within the middle range of outlet performance. Marketing spend represents a relatively lower proportion of sales revenue.,Continue monitoring successful campaigns and consider scaling effective activities.,61.1,Moderate,40,75515,8143,1.73,9,10,Digital Campaign,10.78,Moderate,"Marketing effectiveness is 61.1/100 (Moderate). Campaign ROI averages 1.73, with 10.78% engagement across 40 campaigns.",Continue the strongest campaign mix and scale spend only where ROI and engagement remain above the network benchmark.
OUT0658,38,1811109.88,36746614.71,31046.0,14.92,20.29,4.93,Needs Improvement,Medium,Marketing efficiency is within the middle range of outlet performance. Conversion rate is below the lower-performing outlet range. Marketing spend represents a relatively lower proportion of sales revenue.,"Improve campaign targeting, customer engagement, offers, and conversion-focused activities.",50.12,Moderate,40,51135,3695,1.53,6,19,Digital Campaign,7.23,Moderate,"Marketing effectiveness is 50.1/100 (Moderate). Campaign ROI averages 1.53, with 7.23% engagement across 40 campaigns.",Test campaign offers and targeting to improve conversion while protecting revenue per marketing rupee.
OUT0659,37,404295.84,8440125.6,6056.0,12.0,20.88,4.79,Needs Improvement,Medium,Marketing efficiency is among the stronger outlet results. Conversion rate is below the lower-performing outlet range. Marketing spend represents a relatively lower proportion of sales revenue.,"Continue monitoring successful campaigns and consider scaling effective activities. Improve campaign targeting, customer engagement, offers, and conversion-focused activities.",45.83,Moderate,40,10546,674,1.03,3,21,Digital Campaign,6.39,Needs Improvement,"Marketing effectiveness is 45.8/100 (Moderate). Campaign ROI averages 1.03, with 6.39% engagement across 40 campaigns.","Review low-ROI campaigns, narrow audience targeting, and move budget to campaign types with stronger conversion results."
OUT0660,38,6938706.66,148911804.7,118286.0,25.11,21.46,4.66,Moderate,Low,Marketing efficiency is among the stronger outlet results. Conversion rate is within the middle range of outlet performance. Marketing spend represents a relatively lower proportion of sales revenue.,Continue monitoring successful campaigns and consider scaling effective activities.,70.54,Moderate,40,151837,19131,2.83,21,1,Digital Campaign,12.6,High Performing,"Marketing effectiveness is 70.5/100 (Moderate). Campaign ROI averages 2.83, with 12.60% engagement across 40 campaigns.",Continue the strongest campaign mix and scale spend only where ROI and engagement remain above the network benchmark.
OUT0661,38,4742321.57,87890864.97,73020.0,22.07,18.53,5.4,Needs Improvement,Medium,Marketing efficiency is below the lower-performing outlet range. Conversion rate is within the middle range of outlet performance. Marketing spend represents a relatively lower proportion of sales revenue.,Review marketing campaigns and redirect spending toward better-performing activities.,57.91,Moderate,40,103902,11473,2.04,11,3,Digital Campaign,11.04,Moderate,"Marketing effectiveness is 57.9/100 (Moderate). Campaign ROI averages 2.04, with 11.04% engagement across 40 campaigns.",Test campaign offers and targeting to improve conversion while protecting revenue per marketing rupee.
OUT0662,39,1070872.23,19875472.57,12412.0,12.27,18.56,5.39,Needs Improvement,High,Marketing efficiency is below the lower-performing outlet range. Conversion rate is below the lower-performing outlet range. Marketing spend represents a relatively lower proportion of sales revenue.,"Review marketing campaigns and redirect spending toward better-performing activities. Improve campaign targeting, customer engagement, offers, and conversion-focused activities.",42.88,Moderate,40,22552,1250,1.09,4,25,Digital Campaign,5.54,Needs Improvement,"Marketing effectiveness is 42.9/100 (Moderate). Campaign ROI averages 1.09, with 5.54% engagement across 40 campaigns.","Review low-ROI campaigns, narrow audience targeting, and move budget to campaign types with stronger conversion results."
OUT0663,40,1043010.58,22405927.59,46803.0,17.14,21.48,4.66,Needs Improvement,Medium,Marketing efficiency is among the stronger outlet results. Conversion rate is below the lower-performing outlet range. Marketing spend represents a relatively lower proportion of sales revenue.,"Continue monitoring successful campaigns and consider scaling effective activities. Improve campaign targeting, customer engagement, offers, and conversion-focused activities.",55.78,Moderate,40,56851,4571,1.32,3,18,Digital Campaign,8.04,Needs Improvement,"Marketing effectiveness is 55.8/100 (Moderate). Campaign ROI averages 1.32, with 8.04% engagement across 40 campaigns.","Review low-ROI campaigns, narrow audience targeting, and move budget to campaign types with stronger conversion results."
OUT0664,39,1589842.5,34726084.85,44604.0,23.36,21.84,4.58,Moderate,Low,Marketing efficiency is among the stronger outlet results. Conversion rate is within the middle range of outlet performance. Marketing spend represents a relatively lower proportion of sales revenue.,Continue monitoring successful campaigns and consider scaling effective activities.,61.3,Moderate,40,43777,4959,1.61,6,13,Digital Campaign,11.33,Moderate,"Marketing effectiveness is 61.3/100 (Moderate). Campaign ROI averages 1.61, with 11.33% engagement across 40 campaigns.",Continue the strongest campaign mix and scale spend only where ROI and engagement remain above the network benchmark.
OUT0665,39,1915420.31,37985134.12,33349.0,13.73,19.83,5.04,Needs Improvement,Medium,Marketing efficiency is within the middle range of outlet performance. Conversion rate is below the lower-performing outlet range. Marketing spend represents a relatively lower proportion of sales revenue.,"Improve campaign targeting, customer engagement, offers, and conversion-focused activities.",48.63,Moderate,40,58130,3894,1.45,3,14,Digital Campaign,6.7,Moderate,"Marketing effectiveness is 48.6/100 (Moderate). Campaign ROI averages 1.45, with 6.70% engagement across 40 campaigns.",Test campaign offers and targeting to improve conversion while protecting revenue per marketing rupee.
OUT0666,39,7692041.18,136726450.48,76991.0,22.11,17.78,5.63,Needs Improvement,Medium,Marketing efficiency is below the lower-performing outlet range. Conversion rate is within the middle range of outlet performance. Marketing spend represents a relatively lower proportion of sales revenue.,Review marketing campaigns and redirect spending toward better-performing activities.,57.12,Moderate,40,110705,12273,2.19,13,3,Digital Campaign,11.09,Moderate,"Marketing effectiveness is 57.1/100 (Moderate). Campaign ROI averages 2.19, with 11.09% engagement across 40 campaigns.",Test campaign offers and targeting to improve conversion while protecting revenue per marketing rupee.
OUT0667,38,10744016.8,214560768.93,171162.0,32.26,19.97,5.01,Moderate,Low,Marketing efficiency is within the middle range of outlet performance. Conversion rate is among the stronger outlet results. Marketing spend represents a relatively lower proportion of sales revenue.,Continue monitoring marketing performance and optimize campaigns using sales and conversion trends.,80.01,High Performing,40,176258,28417,2.92,20,1,Digital Campaign,16.12,High Performing,"Marketing effectiveness is 80.0/100 (High Performing). Campaign ROI averages 2.92, with 16.12% engagement across 40 campaigns.",Continue the strongest campaign mix and scale spend only where ROI and engagement remain above the network benchmark.
OUT0668,40,4410024.75,83126780.29,46662.0,21.12,18.85,5.31,Needs Improvement,Medium,Marketing efficiency is below the lower-performing outlet range. Conversion rate is within the middle range of outlet performance. Marketing spend represents a relatively lower proportion of sales revenue.,Review marketing campaigns and redirect spending toward better-performing activities.,54.63,Moderate,40,64226,6804,2.05,12,0,Digital Campaign,10.59,Moderate,"Marketing effectiveness is 54.6/100 (Moderate). Campaign ROI averages 2.05, with 10.59% engagement across 40 campaigns.",Test campaign offers and targeting to improve conversion while protecting revenue per marketing rupee.
OUT0669,39,5490675.53,108637423.81,84429.0,37.09,19.79,5.05,Moderate,Low,Marketing efficiency is within the middle range of outlet performance. Conversion rate is among the stronger outlet results. Marketing spend represents a relatively lower proportion of sales revenue.,Continue monitoring marketing performance and optimize campaigns using sales and conversion trends.,73.79,Moderate,40,70413,13046,2.37,19,2,Digital Campaign,18.53,High Performing,"Marketing effectiveness is 73.8/100 (Moderate). Campaign ROI averages 2.37, with 18.53% engagement across 40 campaigns.",Continue the strongest campaign mix and scale spend only where ROI and engagement remain above the network benchmark.
OUT0670,40,921644.22,18362834.23,24065.0,14.18,19.92,5.02,Needs Improvement,Medium,Marketing efficiency is within the middle range of outlet performance. Conversion rate is below the lower-performing outlet range. Marketing spend represents a relatively lower proportion of sales revenue.,"Improve campaign targeting, customer engagement, offers, and conversion-focused activities.",48.09,Moderate,40,34837,2301,1.17,4,22,Digital Campaign,6.61,Needs Improvement,"Marketing effectiveness is 48.1/100 (Moderate). Campaign ROI averages 1.17, with 6.61% engagement across 40 campaigns.","Review low-ROI campaigns, narrow audience targeting, and move budget to campaign types with stronger conversion results."
OUT0671,39,5586354.67,122268241.46,95752.0,24.63,21.89,4.57,Moderate,Low,Marketing efficiency is among the stronger outlet results. Conversion rate is within the middle range of outlet performance. Marketing spend represents a relatively lower proportion of sales revenue.,Continue monitoring successful campaigns and consider scaling effective activities.,68.28,Moderate,40,120048,14903,2.79,23,1,Digital Campaign,12.41,High Performing,"Marketing effectiveness is 68.3/100 (Moderate). Campaign ROI averages 2.79, with 12.41% engagement across 40 campaigns.",Continue the strongest campaign mix and scale spend only where ROI and engagement remain above the network benchmark.
OUT0672,40,5600939.76,115395025.67,66845.0,22.97,20.6,4.85,Moderate,Low,Marketing efficiency is within the middle range of outlet performance. Conversion rate is within the middle range of outlet performance. Marketing spend represents a relatively lower proportion of sales revenue.,Continue monitoring marketing performance and optimize campaigns using sales and conversion trends.,61.43,Moderate,40,88015,10204,2.46,17,2,Digital Campaign,11.59,High Performing,"Marketing effectiveness is 61.4/100 (Moderate). Campaign ROI averages 2.46, with 11.59% engagement across 40 campaigns.",Continue the strongest campaign mix and scale spend only where ROI and engagement remain above the network benchmark.
OUT0673,40,3163568.17,66205074.8,50429.0,21.78,20.93,4.78,Moderate,Low,Marketing efficiency is among the stronger outlet results. Conversion rate is within the middle range of outlet performance. Marketing spend represents a relatively lower proportion of sales revenue.,Continue monitoring successful campaigns and consider scaling effective activities.,59.12,Moderate,40,61839,6678,2.07,13,2,Digital Campaign,10.8,Moderate,"Marketing effectiveness is 59.1/100 (Moderate). Campaign ROI averages 2.07, with 10.80% engagement across 40 campaigns.",Continue the strongest campaign mix and scale spend only where ROI and engagement remain above the network benchmark.
OUT0674,38,499976.77,9605204.58,11223.0,14.64,19.21,5.21,Needs Improvement,High,Marketing efficiency is below the lower-performing outlet range. Conversion rate is below the lower-performing outlet range. Marketing spend represents a relatively lower proportion of sales revenue.,"Review marketing campaigns and redirect spending toward better-performing activities. Improve campaign targeting, customer engagement, offers, and conversion-focused activities.",45.81,Moderate,40,15865,1059,0.88,2,29,Digital Campaign,6.68,Needs Improvement,"Marketing effectiveness is 45.8/100 (Moderate). Campaign ROI averages 0.88, with 6.68% engagement across 40 campaigns.","Review low-ROI campaigns, narrow audience targeting, and move budget to campaign types with stronger conversion results."
OUT0675,40,3952515.88,74646638.18,64637.0,27.19,18.89,5.29,Needs Improvement,Medium,Marketing efficiency is below the lower-performing outlet range. Conversion rate is among the stronger outlet results. Marketing spend represents a relatively lower proportion of sales revenue.,Review marketing campaigns and redirect spending toward better-performing activities.,61.79,Moderate,40,67519,9321,1.88,6,1,Digital Campaign,13.81,Moderate,"Marketing effectiveness is 61.8/100 (Moderate). Campaign ROI averages 1.88, with 13.81% engagement across 40 campaigns.",Test campaign offers and targeting to improve conversion while protecting revenue per marketing rupee.
OUT0676,39,1679341.83,34740787.22,37902.0,27.71,20.69,4.83,Moderate,Low,Marketing efficiency is within the middle range of outlet performance. Conversion rate is among the stronger outlet results. Marketing spend represents a relatively lower proportion of sales revenue.,Continue monitoring marketing performance and optimize campaigns using sales and conversion trends.,62.2,Moderate,40,31887,4271,1.51,9,14,Digital Campaign,13.39,Moderate,"Marketing effectiveness is 62.2/100 (Moderate). Campaign ROI averages 1.51, with 13.39% engagement across 40 campaigns.",Continue the strongest campaign mix and scale spend only where ROI and engagement remain above the network benchmark.
OUT0677,39,5349359.22,102572827.36,88684.0,18.79,19.17,5.22,Needs Improvement,Medium,Marketing efficiency is below the lower-performing outlet range. Conversion rate is within the middle range of outlet performance. Marketing spend represents a relatively lower proportion of sales revenue.,Review marketing campaigns and redirect spending toward better-performing activities.,58.05,Moderate,40,145063,13693,2.23,14,2,Digital Campaign,9.44,Moderate,"Marketing effectiveness is 58.0/100 (Moderate). Campaign ROI averages 2.23, with 9.44% engagement across 40 campaigns.",Test campaign offers and targeting to improve conversion while protecting revenue per marketing rupee.
OUT0678,40,1147995.79,24288230.74,20424.0,18.93,21.16,4.73,Moderate,Low,Marketing efficiency is among the stronger outlet results. Conversion rate is within the middle range of outlet performance. Marketing spend represents a relatively lower proportion of sales revenue.,Continue monitoring successful campaigns and consider scaling effective activities.,53.7,Moderate,40,22745,2029,1.34,6,23,Digital Campaign,8.92,Needs Improvement,"Marketing effectiveness is 53.7/100 (Moderate). Campaign ROI averages 1.34, with 8.92% engagement across 40 campaigns.","Review low-ROI campaigns, narrow audience targeting, and move budget to campaign types with stronger conversion results."
OUT0679,39,3043825.89,61436171.08,104054.0,22.8,20.18,4.95,Moderate,Low,Marketing efficiency is within the middle range of outlet performance. Conversion rate is within the middle range of outlet performance. Marketing spend represents a relatively lower proportion of sales revenue.,Continue monitoring marketing performance and optimize campaigns using sales and conversion trends.,64.84,Moderate,40,123639,14083,1.91,8,1,Digital Campaign,11.39,Moderate,"Marketing effectiveness is 64.8/100 (Moderate). Campaign ROI averages 1.91, with 11.39% engagement across 40 campaigns.",Continue the strongest campaign mix and scale spend only where ROI and engagement remain above the network benchmark.
OUT0680,38,3372980.69,66426424.67,140716.0,33.4,19.69,5.08,Moderate,Low,Marketing efficiency is within the middle range of outlet performance. Conversion rate is among the stronger outlet results. Marketing spend represents a relatively lower proportion of sales revenue.,Continue monitoring marketing performance and optimize campaigns using sales and conversion trends.,77.01,High Performing,40,120476,19625,2.04,13,3,Digital Campaign,16.29,Moderate,"Marketing effectiveness is 77.0/100 (High Performing). Campaign ROI averages 2.04, with 16.29% engagement across 40 campaigns.",Continue the strongest campaign mix and scale spend only where ROI and engagement remain above the network benchmark.
OUT0681,39,1088102.45,21076349.07,22824.0,12.6,19.37,5.16,Needs Improvement,Medium,Marketing efficiency is within the middle range of outlet performance. Conversion rate is below the lower-performing outlet range. Marketing spend represents a relatively lower proportion of sales revenue.,"Improve campaign targeting, customer engagement, offers, and conversion-focused activities.",45.71,Moderate,40,39030,2303,1.09,3,25,Digital Campaign,5.9,Needs Improvement,"Marketing effectiveness is 45.7/100 (Moderate). Campaign ROI averages 1.09, with 5.90% engagement across 40 campaigns.","Review low-ROI campaigns, narrow audience targeting, and move budget to campaign types with stronger conversion results."
OUT0682,39,1490160.69,33573607.68,38175.0,20.01,22.53,4.44,Moderate,Low,Marketing efficiency is among the stronger outlet results. Conversion rate is within the middle range of outlet performance. Marketing spend represents a relatively lower proportion of sales revenue.,Continue monitoring successful campaigns and consider scaling effective activities.,58.95,Moderate,40,43300,4158,1.65,8,15,Digital Campaign,9.6,Moderate,"Marketing effectiveness is 59.0/100 (Moderate). Campaign ROI averages 1.65, with 9.60% engagement across 40 campaigns.",Continue the strongest campaign mix and scale spend only where ROI and engagement remain above the network benchmark.
OUT0683,40,1561919.61,32646999.1,46949.0,28.01,20.9,4.78,High Performing,Low,Marketing efficiency is among the stronger outlet results. Conversion rate is among the stronger outlet results. Marketing spend represents a relatively lower proportion of sales revenue.,Continue monitoring successful campaigns and consider scaling effective activities.,63.85,Moderate,40,37234,4996,1.44,5,16,Digital Campaign,13.42,Moderate,"Marketing effectiveness is 63.9/100 (Moderate). Campaign ROI averages 1.44, with 13.42% engagement across 40 campaigns.",Continue the strongest campaign mix and scale spend only where ROI and engagement remain above the network benchmark.
OUT0684,38,1462963.14,27959807.83,16573.0,17.22,19.11,5.23,Needs Improvement,High,Marketing efficiency is below the lower-performing outlet range. Conversion rate is below the lower-performing outlet range. Marketing spend represents a relatively lower proportion of sales revenue.,"Review marketing campaigns and redirect spending toward better-performing activities. Improve campaign targeting, customer engagement, offers, and conversion-focused activities.",48.4,Moderate,40,22544,1950,1.19,2,23,Digital Campaign,8.65,Needs Improvement,"Marketing effectiveness is 48.4/100 (Moderate). Campaign ROI averages 1.19, with 8.65% engagement across 40 campaigns.","Review low-ROI campaigns, narrow audience targeting, and move budget to campaign types with stronger conversion results."
OUT0685,40,6294576.76,143584811.46,136658.0,26.69,22.81,4.38,High Performing,Low,Marketing efficiency is among the stronger outlet results. Conversion rate is among the stronger outlet results. Marketing spend represents a relatively lower proportion of sales revenue.,Continue monitoring successful campaigns and consider scaling effective activities.,76.23,High Performing,40,158063,21322,2.96,24,1,Digital Campaign,13.49,High Performing,"Marketing effectiveness is 76.2/100 (High Performing). Campaign ROI averages 2.96, with 13.49% engagement across 40 campaigns.",Continue the strongest campaign mix and scale spend only where ROI and engagement remain above the network benchmark.
OUT0686,39,358844.12,7136990.62,14885.0,22.79,19.89,5.03,Moderate,Low,Marketing efficiency is within the middle range of outlet performance. Conversion rate is within the middle range of outlet performance. Marketing spend represents a relatively lower proportion of sales revenue.,Continue monitoring marketing performance and optimize campaigns using sales and conversion trends.,54.14,Moderate,40,12881,1333,0.89,2,27,Digital Campaign,10.35,Needs Improvement,"Marketing effectiveness is 54.1/100 (Moderate). Campaign ROI averages 0.89, with 10.35% engagement across 40 campaigns.","Review low-ROI campaigns, narrow audience targeting, and move budget to campaign types with stronger conversion results."
OUT0687,40,2268969.05,46349897.92,52765.0,24.29,20.43,4.9,Moderate,Low,Marketing efficiency is within the middle range of outlet performance. Conversion rate is within the middle range of outlet performance. Marketing spend represents a relatively lower proportion of sales revenue.,Continue monitoring marketing performance and optimize campaigns using sales and conversion trends.,60.62,Moderate,40,52541,6263,1.65,5,10,Digital Campaign,11.92,Moderate,"Marketing effectiveness is 60.6/100 (Moderate). Campaign ROI averages 1.65, with 11.92% engagement across 40 campaigns.",Continue the strongest campaign mix and scale spend only where ROI and engagement remain above the network benchmark.
OUT0688,40,1570060.09,31257319.48,20217.0,10.79,19.91,5.02,Needs Improvement,Medium,Marketing efficiency is within the middle range of outlet performance. Conversion rate is below the lower-performing outlet range. Marketing spend represents a relatively lower proportion of sales revenue.,"Improve campaign targeting, customer engagement, offers, and conversion-focused activities.",44.81,Moderate,40,41703,2156,1.34,3,18,Digital Campaign,5.17,Needs Improvement,"Marketing effectiveness is 44.8/100 (Moderate). Campaign ROI averages 1.34, with 5.17% engagement across 40 campaigns.","Review low-ROI campaigns, narrow audience targeting, and move budget to campaign types with stronger conversion results."
OUT0689,39,1200282.54,22500579.9,14862.0,18.82,18.75,5.33,Needs Improvement,Medium,Marketing efficiency is below the lower-performing outlet range. Conversion rate is within the middle range of outlet performance. Marketing spend represents a relatively lower proportion of sales revenue.,Review marketing campaigns and redirect spending toward better-performing activities.,48.91,Moderate,40,17233,1537,1.06,3,27,Digital Campaign,8.92,Needs Improvement,"Marketing effectiveness is 48.9/100 (Moderate). Campaign ROI averages 1.06, with 8.92% engagement across 40 campaigns.","Review low-ROI campaigns, narrow audience targeting, and move budget to campaign types with stronger conversion results."
OUT0690,40,8860853.97,182332188.82,135661.0,29.74,20.58,4.86,Moderate,Low,Marketing efficiency is within the middle range of outlet performance. Conversion rate is among the stronger outlet results. Marketing spend represents a relatively lower proportion of sales revenue.,Continue monitoring marketing performance and optimize campaigns using sales and conversion trends.,74.88,Moderate,40,143965,21489,2.75,20,0,Digital Campaign,14.93,High Performing,"Marketing effectiveness is 74.9/100 (Moderate). Campaign ROI averages 2.75, with 14.93% engagement across 40 campaigns.",Continue the strongest campaign mix and scale spend only where ROI and engagement remain above the network benchmark.
OUT0691,37,3701541.99,75695218.02,55270.0,19.38,20.45,4.89,Moderate,Low,Marketing efficiency is within the middle range of outlet performance. Conversion rate is within the middle range of outlet performance. Marketing spend represents a relatively lower proportion of sales revenue.,Continue monitoring marketing performance and optimize campaigns using sales and conversion trends.,56.87,Moderate,40,86807,8426,2.23,14,0,Digital Campaign,9.71,Moderate,"Marketing effectiveness is 56.9/100 (Moderate). Campaign ROI averages 2.23, with 9.71% engagement across 40 campaigns.",Continue the strongest campaign mix and scale spend only where ROI and engagement remain above the network benchmark.
OUT0692,39,1838797.02,36242088.36,31472.0,22.25,19.71,5.07,Moderate,Low,Marketing efficiency is within the middle range of outlet performance. Conversion rate is within the middle range of outlet performance. Marketing spend represents a relatively lower proportion of sales revenue.,Continue monitoring marketing performance and optimize campaigns using sales and conversion trends.,55.28,Moderate,40,34251,3615,1.45,6,19,Digital Campaign,10.55,Moderate,"Marketing effectiveness is 55.3/100 (Moderate). Campaign ROI averages 1.45, with 10.55% engagement across 40 campaigns.",Continue the strongest campaign mix and scale spend only where ROI and engagement remain above the network benchmark.
OUT0693,40,8970993.44,172687351.61,122453.0,32.23,19.25,5.19,Needs Improvement,Medium,Marketing efficiency is below the lower-performing outlet range. Conversion rate is among the stronger outlet results. Marketing spend represents a relatively lower proportion of sales revenue.,Review marketing campaigns and redirect spending toward better-performing activities.,73.2,Moderate,40,119121,19447,2.44,14,2,Digital Campaign,16.33,High Performing,"Marketing effectiveness is 73.2/100 (Moderate). Campaign ROI averages 2.44, with 16.33% engagement across 40 campaigns.",Test campaign offers and targeting to improve conversion while protecting revenue per marketing rupee.
OUT0694,40,2660235.45,53935549.53,61933.0,18.85,20.27,4.93,Moderate,Low,Marketing efficiency is within the middle range of outlet performance. Conversion rate is within the middle range of outlet performance. Marketing spend represents a relatively lower proportion of sales revenue.,Continue monitoring marketing performance and optimize campaigns using sales and conversion trends.,56.9,Moderate,40,82564,7748,1.83,8,8,Digital Campaign,9.38,Moderate,"Marketing effectiveness is 56.9/100 (Moderate). Campaign ROI averages 1.83, with 9.38% engagement across 40 campaigns.",Continue the strongest campaign mix and scale spend only where ROI and engagement remain above the network benchmark.
OUT0695,39,5926752.26,103147892.05,83250.0,19.65,17.4,5.75,Needs Improvement,Medium,Marketing efficiency is below the lower-performing outlet range. Conversion rate is within the middle range of outlet performance. Marketing spend represents a relatively lower proportion of sales revenue.,Review marketing campaigns and redirect spending toward better-performing activities.,55.16,Moderate,40,132840,13112,2.04,13,3,Digital Campaign,9.87,Moderate,"Marketing effectiveness is 55.2/100 (Moderate). Campaign ROI averages 2.04, with 9.87% engagement across 40 campaigns.",Test campaign offers and targeting to improve conversion while protecting revenue per marketing rupee.
OUT0696,39,2676236.03,51912862.85,33513.0,17.53,19.4,5.16,Needs Improvement,Medium,Marketing efficiency is within the middle range of outlet performance. Conversion rate is below the lower-performing outlet range. Marketing spend represents a relatively lower proportion of sales revenue.,"Improve campaign targeting, customer engagement, offers, and conversion-focused activities.",51.07,Moderate,40,49927,4348,1.7,9,10,Digital Campaign,8.71,Moderate,"Marketing effectiveness is 51.1/100 (Moderate). Campaign ROI averages 1.70, with 8.71% engagement across 40 campaigns.",Test campaign offers and targeting to improve conversion while protecting revenue per marketing rupee.
OUT0697,39,4429674.74,83749558.67,75591.0,21.26,18.91,5.29,Needs Improvement,Medium,Marketing efficiency is below the lower-performing outlet range. Conversion rate is within the middle range of outlet performance. Marketing spend represents a relatively lower proportion of sales revenue.,Review marketing campaigns and redirect spending toward better-performing activities.,58.15,Moderate,40,105574,11183,2.05,14,0,Digital Campaign,10.59,Moderate,"Marketing effectiveness is 58.1/100 (Moderate). Campaign ROI averages 2.05, with 10.59% engagement across 40 campaigns.",Test campaign offers and targeting to improve conversion while protecting revenue per marketing rupee.
OUT0698,40,3267251.97,73485524.22,87505.0,21.44,22.49,4.45,Moderate,Low,Marketing efficiency is among the stronger outlet results. Conversion rate is within the middle range of outlet performance. Marketing spend represents a relatively lower proportion of sales revenue.,Continue monitoring successful campaigns and consider scaling effective activities.,65.7,Moderate,40,109322,11746,2.23,14,1,Digital Campaign,10.74,Moderate,"Marketing effectiveness is 65.7/100 (Moderate). Campaign ROI averages 2.23, with 10.74% engagement across 40 campaigns.",Continue the strongest campaign mix and scale spend only where ROI and engagement remain above the network benchmark.
OUT0699,39,3094054.58,72280675.73,130431.0,31.05,23.36,4.28,High Performing,Low,Marketing efficiency is among the stronger outlet results. Conversion rate is among the stronger outlet results. Marketing spend represents a relatively lower proportion of sales revenue.,Continue monitoring successful campaigns and consider scaling effective activities.,80.06,High Performing,40,113589,17689,2.43,21,0,Digital Campaign,15.57,High Performing,"Marketing effectiveness is 80.1/100 (High Performing). Campaign ROI averages 2.43, with 15.57% engagement across 40 campaigns.",Continue the strongest campaign mix and scale spend only where ROI and engagement remain above the network benchmark.
OUT0700,39,695157.82,13628493.62,26686.0,13.82,19.6,5.1,Needs Improvement,Medium,Marketing efficiency is within the middle range of outlet performance. Conversion rate is below the lower-performing outlet range. Marketing spend represents a relatively lower proportion of sales revenue.,"Improve campaign targeting, customer engagement, offers, and conversion-focused activities.",47.56,Moderate,40,39756,2526,1.04,4,26,Digital Campaign,6.35,Needs Improvement,"Marketing effectiveness is 47.6/100 (Moderate). Campaign ROI averages 1.04, with 6.35% engagement across 40 campaigns.","Review low-ROI campaigns, narrow audience targeting, and move budget to campaign types with stronger conversion results."
OUT0701,40,3123092.09,63272165.76,66408.0,24.75,20.26,4.94,Moderate,Low,Marketing efficiency is within the middle range of outlet performance. Conversion rate is within the middle range of outlet performance. Marketing spend represents a relatively lower proportion of sales revenue.,Continue monitoring marketing performance and optimize campaigns using sales and conversion trends.,62.28,Moderate,40,70900,8796,2.01,13,2,Digital Campaign,12.41,Moderate,"Marketing effectiveness is 62.3/100 (Moderate). Campaign ROI averages 2.01, with 12.41% engagement across 40 campaigns.",Continue the strongest campaign mix and scale spend only where ROI and engagement remain above the network benchmark.
OUT0702,39,8613312.26,152297894.48,133571.0,30.64,17.68,5.66,Needs Improvement,Medium,Marketing efficiency is below the lower-performing outlet range. Conversion rate is among the stronger outlet results. Marketing spend represents a relatively lower proportion of sales revenue.,Review marketing campaigns and redirect spending toward better-performing activities.,70.51,Moderate,40,141926,21726,2.15,11,4,Digital Campaign,15.31,Moderate,"Marketing effectiveness is 70.5/100 (Moderate). Campaign ROI averages 2.15, with 15.31% engagement across 40 campaigns.",Test campaign offers and targeting to improve conversion while protecting revenue per marketing rupee.
OUT0703,40,4676148.34,93976186.3,57842.0,32.67,20.1,4.98,Moderate,Low,Marketing efficiency is within the middle range of outlet performance. Conversion rate is among the stronger outlet results. Marketing spend represents a relatively lower proportion of sales revenue.,Continue monitoring marketing performance and optimize campaigns using sales and conversion trends.,67.6,Moderate,40,52089,8595,2.25,15,1,Digital Campaign,16.5,High Performing,"Marketing effectiveness is 67.6/100 (Moderate). Campaign ROI averages 2.25, with 16.50% engagement across 40 campaigns.",Continue the strongest campaign mix and scale spend only where ROI and engagement remain above the network benchmark.
OUT0704,37,612611.0,13861667.03,17723.0,20.16,22.63,4.42,Moderate,Low,Marketing efficiency is among the stronger outlet results. Conversion rate is within the middle range of outlet performance. Marketing spend represents a relatively lower proportion of sales revenue.,Continue monitoring successful campaigns and consider scaling effective activities.,56.89,Moderate,40,18986,1772,1.3,5,21,Digital Campaign,9.33,Needs Improvement,"Marketing effectiveness is 56.9/100 (Moderate). Campaign ROI averages 1.30, with 9.33% engagement across 40 campaigns.","Review low-ROI campaigns, narrow audience targeting, and move budget to campaign types with stronger conversion results."
OUT0705,40,2099518.79,40600763.65,33400.0,33.5,19.34,5.17,Moderate,Low,Marketing efficiency is within the middle range of outlet performance. Conversion rate is among the stronger outlet results. Marketing spend represents a relatively lower proportion of sales revenue.,Continue monitoring marketing performance and optimize campaigns using sales and conversion trends.,64.23,Moderate,40,23619,3867,1.46,4,16,Digital Campaign,16.37,Moderate,"Marketing effectiveness is 64.2/100 (Moderate). Campaign ROI averages 1.46, with 16.37% engagement across 40 campaigns.",Continue the strongest campaign mix and scale spend only where ROI and engagement remain above the network benchmark.
OUT0706,39,1605187.44,34633169.23,56826.0,18.03,21.58,4.63,Moderate,Low,Marketing efficiency is among the stronger outlet results. Conversion rate is within the middle range of outlet performance. Marketing spend represents a relatively lower proportion of sales revenue.,Continue monitoring successful campaigns and consider scaling effective activities.,57.82,Moderate,40,72669,6276,1.57,7,12,Digital Campaign,8.64,Moderate,"Marketing effectiveness is 57.8/100 (Moderate). Campaign ROI averages 1.57, with 8.64% engagement across 40 campaigns.",Continue the strongest campaign mix and scale spend only where ROI and engagement remain above the network benchmark.
OUT0707,37,6789821.49,145727466.81,127788.0,24.05,21.46,4.66,Moderate,Low,Marketing efficiency is among the stronger outlet results. Conversion rate is within the middle range of outlet performance. Marketing spend represents a relatively lower proportion of sales revenue.,Continue monitoring successful campaigns and consider scaling effective activities.,70.75,Moderate,40,177786,21456,2.86,20,2,Digital Campaign,12.07,High Performing,"Marketing effectiveness is 70.8/100 (Moderate). Campaign ROI averages 2.86, with 12.07% engagement across 40 campaigns.",Continue the strongest campaign mix and scale spend only where ROI and engagement remain above the network benchmark.
OUT0708,39,4112198.28,87051714.56,87296.0,20.74,21.17,4.72,Moderate,Low,Marketing efficiency is among the stronger outlet results. Conversion rate is within the middle range of outlet performance. Marketing spend represents a relatively lower proportion of sales revenue.,Continue monitoring successful campaigns and consider scaling effective activities.,62.87,Moderate,40,123270,12880,2.34,16,0,Digital Campaign,10.45,High Performing,"Marketing effectiveness is 62.9/100 (Moderate). Campaign ROI averages 2.34, with 10.45% engagement across 40 campaigns.",Continue the strongest campaign mix and scale spend only where ROI and engagement remain above the network benchmark.
OUT0709,39,2119708.08,40993591.4,77721.0,20.56,19.34,5.17,Moderate,Low,Marketing efficiency is within the middle range of outlet performance. Conversion rate is within the middle range of outlet performance. Marketing spend represents a relatively lower proportion of sales revenue.,Continue monitoring marketing performance and optimize campaigns using sales and conversion trends.,58.54,Moderate,40,92849,9353,1.48,5,15,Digital Campaign,10.07,Moderate,"Marketing effectiveness is 58.5/100 (Moderate). Campaign ROI averages 1.48, with 10.07% engagement across 40 campaigns.",Continue the strongest campaign mix and scale spend only where ROI and engagement remain above the network benchmark.
OUT0710,38,2757915.36,55608663.75,39803.0,23.37,20.16,4.96,Moderate,Low,Marketing efficiency is within the middle range of outlet performance. Conversion rate is within the middle range of outlet performance. Marketing spend represents a relatively lower proportion of sales revenue.,Continue monitoring marketing performance and optimize campaigns using sales and conversion trends.,57.94,Moderate,40,46211,5461,1.82,6,4,Digital Campaign,11.82,Moderate,"Marketing effectiveness is 57.9/100 (Moderate). Campaign ROI averages 1.82, with 11.82% engagement across 40 campaigns.",Continue the strongest campaign mix and scale spend only where ROI and engagement remain above the network benchmark.
OUT0711,39,5262458.97,107537796.81,89041.0,24.79,20.43,4.89,Moderate,Low,Marketing efficiency is within the middle range of outlet performance. Conversion rate is within the middle range of outlet performance. Marketing spend represents a relatively lower proportion of sales revenue.,Continue monitoring marketing performance and optimize campaigns using sales and conversion trends.,65.2,Moderate,40,110052,13824,2.41,17,0,Digital Campaign,12.56,High Performing,"Marketing effectiveness is 65.2/100 (Moderate). Campaign ROI averages 2.41, with 12.56% engagement across 40 campaigns.",Continue the strongest campaign mix and scale spend only where ROI and engagement remain above the network benchmark.
OUT0712,39,6020003.81,116587122.58,128105.0,31.95,19.37,5.16,Moderate,Low,Marketing efficiency is within the middle range of outlet performance. Conversion rate is among the stronger outlet results. Marketing spend represents a relatively lower proportion of sales revenue.,Continue monitoring marketing performance and optimize campaigns using sales and conversion trends.,73.81,Moderate,40,127045,20432,2.32,18,2,Digital Campaign,16.08,High Performing,"Marketing effectiveness is 73.8/100 (Moderate). Campaign ROI averages 2.32, with 16.08% engagement across 40 campaigns.",Continue the strongest campaign mix and scale spend only where ROI and engagement remain above the network benchmark.
OUT0713,40,8597599.37,163101795.83,110469.0,29.05,18.97,5.27,Needs Improvement,Medium,Marketing efficiency is below the lower-performing outlet range. Conversion rate is among the stronger outlet results. Marketing spend represents a relatively lower proportion of sales revenue.,Review marketing campaigns and redirect spending toward better-performing activities.,68.72,Moderate,40,120605,17581,2.38,19,3,Digital Campaign,14.58,High Performing,"Marketing effectiveness is 68.7/100 (Moderate). Campaign ROI averages 2.38, with 14.58% engagement across 40 campaigns.",Test campaign offers and targeting to improve conversion while protecting revenue per marketing rupee.
OUT0714,39,3848663.87,75249423.0,66712.0,27.11,19.55,5.11,Moderate,Low,Marketing efficiency is within the middle range of outlet performance. Conversion rate is among the stronger outlet results. Marketing spend represents a relatively lower proportion of sales revenue.,Continue monitoring marketing performance and optimize campaigns using sales and conversion trends.,63.09,Moderate,40,71227,9716,2.02,13,1,Digital Campaign,13.64,Moderate,"Marketing effectiveness is 63.1/100 (Moderate). Campaign ROI averages 2.02, with 13.64% engagement across 40 campaigns.",Continue the strongest campaign mix and scale spend only where ROI and engagement remain above the network benchmark.
OUT0715,40,1180038.77,21437414.74,17311.0,20.61,18.17,5.5,Needs Improvement,Medium,Marketing efficiency is below the lower-performing outlet range. Conversion rate is within the middle range of outlet performance. Marketing spend represents a relatively lower proportion of sales revenue.,Review marketing campaigns and redirect spending toward better-performing activities.,49.71,Moderate,40,18660,1734,1.02,4,27,Digital Campaign,9.29,Needs Improvement,"Marketing effectiveness is 49.7/100 (Moderate). Campaign ROI averages 1.02, with 9.29% engagement across 40 campaigns.","Review low-ROI campaigns, narrow audience targeting, and move budget to campaign types with stronger conversion results."
OUT0716,38,7692040.85,149953160.85,147263.0,42.06,19.49,5.13,Moderate,Low,Marketing efficiency is within the middle range of outlet performance. Conversion rate is among the stronger outlet results. Marketing spend represents a relatively lower proportion of sales revenue.,Continue monitoring marketing performance and optimize campaigns using sales and conversion trends.,84.62,High Performing,40,114541,24216,2.85,18,2,Digital Campaign,21.14,High Performing,"Marketing effectiveness is 84.6/100 (High Performing). Campaign ROI averages 2.85, with 21.14% engagement across 40 campaigns.",Continue the strongest campaign mix and scale spend only where ROI and engagement remain above the network benchmark.
OUT0717,39,4539180.19,90307196.96,86783.0,23.77,19.9,5.03,Moderate,Low,Marketing efficiency is within the middle range of outlet performance. Conversion rate is within the middle range of outlet performance. Marketing spend represents a relatively lower proportion of sales revenue.,Continue monitoring marketing performance and optimize campaigns using sales and conversion trends.,63.19,Moderate,40,109215,13296,2.24,14,2,Digital Campaign,12.17,Moderate,"Marketing effectiveness is 63.2/100 (Moderate). Campaign ROI averages 2.24, with 12.17% engagement across 40 campaigns.",Continue the strongest campaign mix and scale spend only where ROI and engagement remain above the network benchmark.
OUT0718,40,8562788.41,162281509.16,107127.0,23.67,18.95,5.28,Needs Improvement,Medium,Marketing efficiency is below the lower-performing outlet range. Conversion rate is within the middle range of outlet performance. Marketing spend represents a relatively lower proportion of sales revenue.,Review marketing campaigns and redirect spending toward better-performing activities.,63.84,Moderate,40,142890,16992,2.4,17,5,Digital Campaign,11.89,High Performing,"Marketing effectiveness is 63.8/100 (Moderate). Campaign ROI averages 2.40, with 11.89% engagement across 40 campaigns.",Test campaign offers and targeting to improve conversion while protecting revenue per marketing rupee.
OUT0719,40,4385679.59,85382567.43,54234.0,23.25,19.47,5.14,Moderate,Low,Marketing efficiency is within the middle range of outlet performance. Conversion rate is within the middle range of outlet performance. Marketing spend represents a relatively lower proportion of sales revenue.,Continue monitoring marketing performance and optimize campaigns using sales and conversion trends.,58.32,Moderate,40,66769,7819,2.11,12,2,Digital Campaign,11.71,Moderate,"Marketing effectiveness is 58.3/100 (Moderate). Campaign ROI averages 2.11, with 11.71% engagement across 40 campaigns.",Continue the strongest campaign mix and scale spend only where ROI and engagement remain above the network benchmark.
OUT0720,38,936558.17,18119760.95,25864.0,15.31,19.35,5.17,Needs Improvement,Medium,Marketing efficiency is within the middle range of outlet performance. Conversion rate is below the lower-performing outlet range. Marketing spend represents a relatively lower proportion of sales revenue.,"Improve campaign targeting, customer engagement, offers, and conversion-focused activities.",48.27,Moderate,40,36976,2664,1.02,2,24,Digital Campaign,7.2,Needs Improvement,"Marketing effectiveness is 48.3/100 (Moderate). Campaign ROI averages 1.02, with 7.20% engagement across 40 campaigns.","Review low-ROI campaigns, narrow audience targeting, and move budget to campaign types with stronger conversion results."
OUT0721,39,4369957.45,88524919.99,101106.0,29.11,20.26,4.94,Moderate,Low,Marketing efficiency is within the middle range of outlet performance. Conversion rate is among the stronger outlet results. Marketing spend represents a relatively lower proportion of sales revenue.,Continue monitoring marketing performance and optimize campaigns using sales and conversion trends.,69.87,Moderate,40,102396,14786,2.32,17,2,Digital Campaign,14.44,High Performing,"Marketing effectiveness is 69.9/100 (Moderate). Campaign ROI averages 2.32, with 14.44% engagement across 40 campaigns.",Continue the strongest campaign mix and scale spend only where ROI and engagement remain above the network benchmark.
OUT0722,40,2292648.08,45699069.72,46302.0,20.59,19.93,5.02,Moderate,Low,Marketing efficiency is within the middle range of outlet performance. Conversion rate is within the middle range of outlet performance. Marketing spend represents a relatively lower proportion of sales revenue.,Continue monitoring marketing performance and optimize campaigns using sales and conversion trends.,55.98,Moderate,40,54393,5521,1.64,8,12,Digital Campaign,10.15,Moderate,"Marketing effectiveness is 56.0/100 (Moderate). Campaign ROI averages 1.64, with 10.15% engagement across 40 campaigns.",Continue the strongest campaign mix and scale spend only where ROI and engagement remain above the network benchmark.
OUT0723,38,14502578.91,300254101.23,216615.0,41.45,20.7,4.83,Moderate,Low,Marketing efficiency is within the middle range of outlet performance. Conversion rate is among the stronger outlet results. Marketing spend represents a relatively lower proportion of sales revenue.,Continue monitoring marketing performance and optimize campaigns using sales and conversion trends.,94.08,High Performing,40,174658,36255,3.21,20,3,Digital Campaign,20.76,High Performing,"Marketing effectiveness is 94.1/100 (High Performing). Campaign ROI averages 3.21, with 20.76% engagement across 40 campaigns.",Continue the strongest campaign mix and scale spend only where ROI and engagement remain above the network benchmark.
OUT0724,38,5306001.7,125136929.7,78661.0,21.52,23.58,4.24,Moderate,Low,Marketing efficiency is among the stronger outlet results. Conversion rate is within the middle range of outlet performance. Marketing spend represents a relatively lower proportion of sales revenue.,Continue monitoring successful campaigns and consider scaling effective activities.,66.6,Moderate,40,113490,12292,3.15,23,0,Digital Campaign,10.83,High Performing,"Marketing effectiveness is 66.6/100 (Moderate). Campaign ROI averages 3.15, with 10.83% engagement across 40 campaigns.",Continue the strongest campaign mix and scale spend only where ROI and engagement remain above the network benchmark.
OUT0725,39,3944692.41,76902061.98,44850.0,19.2,19.5,5.13,Moderate,Low,Marketing efficiency is within the middle range of outlet performance. Conversion rate is within the middle range of outlet performance. Marketing spend represents a relatively lower proportion of sales revenue.,Continue monitoring marketing performance and optimize campaigns using sales and conversion trends.,53.92,Moderate,40,68407,6629,2.06,12,1,Digital Campaign,9.69,Moderate,"Marketing effectiveness is 53.9/100 (Moderate). Campaign ROI averages 2.06, with 9.69% engagement across 40 campaigns.",Continue the strongest campaign mix and scale spend only where ROI and engagement remain above the network benchmark.
OUT0726,39,3636620.65,68626381.71,60891.0,15.04,18.87,5.3,Needs Improvement,High,Marketing efficiency is below the lower-performing outlet range. Conversion rate is below the lower-performing outlet range. Marketing spend represents a relatively lower proportion of sales revenue.,"Review marketing campaigns and redirect spending toward better-performing activities. Improve campaign targeting, customer engagement, offers, and conversion-focused activities.",51.25,Moderate,40,115792,8772,1.96,11,4,Digital Campaign,7.58,Moderate,"Marketing effectiveness is 51.2/100 (Moderate). Campaign ROI averages 1.96, with 7.58% engagement across 40 campaigns.",Continue the strongest campaign mix and scale spend only where ROI and engagement remain above the network benchmark.
OUT0727,40,1548222.72,29357557.15,23293.0,14.93,18.96,5.27,Needs Improvement,High,Marketing efficiency is below the lower-performing outlet range. Conversion rate is below the lower-performing outlet range. Marketing spend represents a relatively lower proportion of sales revenue.,"Review marketing campaigns and redirect spending toward better-performing activities. Improve campaign targeting, customer engagement, offers, and conversion-focused activities.",47.01,Moderate,40,34564,2471,1.25,4,21,Digital Campaign,7.15,Needs Improvement,"Marketing effectiveness is 47.0/100 (Moderate). Campaign ROI averages 1.25, with 7.15% engagement across 40 campaigns.","Review low-ROI campaigns, narrow audience targeting, and move budget to campaign types with stronger conversion results."
OUT0728,40,4640603.63,96719580.11,59784.0,23.4,20.84,4.8,Moderate,Low,Marketing efficiency is among the stronger outlet results. Conversion rate is within the middle range of outlet performance. Marketing spend represents a relatively lower proportion of sales revenue.,Continue monitoring successful campaigns and consider scaling effective activities.,61.39,Moderate,40,73678,8675,2.43,19,2,Digital Campaign,11.77,High Performing,"Marketing effectiveness is 61.4/100 (Moderate). Campaign ROI averages 2.43, with 11.77% engagement across 40 campaigns.",Continue the strongest campaign mix and scale spend only where ROI and engagement remain above the network benchmark.
OUT0729,39,1954472.95,39345393.83,57674.0,18.26,20.13,4.97,Moderate,Low,Marketing efficiency is within the middle range of outlet performance. Conversion rate is within the middle range of outlet performance. Marketing spend represents a relatively lower proportion of sales revenue.,Continue monitoring marketing performance and optimize campaigns using sales and conversion trends.,55.67,Moderate,40,75945,6763,1.53,5,15,Digital Campaign,8.91,Moderate,"Marketing effectiveness is 55.7/100 (Moderate). Campaign ROI averages 1.53, with 8.91% engagement across 40 campaigns.",Continue the strongest campaign mix and scale spend only where ROI and engagement remain above the network benchmark.
OUT0730,40,1832868.77,35651290.07,26626.0,17.34,19.45,5.14,Needs Improvement,Medium,Marketing efficiency is within the middle range of outlet performance. Conversion rate is below the lower-performing outlet range. Marketing spend represents a relatively lower proportion of sales revenue.,"Improve campaign targeting, customer engagement, offers, and conversion-focused activities.",50.22,Moderate,40,35256,2962,1.41,6,17,Digital Campaign,8.4,Moderate,"Marketing effectiveness is 50.2/100 (Moderate). Campaign ROI averages 1.41, with 8.40% engagement across 40 campaigns.",Test campaign offers and targeting to improve conversion while protecting revenue per marketing rupee.
OUT0731,38,1857642.88,33824176.5,20920.0,18.83,18.21,5.49,Needs Improvement,Medium,Marketing efficiency is below the lower-performing outlet range. Conversion rate is within the middle range of outlet performance. Marketing spend represents a relatively lower proportion of sales revenue.,Review marketing campaigns and redirect spending toward better-performing activities.,48.7,Moderate,40,27345,2504,1.26,3,21,Digital Campaign,9.16,Needs Improvement,"Marketing effectiveness is 48.7/100 (Moderate). Campaign ROI averages 1.26, with 9.16% engagement across 40 campaigns.","Review low-ROI campaigns, narrow audience targeting, and move budget to campaign types with stronger conversion results."
OUT0732,40,7712512.43,154643615.25,113157.0,28.08,20.05,4.99,Moderate,Low,Marketing efficiency is within the middle range of outlet performance. Conversion rate is among the stronger outlet results. Marketing spend represents a relatively lower proportion of sales revenue.,Continue monitoring marketing performance and optimize campaigns using sales and conversion trends.,70.04,Moderate,40,124909,17592,2.67,20,3,Digital Campaign,14.08,High Performing,"Marketing effectiveness is 70.0/100 (Moderate). Campaign ROI averages 2.67, with 14.08% engagement across 40 campaigns.",Continue the strongest campaign mix and scale spend only where ROI and engagement remain above the network benchmark.
OUT0733,39,1544915.33,30009704.91,52433.0,21.59,19.42,5.15,Moderate,Low,Marketing efficiency is within the middle range of outlet performance. Conversion rate is within the middle range of outlet performance. Marketing spend represents a relatively lower proportion of sales revenue.,Continue monitoring marketing performance and optimize campaigns using sales and conversion trends.,56.65,Moderate,40,55401,5752,1.36,4,18,Digital Campaign,10.38,Needs Improvement,"Marketing effectiveness is 56.6/100 (Moderate). Campaign ROI averages 1.36, with 10.38% engagement across 40 campaigns.","Review low-ROI campaigns, narrow audience targeting, and move budget to campaign types with stronger conversion results."
OUT0734,40,6190466.31,131207980.86,124292.0,27.57,21.2,4.72,High Performing,Low,Marketing efficiency is among the stronger outlet results. Conversion rate is among the stronger outlet results. Marketing spend represents a relatively lower proportion of sales revenue.,Continue monitoring successful campaigns and consider scaling effective activities.,72.82,Moderate,40,138298,19188,2.67,23,1,Digital Campaign,13.87,High Performing,"Marketing effectiveness is 72.8/100 (Moderate). Campaign ROI averages 2.67, with 13.87% engagement across 40 campaigns.",Continue the strongest campaign mix and scale spend only where ROI and engagement remain above the network benchmark.
OUT0735,38,14246270.42,291679087.56,218650.0,37.79,20.47,4.88,Moderate,Low,Marketing efficiency is within the middle range of outlet performance. Conversion rate is among the stronger outlet results. Marketing spend represents a relatively lower proportion of sales revenue.,Continue monitoring marketing performance and optimize campaigns using sales and conversion trends.,90.88,High Performing,40,192587,36439,3.2,21,1,Digital Campaign,18.92,High Performing,"Marketing effectiveness is 90.9/100 (High Performing). Campaign ROI averages 3.20, with 18.92% engagement across 40 campaigns.",Continue the strongest campaign mix and scale spend only where ROI and engagement remain above the network benchmark.
OUT0736,38,3170634.77,62166176.67,46720.0,27.43,19.61,5.1,Moderate,Low,Marketing efficiency is within the middle range of outlet performance. Conversion rate is among the stronger outlet results. Marketing spend represents a relatively lower proportion of sales revenue.,Continue monitoring marketing performance and optimize campaigns using sales and conversion trends.,61.16,Moderate,40,48373,6702,1.84,7,4,Digital Campaign,13.85,Moderate,"Marketing effectiveness is 61.2/100 (Moderate). Campaign ROI averages 1.84, with 13.85% engagement across 40 campaigns.",Continue the strongest campaign mix and scale spend only where ROI and engagement remain above the network benchmark.
OUT0737,40,4908868.89,111975901.5,113775.0,29.84,22.81,4.38,High Performing,Low,Marketing efficiency is among the stronger outlet results. Conversion rate is among the stronger outlet results. Marketing spend represents a relatively lower proportion of sales revenue.,Continue monitoring successful campaigns and consider scaling effective activities.,76.23,High Performing,40,111631,16729,2.78,20,1,Digital Campaign,14.99,High Performing,"Marketing effectiveness is 76.2/100 (High Performing). Campaign ROI averages 2.78, with 14.99% engagement across 40 campaigns.",Continue the strongest campaign mix and scale spend only where ROI and engagement remain above the network benchmark.
OUT0738,39,1131892.13,20051701.24,15078.0,12.62,17.72,5.64,Needs Improvement,High,Marketing efficiency is below the lower-performing outlet range. Conversion rate is below the lower-performing outlet range. Marketing spend represents a relatively lower proportion of sales revenue.,"Review marketing campaigns and redirect spending toward better-performing activities. Improve campaign targeting, customer engagement, offers, and conversion-focused activities.",42.05,Moderate,40,26184,1556,0.82,0,30,Digital Campaign,5.94,Needs Improvement,"Marketing effectiveness is 42.0/100 (Moderate). Campaign ROI averages 0.82, with 5.94% engagement across 40 campaigns.","Review low-ROI campaigns, narrow audience targeting, and move budget to campaign types with stronger conversion results."
OUT0739,39,3059695.76,61605718.14,39323.0,11.72,20.13,4.97,Needs Improvement,Medium,Marketing efficiency is within the middle range of outlet performance. Conversion rate is below the lower-performing outlet range. Marketing spend represents a relatively lower proportion of sales revenue.,"Improve campaign targeting, customer engagement, offers, and conversion-focused activities.",48.16,Moderate,40,90918,5409,1.86,10,5,Digital Campaign,5.95,Moderate,"Marketing effectiveness is 48.2/100 (Moderate). Campaign ROI averages 1.86, with 5.95% engagement across 40 campaigns.",Test campaign offers and targeting to improve conversion while protecting revenue per marketing rupee.
OUT0740,39,5235408.95,113788434.98,93818.0,27.77,21.73,4.6,High Performing,Low,Marketing efficiency is among the stronger outlet results. Conversion rate is among the stronger outlet results. Marketing spend represents a relatively lower proportion of sales revenue.,Continue monitoring successful campaigns and consider scaling effective activities.,70.41,Moderate,40,102852,14381,2.7,23,2,Digital Campaign,13.98,High Performing,"Marketing effectiveness is 70.4/100 (Moderate). Campaign ROI averages 2.70, with 13.98% engagement across 40 campaigns.",Continue the strongest campaign mix and scale spend only where ROI and engagement remain above the network benchmark.
OUT0741,37,2821640.84,61162334.21,40487.0,17.85,21.68,4.61,Moderate,Low,Marketing efficiency is among the stronger outlet results. Conversion rate is within the middle range of outlet performance. Marketing spend represents a relatively lower proportion of sales revenue.,Continue monitoring successful campaigns and consider scaling effective activities.,55.98,Moderate,40,64447,5789,2.07,11,0,Digital Campaign,8.98,Moderate,"Marketing effectiveness is 56.0/100 (Moderate). Campaign ROI averages 2.07, with 8.98% engagement across 40 campaigns.",Continue the strongest campaign mix and scale spend only where ROI and engagement remain above the network benchmark.
OUT0742,38,2656243.28,57117131.84,49115.0,13.59,21.5,4.65,Needs Improvement,Medium,Marketing efficiency is among the stronger outlet results. Conversion rate is below the lower-performing outlet range. Marketing spend represents a relatively lower proportion of sales revenue.,"Continue monitoring successful campaigns and consider scaling effective activities. Improve campaign targeting, customer engagement, offers, and conversion-focused activities.",53.13,Moderate,40,96447,6588,2.04,13,3,Digital Campaign,6.83,Moderate,"Marketing effectiveness is 53.1/100 (Moderate). Campaign ROI averages 2.04, with 6.83% engagement across 40 campaigns.",Test campaign offers and targeting to improve conversion while protecting revenue per marketing rupee.
OUT0743,40,11727888.43,214028987.34,181460.0,32.31,18.25,5.48,Needs Improvement,Medium,Marketing efficiency is below the lower-performing outlet range. Conversion rate is among the stronger outlet results. Marketing spend represents a relatively lower proportion of sales revenue.,Review marketing campaigns and redirect spending toward better-performing activities.,78.33,High Performing,40,177244,29034,2.15,11,1,Digital Campaign,16.38,Moderate,"Marketing effectiveness is 78.3/100 (High Performing). Campaign ROI averages 2.15, with 16.38% engagement across 40 campaigns.",Test campaign offers and targeting to improve conversion while protecting revenue per marketing rupee.
OUT0744,40,1354903.56,27476411.24,30114.0,28.37,20.28,4.93,Moderate,Low,Marketing efficiency is within the middle range of outlet performance. Conversion rate is among the stronger outlet results. Marketing spend represents a relatively lower proportion of sales revenue.,Continue monitoring marketing performance and optimize campaigns using sales and conversion trends.,61.18,Moderate,40,22974,3099,1.27,4,20,Digital Campaign,13.49,Needs Improvement,"Marketing effectiveness is 61.2/100 (Moderate). Campaign ROI averages 1.27, with 13.49% engagement across 40 campaigns.","Review low-ROI campaigns, narrow audience targeting, and move budget to campaign types with stronger conversion results."
OUT0745,39,2411616.27,50568529.15,63343.0,17.21,20.97,4.77,Needs Improvement,Medium,Marketing efficiency is among the stronger outlet results. Conversion rate is below the lower-performing outlet range. Marketing spend represents a relatively lower proportion of sales revenue.,"Continue monitoring successful campaigns and consider scaling effective activities. Improve campaign targeting, customer engagement, offers, and conversion-focused activities.",56.87,Moderate,40,93494,7948,1.79,11,7,Digital Campaign,8.5,Moderate,"Marketing effectiveness is 56.9/100 (Moderate). Campaign ROI averages 1.79, with 8.50% engagement across 40 campaigns.",Test campaign offers and targeting to improve conversion while protecting revenue per marketing rupee.
OUT0746,39,1845121.3,36056931.65,23351.0,19.07,19.54,5.12,Moderate,Low,Marketing efficiency is within the middle range of outlet performance. Conversion rate is within the middle range of outlet performance. Marketing spend represents a relatively lower proportion of sales revenue.,Continue monitoring marketing performance and optimize campaigns using sales and conversion trends.,51.43,Moderate,40,29211,2695,1.44,6,18,Digital Campaign,9.23,Moderate,"Marketing effectiveness is 51.4/100 (Moderate). Campaign ROI averages 1.44, with 9.23% engagement across 40 campaigns.",Continue the strongest campaign mix and scale spend only where ROI and engagement remain above the network benchmark.
OUT0747,38,1203513.81,24143291.42,25180.0,16.25,20.06,4.98,Needs Improvement,Medium,Marketing efficiency is within the middle range of outlet performance. Conversion rate is below the lower-performing outlet range. Marketing spend represents a relatively lower proportion of sales revenue.,"Improve campaign targeting, customer engagement, offers, and conversion-focused activities.",50.17,Moderate,40,34668,2670,1.3,5,22,Digital Campaign,7.7,Needs Improvement,"Marketing effectiveness is 50.2/100 (Moderate). Campaign ROI averages 1.30, with 7.70% engagement across 40 campaigns.","Review low-ROI campaigns, narrow audience targeting, and move budget to campaign types with stronger conversion results."
OUT0748,40,9136153.23,168973445.24,123650.0,25.68,18.5,5.41,Needs Improvement,Medium,Marketing efficiency is below the lower-performing outlet range. Conversion rate is within the middle range of outlet performance. Marketing spend represents a relatively lower proportion of sales revenue.,Review marketing campaigns and redirect spending toward better-performing activities.,66.63,Moderate,40,153392,19745,2.27,14,1,Digital Campaign,12.87,High Performing,"Marketing effectiveness is 66.6/100 (Moderate). Campaign ROI averages 2.27, with 12.87% engagement across 40 campaigns.",Test campaign offers and targeting to improve conversion while protecting revenue per marketing rupee.
OUT0749,36,1220969.63,24059890.74,38001.0,16.64,19.71,5.07,Needs Improvement,Medium,Marketing efficiency is within the middle range of outlet performance. Conversion rate is below the lower-performing outlet range. Marketing spend represents a relatively lower proportion of sales revenue.,"Improve campaign targeting, customer engagement, offers, and conversion-focused activities.",51.37,Moderate,40,55544,4388,1.24,4,20,Digital Campaign,7.9,Needs Improvement,"Marketing effectiveness is 51.4/100 (Moderate). Campaign ROI averages 1.24, with 7.90% engagement across 40 campaigns.","Review low-ROI campaigns, narrow audience targeting, and move budget to campaign types with stronger conversion results."
OUT0750,39,2507617.9,48300974.42,86293.0,36.33,19.26,5.19,Needs Improvement,Medium,Marketing efficiency is below the lower-performing outlet range. Conversion rate is among the stronger outlet results. Marketing spend represents a relatively lower proportion of sales revenue.,Review marketing campaigns and redirect spending toward better-performing activities.,72.49,Moderate,40,60815,10894,1.58,6,12,Digital Campaign,17.91,Moderate,"Marketing effectiveness is 72.5/100 (Moderate). Campaign ROI averages 1.58, with 17.91% engagement across 40 campaigns.",Test campaign offers and targeting to improve conversion while protecting revenue per marketing rupee.
