Outlet_ID,Outlet_Name,Staff_Score,Workforce_Category,Workforce_Alert_Level,Latest_Scheduling_Status,Marketing_Score,Effectiveness_Category,Marketing_Alert_Level,Average_Campaign_ROI,Inventory_Score,High_Risk_SKUs,Recommended_Replenishment_Units,Inventory_Priority,Inventory_Action,Inventory_Status,Operational_Health_Score,Cross_Functional_Risks,Primary_Focus_Area,Operational_Priority,Operational_Insight,Recommended_Action
OUT0001,Franchise Outlet 0001,66.38,Meets Expectations,Medium,Overstaffed,60.6,Moderate,Low,2.1,35.0,0,899,Medium,REORDER,Low,54.94,3,Inventory,High,Operational health is 54.9/100 with 3 component(s) below 70. The weakest area is inventory; the current inventory action is reorder.,Complete the inventory action and plan 899 replenishment units before the next demand cycle.
OUT0002,Franchise Outlet 0002,62.74,Needs Improvement,High,Overstaffed,54.98,Moderate,Medium,1.02,100.0,0,178,Low,NO_ACTION,Healthy,71.2,2,Marketing,Medium,Operational health is 71.2/100 with 2 component(s) below 70. The weakest area is marketing; the current inventory action is no action.,"Review campaign ROI and engagement by campaign type, and reallocate spend to the strongest conversion sources."
OUT0003,Franchise Outlet 0003,95.03,Top Performer,Medium,Understaffed,76.72,High Performing,Low,2.16,35.0,0,2500,Medium,REORDER,Low,70.61,1,Inventory,Medium,Operational health is 70.6/100 with 1 component(s) below 70. The weakest area is inventory; the current inventory action is reorder.,"Complete the inventory action and plan 2,500 replenishment units before the next demand cycle."
OUT0004,Franchise Outlet 0004,61.83,Needs Improvement,High,Overstaffed,47.61,Moderate,Medium,1.09,35.0,0,381,Medium,REORDER,Low,48.8,3,Inventory,High,Operational health is 48.8/100 with 3 component(s) below 70. The weakest area is inventory; the current inventory action is reorder.,Complete the inventory action and plan 381 replenishment units before the next demand cycle.
OUT0005,Franchise Outlet 0005,78.53,Meets Expectations,Medium,Understaffed,56.76,Moderate,Low,2.01,100.0,0,1038,Low,NO_ACTION,Healthy,77.35,1,Marketing,Medium,Operational health is 77.3/100 with 1 component(s) below 70. The weakest area is marketing; the current inventory action is no action.,"Review campaign ROI and engagement by campaign type, and reallocate spend to the strongest conversion sources."
OUT0006,Franchise Outlet 0006,61.77,Needs Improvement,High,Overstaffed,50.07,Moderate,Medium,1.1,100.0,0,215,Medium,MONITOR_WASTAGE,Healthy,69.14,2,Marketing,Medium,Operational health is 69.1/100 with 2 component(s) below 70. The weakest area is marketing; the current inventory action is monitor wastage.,"Review campaign ROI and engagement by campaign type, and reallocate spend to the strongest conversion sources."
OUT0007,Franchise Outlet 0007,77.95,Meets Expectations,Low,Balanced,55.13,Moderate,Low,1.27,10.0,1,958,High,URGENT_REORDER,Critical,49.58,2,Inventory,High,Operational health is 49.6/100 with 2 component(s) below 70. The weakest area is inventory; the current inventory action is urgent reorder.,Complete the inventory action and plan 958 replenishment units before the next demand cycle.
OUT0008,Franchise Outlet 0008,60.25,Needs Improvement,High,Overstaffed,52.48,Moderate,Low,1.36,35.0,0,488,Medium,REORDER,Low,49.96,3,Inventory,High,Operational health is 50.0/100 with 3 component(s) below 70. The weakest area is inventory; the current inventory action is reorder.,Complete the inventory action and plan 488 replenishment units before the next demand cycle.
OUT0009,Franchise Outlet 0009,93.14,Top Performer,Medium,Understaffed,79.64,High Performing,Low,3.07,100.0,0,3099,Low,NO_ACTION,Healthy,90.47,0,Marketing,Low,Operational health is 90.5/100 with 0 component(s) below 70. The weakest area is marketing; the current inventory action is no action.,"Review campaign ROI and engagement by campaign type, and reallocate spend to the strongest conversion sources."
OUT0010,Franchise Outlet 0010,77.08,Meets Expectations,Low,Balanced,63.11,Moderate,Low,2.35,100.0,0,1014,Low,NO_ACTION,Healthy,79.07,1,Marketing,Medium,Operational health is 79.1/100 with 1 component(s) below 70. The weakest area is marketing; the current inventory action is no action.,"Review campaign ROI and engagement by campaign type, and reallocate spend to the strongest conversion sources."
OUT0011,Franchise Outlet 0011,58.45,Needs Improvement,High,Overstaffed,41.93,Moderate,High,1.22,100.0,0,315,Medium,MONITOR_WASTAGE,Healthy,65.13,2,Marketing,Medium,Operational health is 65.1/100 with 2 component(s) below 70. The weakest area is marketing; the current inventory action is monitor wastage.,"Review campaign ROI and engagement by campaign type, and reallocate spend to the strongest conversion sources."
OUT0012,Franchise Outlet 0012,93.56,Top Performer,Medium,Understaffed,62.94,Moderate,Medium,2.22,100.0,0,1028,Low,NO_ACTION,Healthy,84.78,1,Marketing,Medium,Operational health is 84.8/100 with 1 component(s) below 70. The weakest area is marketing; the current inventory action is no action.,"Review campaign ROI and engagement by campaign type, and reallocate spend to the strongest conversion sources."
OUT0013,Franchise Outlet 0013,91.16,Top Performer,Medium,Understaffed,60.77,Moderate,Medium,1.71,100.0,0,389,Medium,MONITOR_WASTAGE,Healthy,83.18,1,Marketing,Medium,Operational health is 83.2/100 with 1 component(s) below 70. The weakest area is marketing; the current inventory action is monitor wastage.,"Review campaign ROI and engagement by campaign type, and reallocate spend to the strongest conversion sources."
OUT0014,Franchise Outlet 0014,64.52,Needs Improvement,High,Overstaffed,55.11,Moderate,Low,1.82,35.0,0,602,Medium,REORDER,Low,52.37,3,Inventory,High,Operational health is 52.4/100 with 3 component(s) below 70. The weakest area is inventory; the current inventory action is reorder.,Complete the inventory action and plan 602 replenishment units before the next demand cycle.
OUT0015,Franchise Outlet 0015,82.3,Meets Expectations,Medium,Understaffed,56.56,Moderate,Low,1.98,35.0,0,1106,Medium,REORDER,Low,59.1,2,Inventory,Medium,Operational health is 59.1/100 with 2 component(s) below 70. The weakest area is inventory; the current inventory action is reorder.,"Complete the inventory action and plan 1,106 replenishment units before the next demand cycle."
OUT0016,Franchise Outlet 0016,85.03,Meets Expectations,Medium,Overstaffed,75.62,High Performing,Low,2.33,35.0,0,1612,Medium,REORDER,Low,66.73,1,Inventory,Medium,Operational health is 66.7/100 with 1 component(s) below 70. The weakest area is inventory; the current inventory action is reorder.,"Complete the inventory action and plan 1,612 replenishment units before the next demand cycle."
OUT0017,Franchise Outlet 0017,90.6,Meets Expectations,Medium,Understaffed,68.33,Moderate,Low,1.94,100.0,0,1407,Low,NO_ACTION,Healthy,85.63,1,Marketing,Medium,Operational health is 85.6/100 with 1 component(s) below 70. The weakest area is marketing; the current inventory action is no action.,"Review campaign ROI and engagement by campaign type, and reallocate spend to the strongest conversion sources."
OUT0018,Franchise Outlet 0018,77.74,Meets Expectations,Medium,Understaffed,66.74,Moderate,Low,1.95,100.0,0,720,Medium,MONITOR_WASTAGE,Healthy,80.57,1,Marketing,Medium,Operational health is 80.6/100 with 1 component(s) below 70. The weakest area is marketing; the current inventory action is monitor wastage.,"Review campaign ROI and engagement by campaign type, and reallocate spend to the strongest conversion sources."
OUT0019,Franchise Outlet 0019,71.28,Meets Expectations,Medium,Overstaffed,65.8,Moderate,Low,2.03,100.0,0,469,Low,NO_ACTION,Healthy,77.98,1,Marketing,Medium,Operational health is 78.0/100 with 1 component(s) below 70. The weakest area is marketing; the current inventory action is no action.,"Review campaign ROI and engagement by campaign type, and reallocate spend to the strongest conversion sources."
OUT0020,Franchise Outlet 0020,57.65,Needs Improvement,High,Overstaffed,43.59,Moderate,High,1.31,35.0,0,442,Medium,REORDER,Low,45.93,3,Inventory,High,Operational health is 45.9/100 with 3 component(s) below 70. The weakest area is inventory; the current inventory action is reorder.,Complete the inventory action and plan 442 replenishment units before the next demand cycle.
OUT0021,Franchise Outlet 0021,95.63,Top Performer,Medium,Understaffed,85.55,High Performing,Low,2.71,35.0,0,3707,Medium,REORDER,Low,73.91,1,Inventory,Medium,Operational health is 73.9/100 with 1 component(s) below 70. The weakest area is inventory; the current inventory action is reorder.,"Complete the inventory action and plan 3,707 replenishment units before the next demand cycle."
OUT0022,Franchise Outlet 0022,62.82,Needs Improvement,High,Overstaffed,42.89,Moderate,High,1.23,35.0,0,748,Medium,REORDER,Low,47.5,3,Inventory,High,Operational health is 47.5/100 with 3 component(s) below 70. The weakest area is inventory; the current inventory action is reorder.,Complete the inventory action and plan 748 replenishment units before the next demand cycle.
OUT0023,Franchise Outlet 0023,69.16,Meets Expectations,Medium,Overstaffed,53.97,Moderate,Low,1.45,100.0,0,329,Medium,MONITOR_WASTAGE,Healthy,73.1,2,Marketing,Medium,Operational health is 73.1/100 with 2 component(s) below 70. The weakest area is marketing; the current inventory action is monitor wastage.,"Review campaign ROI and engagement by campaign type, and reallocate spend to the strongest conversion sources."
OUT0024,Franchise Outlet 0024,76.44,Meets Expectations,Low,Balanced,53.27,Moderate,Low,1.5,35.0,0,756,Medium,REORDER,Low,55.9,2,Inventory,High,Operational health is 55.9/100 with 2 component(s) below 70. The weakest area is inventory; the current inventory action is reorder.,Complete the inventory action and plan 756 replenishment units before the next demand cycle.
OUT0025,Franchise Outlet 0025,91.59,Top Performer,Medium,Understaffed,60.34,Moderate,Medium,1.94,35.0,0,851,Medium,REORDER,Low,63.68,2,Inventory,Medium,Operational health is 63.7/100 with 2 component(s) below 70. The weakest area is inventory; the current inventory action is reorder.,Complete the inventory action and plan 851 replenishment units before the next demand cycle.
OUT0026,Franchise Outlet 0026,93.29,Top Performer,Medium,Understaffed,73.86,Moderate,Low,2.5,100.0,0,1306,Medium,MONITOR_WASTAGE,Healthy,88.5,0,Marketing,Medium,Operational health is 88.5/100 with 0 component(s) below 70. The weakest area is marketing; the current inventory action is monitor wastage.,"Review campaign ROI and engagement by campaign type, and reallocate spend to the strongest conversion sources."
OUT0027,Franchise Outlet 0027,73.62,Meets Expectations,Low,Balanced,53.77,Moderate,Medium,2.25,100.0,0,743,Low,NO_ACTION,Healthy,74.59,1,Marketing,Medium,Operational health is 74.6/100 with 1 component(s) below 70. The weakest area is marketing; the current inventory action is no action.,"Review campaign ROI and engagement by campaign type, and reallocate spend to the strongest conversion sources."
OUT0028,Franchise Outlet 0028,95.04,Top Performer,Medium,Understaffed,79.16,High Performing,Low,2.82,35.0,0,2969,Medium,REORDER,Low,71.47,1,Inventory,Medium,Operational health is 71.5/100 with 1 component(s) below 70. The weakest area is inventory; the current inventory action is reorder.,"Complete the inventory action and plan 2,969 replenishment units before the next demand cycle."
OUT0029,Franchise Outlet 0029,69.16,Meets Expectations,Medium,Overstaffed,51.42,Moderate,Medium,1.75,35.0,0,864,Medium,REORDER,Low,52.7,3,Inventory,High,Operational health is 52.7/100 with 3 component(s) below 70. The weakest area is inventory; the current inventory action is reorder.,Complete the inventory action and plan 864 replenishment units before the next demand cycle.
OUT0030,Franchise Outlet 0030,56.58,Needs Improvement,High,Overstaffed,49.85,Moderate,Medium,1.28,100.0,0,119,Low,NO_ACTION,Healthy,67.25,2,Marketing,Medium,Operational health is 67.2/100 with 2 component(s) below 70. The weakest area is marketing; the current inventory action is no action.,"Review campaign ROI and engagement by campaign type, and reallocate spend to the strongest conversion sources."
OUT0031,Franchise Outlet 0031,83.75,Meets Expectations,Medium,Understaffed,63.73,Moderate,Low,2.42,100.0,0,1329,Medium,MONITOR_WASTAGE,Healthy,81.62,1,Marketing,Medium,Operational health is 81.6/100 with 1 component(s) below 70. The weakest area is marketing; the current inventory action is monitor wastage.,"Review campaign ROI and engagement by campaign type, and reallocate spend to the strongest conversion sources."
OUT0032,Franchise Outlet 0032,62.99,Needs Improvement,High,Overstaffed,58.99,Moderate,Low,2.23,100.0,0,757,Low,NO_ACTION,Healthy,72.69,2,Marketing,Medium,Operational health is 72.7/100 with 2 component(s) below 70. The weakest area is marketing; the current inventory action is no action.,"Review campaign ROI and engagement by campaign type, and reallocate spend to the strongest conversion sources."
OUT0033,Franchise Outlet 0033,94.73,Top Performer,Medium,Understaffed,71.75,Moderate,Medium,2.77,100.0,0,3326,Medium,MONITOR_WASTAGE,Healthy,88.27,0,Marketing,Medium,Operational health is 88.3/100 with 0 component(s) below 70. The weakest area is marketing; the current inventory action is monitor wastage.,"Review campaign ROI and engagement by campaign type, and reallocate spend to the strongest conversion sources."
OUT0034,Franchise Outlet 0034,89.9,Meets Expectations,Medium,Understaffed,64.37,Moderate,Low,2.2,35.0,0,1670,Medium,REORDER,Low,64.49,2,Inventory,Medium,Operational health is 64.5/100 with 2 component(s) below 70. The weakest area is inventory; the current inventory action is reorder.,"Complete the inventory action and plan 1,670 replenishment units before the next demand cycle."
OUT0035,Franchise Outlet 0035,87.69,Meets Expectations,Medium,Understaffed,65.16,Moderate,Low,1.43,100.0,0,484,Low,NO_ACTION,Healthy,83.5,1,Marketing,Medium,Operational health is 83.5/100 with 1 component(s) below 70. The weakest area is marketing; the current inventory action is no action.,"Review campaign ROI and engagement by campaign type, and reallocate spend to the strongest conversion sources."
OUT0036,Franchise Outlet 0036,72.97,Meets Expectations,Low,Balanced,55.74,Moderate,Low,1.9,100.0,0,1366,Medium,MONITOR_WASTAGE,Healthy,75.05,1,Marketing,Medium,Operational health is 75.0/100 with 1 component(s) below 70. The weakest area is marketing; the current inventory action is monitor wastage.,"Review campaign ROI and engagement by campaign type, and reallocate spend to the strongest conversion sources."
OUT0037,Franchise Outlet 0037,69.23,Meets Expectations,Low,Balanced,53.87,Moderate,Low,1.78,35.0,0,705,Medium,REORDER,Low,53.58,3,Inventory,High,Operational health is 53.6/100 with 3 component(s) below 70. The weakest area is inventory; the current inventory action is reorder.,Complete the inventory action and plan 705 replenishment units before the next demand cycle.
OUT0038,Franchise Outlet 0038,62.41,Needs Improvement,High,Overstaffed,56.01,Moderate,Medium,1.42,100.0,0,445,Medium,MONITOR_WASTAGE,Healthy,71.45,2,Marketing,Medium,Operational health is 71.5/100 with 2 component(s) below 70. The weakest area is marketing; the current inventory action is monitor wastage.,"Review campaign ROI and engagement by campaign type, and reallocate spend to the strongest conversion sources."
OUT0039,Franchise Outlet 0039,93.45,Top Performer,Medium,Understaffed,73.37,Moderate,Low,2.51,35.0,0,2145,Medium,REORDER,Low,68.89,1,Inventory,Medium,Operational health is 68.9/100 with 1 component(s) below 70. The weakest area is inventory; the current inventory action is reorder.,"Complete the inventory action and plan 2,145 replenishment units before the next demand cycle."
OUT0040,Franchise Outlet 0040,72.33,Meets Expectations,Low,Balanced,51.88,Moderate,Medium,2.07,35.0,0,1039,Medium,REORDER,Low,53.97,2,Inventory,High,Operational health is 54.0/100 with 2 component(s) below 70. The weakest area is inventory; the current inventory action is reorder.,"Complete the inventory action and plan 1,039 replenishment units before the next demand cycle."
OUT0041,Franchise Outlet 0041,91.64,Top Performer,Medium,Understaffed,69.78,Moderate,Low,2.36,35.0,0,2993,Medium,REORDER,Low,67.0,2,Inventory,Medium,Operational health is 67.0/100 with 2 component(s) below 70. The weakest area is inventory; the current inventory action is reorder.,"Complete the inventory action and plan 2,993 replenishment units before the next demand cycle."
OUT0042,Franchise Outlet 0042,55.59,Needs Improvement,High,Overstaffed,51.15,Moderate,Low,1.16,100.0,0,182,Low,NO_ACTION,Healthy,67.36,2,Marketing,Medium,Operational health is 67.4/100 with 2 component(s) below 70. The weakest area is marketing; the current inventory action is no action.,"Review campaign ROI and engagement by campaign type, and reallocate spend to the strongest conversion sources."
OUT0043,Franchise Outlet 0043,67.66,Meets Expectations,Medium,Overstaffed,53.65,Moderate,Medium,1.27,35.0,0,389,Medium,REORDER,Low,52.96,3,Inventory,High,Operational health is 53.0/100 with 3 component(s) below 70. The weakest area is inventory; the current inventory action is reorder.,Complete the inventory action and plan 389 replenishment units before the next demand cycle.
OUT0044,Franchise Outlet 0044,91.66,Top Performer,Medium,Understaffed,67.48,Moderate,Low,2.56,100.0,0,2207,Low,NO_ACTION,Healthy,85.7,1,Marketing,Medium,Operational health is 85.7/100 with 1 component(s) below 70. The weakest area is marketing; the current inventory action is no action.,"Review campaign ROI and engagement by campaign type, and reallocate spend to the strongest conversion sources."
OUT0045,Franchise Outlet 0045,54.79,Needs Improvement,High,Overstaffed,47.89,Moderate,Medium,1.0,35.0,0,307,Medium,REORDER,Low,46.44,3,Inventory,High,Operational health is 46.4/100 with 3 component(s) below 70. The weakest area is inventory; the current inventory action is reorder.,Complete the inventory action and plan 307 replenishment units before the next demand cycle.
OUT0046,Franchise Outlet 0046,78.94,Meets Expectations,Medium,Understaffed,54.94,Moderate,Medium,1.51,35.0,0,1187,Medium,REORDER,Low,57.36,2,Inventory,High,Operational health is 57.4/100 with 2 component(s) below 70. The weakest area is inventory; the current inventory action is reorder.,"Complete the inventory action and plan 1,187 replenishment units before the next demand cycle."
OUT0047,Franchise Outlet 0047,73.26,Meets Expectations,Medium,Overstaffed,63.76,Moderate,Low,1.68,10.0,1,1130,High,URGENT_REORDER,Critical,50.96,2,Inventory,High,Operational health is 51.0/100 with 2 component(s) below 70. The weakest area is inventory; the current inventory action is urgent reorder.,"Complete the inventory action and plan 1,130 replenishment units before the next demand cycle."
OUT0048,Franchise Outlet 0048,91.49,Top Performer,Medium,Understaffed,57.56,Moderate,Medium,1.98,100.0,0,375,Medium,MONITOR_WASTAGE,Healthy,82.17,1,Marketing,Medium,Operational health is 82.2/100 with 1 component(s) below 70. The weakest area is marketing; the current inventory action is monitor wastage.,"Review campaign ROI and engagement by campaign type, and reallocate spend to the strongest conversion sources."
OUT0049,Franchise Outlet 0049,95.3,Top Performer,Medium,Understaffed,67.84,Moderate,Low,2.57,100.0,0,943,Low,NO_ACTION,Healthy,87.1,1,Marketing,Medium,Operational health is 87.1/100 with 1 component(s) below 70. The weakest area is marketing; the current inventory action is no action.,"Review campaign ROI and engagement by campaign type, and reallocate spend to the strongest conversion sources."
OUT0050,Franchise Outlet 0050,65.83,Needs Improvement,High,Overstaffed,42.9,Moderate,Medium,1.17,35.0,0,367,Medium,REORDER,Low,48.56,3,Inventory,High,Operational health is 48.6/100 with 3 component(s) below 70. The weakest area is inventory; the current inventory action is reorder.,Complete the inventory action and plan 367 replenishment units before the next demand cycle.
OUT0051,Franchise Outlet 0051,92.77,Top Performer,Medium,Understaffed,62.2,Moderate,Low,2.48,10.0,1,2940,High,URGENT_REORDER,Critical,57.24,2,Inventory,High,Operational health is 57.2/100 with 2 component(s) below 70. The weakest area is inventory; the current inventory action is urgent reorder.,"Complete the inventory action and plan 2,940 replenishment units before the next demand cycle."
OUT0052,Franchise Outlet 0052,65.15,Needs Improvement,High,Overstaffed,60.07,Moderate,Low,1.19,35.0,0,995,Medium,REORDER,Low,54.33,3,Inventory,High,Operational health is 54.3/100 with 3 component(s) below 70. The weakest area is inventory; the current inventory action is reorder.,Complete the inventory action and plan 995 replenishment units before the next demand cycle.
OUT0053,Franchise Outlet 0053,73.18,Meets Expectations,Low,Balanced,53.35,Moderate,Medium,1.33,100.0,0,871,Medium,MONITOR_WASTAGE,Healthy,74.29,1,Marketing,Medium,Operational health is 74.3/100 with 1 component(s) below 70. The weakest area is marketing; the current inventory action is monitor wastage.,"Review campaign ROI and engagement by campaign type, and reallocate spend to the strongest conversion sources."
OUT0054,Franchise Outlet 0054,59.27,Needs Improvement,High,Overstaffed,44.85,Moderate,High,1.35,35.0,0,719,Medium,REORDER,Low,46.94,3,Inventory,High,Operational health is 46.9/100 with 3 component(s) below 70. The weakest area is inventory; the current inventory action is reorder.,Complete the inventory action and plan 719 replenishment units before the next demand cycle.
OUT0055,Franchise Outlet 0055,65.23,Needs Improvement,High,Overstaffed,54.19,Moderate,Medium,2.03,100.0,0,568,Low,NO_ACTION,Healthy,71.8,2,Marketing,Medium,Operational health is 71.8/100 with 2 component(s) below 70. The weakest area is marketing; the current inventory action is no action.,"Review campaign ROI and engagement by campaign type, and reallocate spend to the strongest conversion sources."
OUT0056,Franchise Outlet 0056,61.37,Needs Improvement,High,Overstaffed,52.73,Moderate,Medium,1.69,100.0,0,1053,Medium,MONITOR_WASTAGE,Healthy,69.94,2,Marketing,Medium,Operational health is 69.9/100 with 2 component(s) below 70. The weakest area is marketing; the current inventory action is monitor wastage.,"Review campaign ROI and engagement by campaign type, and reallocate spend to the strongest conversion sources."
OUT0057,Franchise Outlet 0057,83.73,Meets Expectations,Medium,Understaffed,56.9,Moderate,Low,1.4,100.0,0,1073,Low,NO_ACTION,Healthy,79.22,1,Marketing,Medium,Operational health is 79.2/100 with 1 component(s) below 70. The weakest area is marketing; the current inventory action is no action.,"Review campaign ROI and engagement by campaign type, and reallocate spend to the strongest conversion sources."
OUT0058,Franchise Outlet 0058,77.14,Meets Expectations,Medium,Understaffed,56.46,Moderate,Low,1.43,35.0,0,1190,Medium,REORDER,Low,57.26,2,Inventory,Medium,Operational health is 57.3/100 with 2 component(s) below 70. The weakest area is inventory; the current inventory action is reorder.,"Complete the inventory action and plan 1,190 replenishment units before the next demand cycle."
OUT0059,Franchise Outlet 0059,77.31,Meets Expectations,Low,Balanced,64.39,Moderate,Low,1.72,100.0,0,636,Low,NO_ACTION,Healthy,79.6,1,Marketing,Medium,Operational health is 79.6/100 with 1 component(s) below 70. The weakest area is marketing; the current inventory action is no action.,"Review campaign ROI and engagement by campaign type, and reallocate spend to the strongest conversion sources."
OUT0060,Franchise Outlet 0060,79.56,Meets Expectations,Medium,Understaffed,54.29,Moderate,Medium,1.39,100.0,0,994,Low,NO_ACTION,Healthy,76.85,1,Marketing,Medium,Operational health is 76.8/100 with 1 component(s) below 70. The weakest area is marketing; the current inventory action is no action.,"Review campaign ROI and engagement by campaign type, and reallocate spend to the strongest conversion sources."
OUT0061,Franchise Outlet 0061,92.09,Top Performer,Medium,Understaffed,71.48,Moderate,Low,2.89,35.0,0,2144,Medium,REORDER,Low,67.75,1,Inventory,Medium,Operational health is 67.8/100 with 1 component(s) below 70. The weakest area is inventory; the current inventory action is reorder.,"Complete the inventory action and plan 2,144 replenishment units before the next demand cycle."
OUT0062,Franchise Outlet 0062,68.37,Meets Expectations,Medium,Overstaffed,57.71,Moderate,Low,1.12,100.0,0,184,Low,NO_ACTION,Healthy,74.13,2,Marketing,Medium,Operational health is 74.1/100 with 2 component(s) below 70. The weakest area is marketing; the current inventory action is no action.,"Review campaign ROI and engagement by campaign type, and reallocate spend to the strongest conversion sources."
OUT0063,Franchise Outlet 0063,77.19,Meets Expectations,Medium,Understaffed,53.13,Moderate,Low,1.93,100.0,0,641,Medium,MONITOR_WASTAGE,Healthy,75.61,1,Marketing,Medium,Operational health is 75.6/100 with 1 component(s) below 70. The weakest area is marketing; the current inventory action is monitor wastage.,"Review campaign ROI and engagement by campaign type, and reallocate spend to the strongest conversion sources."
OUT0064,Franchise Outlet 0064,68.27,Meets Expectations,Medium,Overstaffed,54.46,Moderate,Medium,1.45,35.0,0,757,Medium,REORDER,Low,53.46,3,Inventory,High,Operational health is 53.5/100 with 3 component(s) below 70. The weakest area is inventory; the current inventory action is reorder.,Complete the inventory action and plan 757 replenishment units before the next demand cycle.
OUT0065,Franchise Outlet 0065,93.29,Top Performer,Medium,Understaffed,63.96,Moderate,Low,1.71,35.0,0,1922,Medium,REORDER,Low,65.54,2,Inventory,Medium,Operational health is 65.5/100 with 2 component(s) below 70. The weakest area is inventory; the current inventory action is reorder.,"Complete the inventory action and plan 1,922 replenishment units before the next demand cycle."
OUT0066,Franchise Outlet 0066,88.25,Meets Expectations,Medium,Understaffed,52.15,Moderate,Low,1.6,100.0,0,457,Medium,MONITOR_WASTAGE,Healthy,79.14,1,Marketing,Medium,Operational health is 79.1/100 with 1 component(s) below 70. The weakest area is marketing; the current inventory action is monitor wastage.,"Review campaign ROI and engagement by campaign type, and reallocate spend to the strongest conversion sources."
OUT0067,Franchise Outlet 0067,92.58,Top Performer,Medium,Understaffed,61.22,Moderate,Low,2.54,100.0,0,701,Low,NO_ACTION,Healthy,83.83,1,Marketing,Medium,Operational health is 83.8/100 with 1 component(s) below 70. The weakest area is marketing; the current inventory action is no action.,"Review campaign ROI and engagement by campaign type, and reallocate spend to the strongest conversion sources."
OUT0068,Franchise Outlet 0068,73.7,Meets Expectations,Low,Balanced,55.4,Moderate,Medium,2.34,100.0,0,740,Medium,MONITOR_WASTAGE,Healthy,75.18,1,Marketing,Medium,Operational health is 75.2/100 with 1 component(s) below 70. The weakest area is marketing; the current inventory action is monitor wastage.,"Review campaign ROI and engagement by campaign type, and reallocate spend to the strongest conversion sources."
OUT0069,Franchise Outlet 0069,67.86,Meets Expectations,Medium,Overstaffed,52.87,Moderate,Medium,1.46,100.0,0,680,Low,NO_ACTION,Healthy,72.26,2,Marketing,Medium,Operational health is 72.3/100 with 2 component(s) below 70. The weakest area is marketing; the current inventory action is no action.,"Review campaign ROI and engagement by campaign type, and reallocate spend to the strongest conversion sources."
OUT0070,Franchise Outlet 0070,72.63,Meets Expectations,Medium,Overstaffed,64.94,Moderate,Low,1.81,10.0,1,1414,High,URGENT_REORDER,Critical,51.15,2,Inventory,High,Operational health is 51.1/100 with 2 component(s) below 70. The weakest area is inventory; the current inventory action is urgent reorder.,"Complete the inventory action and plan 1,414 replenishment units before the next demand cycle."
OUT0071,Franchise Outlet 0071,70.63,Meets Expectations,Low,Balanced,56.02,Moderate,Low,2.16,35.0,0,825,Medium,REORDER,Low,54.83,2,Inventory,High,Operational health is 54.8/100 with 2 component(s) below 70. The weakest area is inventory; the current inventory action is reorder.,Complete the inventory action and plan 825 replenishment units before the next demand cycle.
OUT0072,Franchise Outlet 0072,70.33,Meets Expectations,Medium,Overstaffed,58.17,Moderate,Medium,1.58,100.0,0,1232,Low,NO_ACTION,Healthy,74.97,1,Marketing,Medium,Operational health is 75.0/100 with 1 component(s) below 70. The weakest area is marketing; the current inventory action is no action.,"Review campaign ROI and engagement by campaign type, and reallocate spend to the strongest conversion sources."
OUT0073,Franchise Outlet 0073,61.31,Needs Improvement,High,Overstaffed,44.49,Moderate,High,1.02,35.0,0,318,Medium,REORDER,Low,47.53,3,Inventory,High,Operational health is 47.5/100 with 3 component(s) below 70. The weakest area is inventory; the current inventory action is reorder.,Complete the inventory action and plan 318 replenishment units before the next demand cycle.
OUT0074,Franchise Outlet 0074,92.47,Top Performer,Medium,Understaffed,78.22,High Performing,Low,2.03,35.0,0,2489,Medium,REORDER,Low,70.24,1,Inventory,Medium,Operational health is 70.2/100 with 1 component(s) below 70. The weakest area is inventory; the current inventory action is reorder.,"Complete the inventory action and plan 2,489 replenishment units before the next demand cycle."
OUT0075,Franchise Outlet 0075,75.39,Meets Expectations,Medium,Understaffed,55.22,Moderate,Low,1.52,100.0,0,482,Low,NO_ACTION,Healthy,75.71,1,Marketing,Medium,Operational health is 75.7/100 with 1 component(s) below 70. The weakest area is marketing; the current inventory action is no action.,"Review campaign ROI and engagement by campaign type, and reallocate spend to the strongest conversion sources."
OUT0076,Franchise Outlet 0076,69.95,Meets Expectations,Medium,Overstaffed,51.62,Moderate,Medium,2.08,100.0,0,809,Medium,MONITOR_WASTAGE,Healthy,72.55,2,Marketing,Medium,Operational health is 72.5/100 with 2 component(s) below 70. The weakest area is marketing; the current inventory action is monitor wastage.,"Review campaign ROI and engagement by campaign type, and reallocate spend to the strongest conversion sources."
OUT0077,Franchise Outlet 0077,93.97,Top Performer,Medium,Understaffed,64.0,Moderate,Low,2.02,35.0,0,1374,Medium,REORDER,Low,65.79,2,Inventory,Medium,Operational health is 65.8/100 with 2 component(s) below 70. The weakest area is inventory; the current inventory action is reorder.,"Complete the inventory action and plan 1,374 replenishment units before the next demand cycle."
OUT0078,Franchise Outlet 0078,67.95,Meets Expectations,Low,Balanced,53.08,Moderate,Medium,1.44,35.0,0,1108,Medium,REORDER,Low,52.86,3,Inventory,High,Operational health is 52.9/100 with 3 component(s) below 70. The weakest area is inventory; the current inventory action is reorder.,"Complete the inventory action and plan 1,108 replenishment units before the next demand cycle."
OUT0079,Franchise Outlet 0079,93.05,Top Performer,Medium,Understaffed,77.15,High Performing,Low,2.75,35.0,0,3357,Medium,REORDER,Low,70.07,1,Inventory,Medium,Operational health is 70.1/100 with 1 component(s) below 70. The weakest area is inventory; the current inventory action is reorder.,"Complete the inventory action and plan 3,357 replenishment units before the next demand cycle."
OUT0080,Franchise Outlet 0080,70.8,Meets Expectations,Low,Balanced,56.88,Moderate,Medium,1.99,100.0,0,382,Low,NO_ACTION,Healthy,74.69,1,Marketing,Medium,Operational health is 74.7/100 with 1 component(s) below 70. The weakest area is marketing; the current inventory action is no action.,"Review campaign ROI and engagement by campaign type, and reallocate spend to the strongest conversion sources."
OUT0081,Franchise Outlet 0081,78.63,Meets Expectations,Medium,Understaffed,58.16,Moderate,Medium,1.43,100.0,0,273,Medium,MONITOR_WASTAGE,Healthy,77.88,1,Marketing,Medium,Operational health is 77.9/100 with 1 component(s) below 70. The weakest area is marketing; the current inventory action is monitor wastage.,"Review campaign ROI and engagement by campaign type, and reallocate spend to the strongest conversion sources."
OUT0082,Franchise Outlet 0082,93.51,Top Performer,Medium,Understaffed,64.53,Moderate,Low,2.67,35.0,0,2450,Medium,REORDER,Low,65.81,2,Inventory,Medium,Operational health is 65.8/100 with 2 component(s) below 70. The weakest area is inventory; the current inventory action is reorder.,"Complete the inventory action and plan 2,450 replenishment units before the next demand cycle."
OUT0083,Franchise Outlet 0083,84.35,Meets Expectations,Medium,Understaffed,68.26,Moderate,Low,2.23,100.0,0,1354,Medium,MONITOR_WASTAGE,Healthy,83.41,1,Marketing,Medium,Operational health is 83.4/100 with 1 component(s) below 70. The weakest area is marketing; the current inventory action is monitor wastage.,"Review campaign ROI and engagement by campaign type, and reallocate spend to the strongest conversion sources."
OUT0084,Franchise Outlet 0084,61.99,Needs Improvement,High,Overstaffed,53.61,Moderate,Low,1.57,35.0,0,481,Medium,REORDER,Low,50.96,3,Inventory,High,Operational health is 51.0/100 with 3 component(s) below 70. The weakest area is inventory; the current inventory action is reorder.,Complete the inventory action and plan 481 replenishment units before the next demand cycle.
OUT0085,Franchise Outlet 0085,88.1,Meets Expectations,Medium,Understaffed,63.67,Moderate,Low,2.36,35.0,0,1610,Medium,REORDER,Low,63.62,2,Inventory,Medium,Operational health is 63.6/100 with 2 component(s) below 70. The weakest area is inventory; the current inventory action is reorder.,"Complete the inventory action and plan 1,610 replenishment units before the next demand cycle."
OUT0086,Franchise Outlet 0086,94.62,Top Performer,Medium,Understaffed,82.05,High Performing,Low,2.77,35.0,0,3405,Medium,REORDER,Low,72.33,1,Inventory,Medium,Operational health is 72.3/100 with 1 component(s) below 70. The weakest area is inventory; the current inventory action is reorder.,"Complete the inventory action and plan 3,405 replenishment units before the next demand cycle."
OUT0087,Franchise Outlet 0087,85.88,Meets Expectations,Medium,Understaffed,63.66,Moderate,Low,2.16,10.0,1,2247,High,URGENT_REORDER,Critical,55.34,2,Inventory,High,Operational health is 55.3/100 with 2 component(s) below 70. The weakest area is inventory; the current inventory action is urgent reorder.,"Complete the inventory action and plan 2,247 replenishment units before the next demand cycle."
OUT0088,Franchise Outlet 0088,75.09,Meets Expectations,Medium,Understaffed,54.5,Moderate,Medium,2.3,35.0,0,1134,Medium,REORDER,Low,55.86,2,Inventory,High,Operational health is 55.9/100 with 2 component(s) below 70. The weakest area is inventory; the current inventory action is reorder.,"Complete the inventory action and plan 1,134 replenishment units before the next demand cycle."
OUT0089,Franchise Outlet 0089,65.99,Needs Improvement,High,Overstaffed,52.83,Moderate,Medium,1.33,100.0,0,253,Low,NO_ACTION,Healthy,71.59,2,Marketing,Medium,Operational health is 71.6/100 with 2 component(s) below 70. The weakest area is marketing; the current inventory action is no action.,"Review campaign ROI and engagement by campaign type, and reallocate spend to the strongest conversion sources."
OUT0090,Franchise Outlet 0090,64.69,Needs Improvement,High,Overstaffed,59.59,Moderate,Low,1.26,100.0,0,486,Low,NO_ACTION,Healthy,73.5,2,Marketing,Medium,Operational health is 73.5/100 with 2 component(s) below 70. The weakest area is marketing; the current inventory action is no action.,"Review campaign ROI and engagement by campaign type, and reallocate spend to the strongest conversion sources."
OUT0091,Franchise Outlet 0091,93.71,Top Performer,Medium,Understaffed,79.59,High Performing,Low,2.67,100.0,0,2701,Medium,MONITOR_WASTAGE,Healthy,90.66,0,Marketing,Medium,Operational health is 90.7/100 with 0 component(s) below 70. The weakest area is marketing; the current inventory action is monitor wastage.,"Review campaign ROI and engagement by campaign type, and reallocate spend to the strongest conversion sources."
OUT0092,Franchise Outlet 0092,58.33,Needs Improvement,High,Overstaffed,44.06,Moderate,High,1.02,100.0,0,380,Low,NO_ACTION,Healthy,65.84,2,Marketing,Medium,Operational health is 65.8/100 with 2 component(s) below 70. The weakest area is marketing; the current inventory action is no action.,"Review campaign ROI and engagement by campaign type, and reallocate spend to the strongest conversion sources."
OUT0093,Franchise Outlet 0093,61.64,Needs Improvement,High,Overstaffed,53.52,Moderate,Low,1.51,100.0,0,226,Medium,MONITOR_WASTAGE,Healthy,70.31,2,Marketing,Medium,Operational health is 70.3/100 with 2 component(s) below 70. The weakest area is marketing; the current inventory action is monitor wastage.,"Review campaign ROI and engagement by campaign type, and reallocate spend to the strongest conversion sources."
OUT0094,Franchise Outlet 0094,55.27,Needs Improvement,High,Overstaffed,50.28,Moderate,Medium,1.14,100.0,0,306,Low,NO_ACTION,Healthy,66.94,2,Marketing,Medium,Operational health is 66.9/100 with 2 component(s) below 70. The weakest area is marketing; the current inventory action is no action.,"Review campaign ROI and engagement by campaign type, and reallocate spend to the strongest conversion sources."
OUT0095,Franchise Outlet 0095,72.27,Meets Expectations,Low,Balanced,55.89,Moderate,Low,1.49,35.0,0,588,Medium,REORDER,Low,55.36,2,Inventory,Medium,Operational health is 55.4/100 with 2 component(s) below 70. The weakest area is inventory; the current inventory action is reorder.,Complete the inventory action and plan 588 replenishment units before the next demand cycle.
OUT0096,Franchise Outlet 0096,95.14,Top Performer,Medium,Understaffed,87.95,High Performing,Low,2.43,35.0,0,3761,Medium,REORDER,Low,74.58,1,Inventory,Medium,Operational health is 74.6/100 with 1 component(s) below 70. The weakest area is inventory; the current inventory action is reorder.,"Complete the inventory action and plan 3,761 replenishment units before the next demand cycle."
OUT0097,Franchise Outlet 0097,77.89,Meets Expectations,Medium,Understaffed,53.4,Moderate,Medium,2.23,35.0,0,1706,Medium,REORDER,Low,56.45,2,Inventory,High,Operational health is 56.5/100 with 2 component(s) below 70. The weakest area is inventory; the current inventory action is reorder.,"Complete the inventory action and plan 1,706 replenishment units before the next demand cycle."
OUT0098,Franchise Outlet 0098,61.1,Needs Improvement,High,Overstaffed,48.84,Moderate,Medium,1.86,100.0,0,563,Medium,MONITOR_WASTAGE,Healthy,68.48,2,Marketing,Medium,Operational health is 68.5/100 with 2 component(s) below 70. The weakest area is marketing; the current inventory action is monitor wastage.,"Review campaign ROI and engagement by campaign type, and reallocate spend to the strongest conversion sources."
OUT0099,Franchise Outlet 0099,92.96,Top Performer,Medium,Understaffed,73.24,Moderate,Low,1.88,35.0,0,2446,Medium,REORDER,Low,68.67,1,Inventory,Medium,Operational health is 68.7/100 with 1 component(s) below 70. The weakest area is inventory; the current inventory action is reorder.,"Complete the inventory action and plan 2,446 replenishment units before the next demand cycle."
OUT0100,Franchise Outlet 0100,91.99,Top Performer,Medium,Understaffed,63.0,Moderate,Low,2.43,35.0,0,2790,Medium,REORDER,Low,64.75,2,Inventory,Medium,Operational health is 64.8/100 with 2 component(s) below 70. The weakest area is inventory; the current inventory action is reorder.,"Complete the inventory action and plan 2,790 replenishment units before the next demand cycle."
OUT0101,Franchise Outlet 0101,75.26,Meets Expectations,Low,Balanced,65.25,Moderate,Low,1.31,35.0,0,1006,Medium,REORDER,Low,59.68,2,Inventory,Medium,Operational health is 59.7/100 with 2 component(s) below 70. The weakest area is inventory; the current inventory action is reorder.,"Complete the inventory action and plan 1,006 replenishment units before the next demand cycle."
OUT0102,Franchise Outlet 0102,84.05,Meets Expectations,Medium,Understaffed,59.85,Moderate,Low,2.21,100.0,0,1337,Low,NO_ACTION,Healthy,80.36,1,Marketing,Medium,Operational health is 80.4/100 with 1 component(s) below 70. The weakest area is marketing; the current inventory action is no action.,"Review campaign ROI and engagement by campaign type, and reallocate spend to the strongest conversion sources."
OUT0103,Franchise Outlet 0103,96.0,Top Performer,Medium,Understaffed,63.49,Moderate,Low,2.18,100.0,0,1657,Medium,MONITOR_WASTAGE,Healthy,85.82,1,Marketing,Medium,Operational health is 85.8/100 with 1 component(s) below 70. The weakest area is marketing; the current inventory action is monitor wastage.,"Review campaign ROI and engagement by campaign type, and reallocate spend to the strongest conversion sources."
OUT0104,Franchise Outlet 0104,79.45,Meets Expectations,Medium,Understaffed,59.6,Moderate,Low,2.56,100.0,0,1638,Low,NO_ACTION,Healthy,78.67,1,Marketing,Medium,Operational health is 78.7/100 with 1 component(s) below 70. The weakest area is marketing; the current inventory action is no action.,"Review campaign ROI and engagement by campaign type, and reallocate spend to the strongest conversion sources."
OUT0105,Franchise Outlet 0105,78.7,Meets Expectations,Medium,Understaffed,63.92,Moderate,Low,2.09,100.0,0,348,Low,NO_ACTION,Healthy,79.92,1,Marketing,Medium,Operational health is 79.9/100 with 1 component(s) below 70. The weakest area is marketing; the current inventory action is no action.,"Review campaign ROI and engagement by campaign type, and reallocate spend to the strongest conversion sources."
OUT0106,Franchise Outlet 0106,92.97,Top Performer,Medium,Understaffed,66.98,Moderate,Low,2.16,35.0,0,1776,Medium,REORDER,Low,66.48,2,Inventory,Medium,Operational health is 66.5/100 with 2 component(s) below 70. The weakest area is inventory; the current inventory action is reorder.,"Complete the inventory action and plan 1,776 replenishment units before the next demand cycle."
OUT0107,Franchise Outlet 0107,77.25,Meets Expectations,Medium,Understaffed,53.83,Moderate,Low,1.99,100.0,0,517,Low,NO_ACTION,Healthy,75.88,1,Marketing,Medium,Operational health is 75.9/100 with 1 component(s) below 70. The weakest area is marketing; the current inventory action is no action.,"Review campaign ROI and engagement by campaign type, and reallocate spend to the strongest conversion sources."
OUT0108,Franchise Outlet 0108,92.64,Top Performer,Medium,Understaffed,60.81,Moderate,Medium,2.33,100.0,0,1572,Medium,MONITOR_WASTAGE,Healthy,83.71,1,Marketing,Medium,Operational health is 83.7/100 with 1 component(s) below 70. The weakest area is marketing; the current inventory action is monitor wastage.,"Review campaign ROI and engagement by campaign type, and reallocate spend to the strongest conversion sources."
OUT0109,Franchise Outlet 0109,92.4,Top Performer,Medium,Understaffed,63.17,Moderate,Low,2.51,100.0,0,1817,Low,NO_ACTION,Healthy,84.45,1,Marketing,Medium,Operational health is 84.5/100 with 1 component(s) below 70. The weakest area is marketing; the current inventory action is no action.,"Review campaign ROI and engagement by campaign type, and reallocate spend to the strongest conversion sources."
OUT0110,Franchise Outlet 0110,91.63,Top Performer,Medium,Understaffed,59.05,Moderate,Medium,1.42,35.0,0,1632,Medium,REORDER,Low,63.24,2,Inventory,Medium,Operational health is 63.2/100 with 2 component(s) below 70. The weakest area is inventory; the current inventory action is reorder.,"Complete the inventory action and plan 1,632 replenishment units before the next demand cycle."
OUT0111,Franchise Outlet 0111,94.02,Top Performer,Medium,Understaffed,61.72,Moderate,Low,2.36,100.0,0,1775,Medium,MONITOR_WASTAGE,Healthy,84.51,1,Marketing,Medium,Operational health is 84.5/100 with 1 component(s) below 70. The weakest area is marketing; the current inventory action is monitor wastage.,"Review campaign ROI and engagement by campaign type, and reallocate spend to the strongest conversion sources."
OUT0112,Franchise Outlet 0112,76.6,Meets Expectations,Low,Balanced,58.99,Moderate,Medium,2.09,100.0,0,429,Low,NO_ACTION,Healthy,77.46,1,Marketing,Medium,Operational health is 77.5/100 with 1 component(s) below 70. The weakest area is marketing; the current inventory action is no action.,"Review campaign ROI and engagement by campaign type, and reallocate spend to the strongest conversion sources."
OUT0113,Franchise Outlet 0113,59.54,Needs Improvement,High,Overstaffed,54.87,Moderate,Low,0.96,35.0,0,529,Medium,REORDER,Low,50.54,3,Inventory,High,Operational health is 50.5/100 with 3 component(s) below 70. The weakest area is inventory; the current inventory action is reorder.,Complete the inventory action and plan 529 replenishment units before the next demand cycle.
OUT0114,Franchise Outlet 0114,60.82,Needs Improvement,High,Overstaffed,56.22,Moderate,Low,1.25,100.0,0,384,Low,NO_ACTION,Healthy,70.96,2,Marketing,Medium,Operational health is 71.0/100 with 2 component(s) below 70. The weakest area is marketing; the current inventory action is no action.,"Review campaign ROI and engagement by campaign type, and reallocate spend to the strongest conversion sources."
OUT0115,Franchise Outlet 0115,90.12,Meets Expectations,Medium,Understaffed,47.89,Moderate,Medium,1.38,35.0,0,729,Medium,REORDER,Low,58.8,2,Inventory,High,Operational health is 58.8/100 with 2 component(s) below 70. The weakest area is inventory; the current inventory action is reorder.,Complete the inventory action and plan 729 replenishment units before the next demand cycle.
OUT0116,Franchise Outlet 0116,91.55,Top Performer,Medium,Understaffed,66.14,Moderate,Low,3.06,100.0,0,2044,Medium,MONITOR_WASTAGE,Healthy,85.19,1,Marketing,Medium,Operational health is 85.2/100 with 1 component(s) below 70. The weakest area is marketing; the current inventory action is monitor wastage.,"Review campaign ROI and engagement by campaign type, and reallocate spend to the strongest conversion sources."
OUT0117,Franchise Outlet 0117,70.67,Meets Expectations,Low,Balanced,56.02,Moderate,Low,1.44,10.0,1,1236,High,URGENT_REORDER,Critical,47.34,2,Inventory,High,Operational health is 47.3/100 with 2 component(s) below 70. The weakest area is inventory; the current inventory action is urgent reorder.,"Complete the inventory action and plan 1,236 replenishment units before the next demand cycle."
OUT0118,Franchise Outlet 0118,92.95,Top Performer,Medium,Understaffed,72.78,Moderate,Low,2.91,100.0,0,2110,Medium,MONITOR_WASTAGE,Healthy,88.01,0,Marketing,Medium,Operational health is 88.0/100 with 0 component(s) below 70. The weakest area is marketing; the current inventory action is monitor wastage.,"Review campaign ROI and engagement by campaign type, and reallocate spend to the strongest conversion sources."
OUT0119,Franchise Outlet 0119,82.77,Meets Expectations,Medium,Understaffed,65.11,Moderate,Low,2.55,100.0,0,1379,Low,NO_ACTION,Healthy,81.76,1,Marketing,Medium,Operational health is 81.8/100 with 1 component(s) below 70. The weakest area is marketing; the current inventory action is no action.,"Review campaign ROI and engagement by campaign type, and reallocate spend to the strongest conversion sources."
OUT0120,Franchise Outlet 0120,59.19,Needs Improvement,High,Overstaffed,52.12,Moderate,Medium,1.11,100.0,0,423,Low,NO_ACTION,Healthy,68.96,2,Marketing,Medium,Operational health is 69.0/100 with 2 component(s) below 70. The weakest area is marketing; the current inventory action is no action.,"Review campaign ROI and engagement by campaign type, and reallocate spend to the strongest conversion sources."
OUT0121,Franchise Outlet 0121,57.93,Needs Improvement,High,Overstaffed,45.01,Moderate,High,1.24,100.0,0,156,Medium,MONITOR_WASTAGE,Healthy,66.03,2,Marketing,Medium,Operational health is 66.0/100 with 2 component(s) below 70. The weakest area is marketing; the current inventory action is monitor wastage.,"Review campaign ROI and engagement by campaign type, and reallocate spend to the strongest conversion sources."
OUT0122,Franchise Outlet 0122,67.52,Meets Expectations,Medium,Overstaffed,59.97,Moderate,Low,1.78,100.0,0,440,Low,NO_ACTION,Healthy,74.62,2,Marketing,Medium,Operational health is 74.6/100 with 2 component(s) below 70. The weakest area is marketing; the current inventory action is no action.,"Review campaign ROI and engagement by campaign type, and reallocate spend to the strongest conversion sources."
OUT0123,Franchise Outlet 0123,67.14,Meets Expectations,Medium,Overstaffed,56.4,Moderate,Medium,1.78,35.0,0,1070,Medium,REORDER,Low,53.74,3,Inventory,High,Operational health is 53.7/100 with 3 component(s) below 70. The weakest area is inventory; the current inventory action is reorder.,"Complete the inventory action and plan 1,070 replenishment units before the next demand cycle."
OUT0124,Franchise Outlet 0124,59.03,Needs Improvement,High,Overstaffed,46.51,Moderate,Medium,1.18,100.0,0,302,Low,NO_ACTION,Healthy,66.94,2,Marketing,Medium,Operational health is 66.9/100 with 2 component(s) below 70. The weakest area is marketing; the current inventory action is no action.,"Review campaign ROI and engagement by campaign type, and reallocate spend to the strongest conversion sources."
OUT0125,Franchise Outlet 0125,60.34,Needs Improvement,High,Overstaffed,47.37,Moderate,Medium,1.18,35.0,0,551,Medium,REORDER,Low,48.2,3,Inventory,High,Operational health is 48.2/100 with 3 component(s) below 70. The weakest area is inventory; the current inventory action is reorder.,Complete the inventory action and plan 551 replenishment units before the next demand cycle.
OUT0126,Franchise Outlet 0126,89.67,Meets Expectations,Medium,Understaffed,56.31,Moderate,Medium,2.09,35.0,0,1397,Medium,REORDER,Low,61.59,2,Inventory,Medium,Operational health is 61.6/100 with 2 component(s) below 70. The weakest area is inventory; the current inventory action is reorder.,"Complete the inventory action and plan 1,397 replenishment units before the next demand cycle."
OUT0127,Franchise Outlet 0127,91.89,Top Performer,Medium,Understaffed,60.02,Moderate,Low,2.42,35.0,0,2366,Medium,REORDER,Low,63.67,2,Inventory,Medium,Operational health is 63.7/100 with 2 component(s) below 70. The weakest area is inventory; the current inventory action is reorder.,"Complete the inventory action and plan 2,366 replenishment units before the next demand cycle."
OUT0128,Franchise Outlet 0128,67.38,Meets Expectations,Low,Balanced,51.91,Moderate,Medium,1.57,100.0,0,201,Medium,MONITOR_WASTAGE,Healthy,71.75,2,Marketing,Medium,Operational health is 71.8/100 with 2 component(s) below 70. The weakest area is marketing; the current inventory action is monitor wastage.,"Review campaign ROI and engagement by campaign type, and reallocate spend to the strongest conversion sources."
OUT0129,Franchise Outlet 0129,94.14,Top Performer,Medium,Understaffed,82.46,High Performing,Low,2.91,35.0,0,3848,Medium,REORDER,Low,72.31,1,Inventory,Medium,Operational health is 72.3/100 with 1 component(s) below 70. The weakest area is inventory; the current inventory action is reorder.,"Complete the inventory action and plan 3,848 replenishment units before the next demand cycle."
OUT0130,Franchise Outlet 0130,67.58,Meets Expectations,Medium,Overstaffed,63.29,Moderate,Low,1.26,35.0,0,853,Medium,REORDER,Low,56.3,3,Inventory,Medium,Operational health is 56.3/100 with 3 component(s) below 70. The weakest area is inventory; the current inventory action is reorder.,Complete the inventory action and plan 853 replenishment units before the next demand cycle.
OUT0131,Franchise Outlet 0131,61.24,Needs Improvement,High,Overstaffed,50.01,Moderate,Medium,1.39,35.0,0,617,Medium,REORDER,Low,49.44,3,Inventory,High,Operational health is 49.4/100 with 3 component(s) below 70. The weakest area is inventory; the current inventory action is reorder.,Complete the inventory action and plan 617 replenishment units before the next demand cycle.
OUT0132,Franchise Outlet 0132,72.8,Meets Expectations,Low,Balanced,57.31,Moderate,Low,1.52,35.0,0,1101,Medium,REORDER,Low,56.04,2,Inventory,Medium,Operational health is 56.0/100 with 2 component(s) below 70. The weakest area is inventory; the current inventory action is reorder.,"Complete the inventory action and plan 1,101 replenishment units before the next demand cycle."
OUT0133,Franchise Outlet 0133,67.3,Meets Expectations,Medium,Overstaffed,52.04,Moderate,Medium,1.71,100.0,0,361,Medium,MONITOR_WASTAGE,Healthy,71.77,2,Marketing,Medium,Operational health is 71.8/100 with 2 component(s) below 70. The weakest area is marketing; the current inventory action is monitor wastage.,"Review campaign ROI and engagement by campaign type, and reallocate spend to the strongest conversion sources."
OUT0134,Franchise Outlet 0134,70.4,Meets Expectations,Medium,Overstaffed,67.52,Moderate,Low,2.07,100.0,0,640,Low,NO_ACTION,Healthy,78.27,1,Marketing,Medium,Operational health is 78.3/100 with 1 component(s) below 70. The weakest area is marketing; the current inventory action is no action.,"Review campaign ROI and engagement by campaign type, and reallocate spend to the strongest conversion sources."
OUT0135,Franchise Outlet 0135,60.15,Needs Improvement,High,Overstaffed,52.91,Moderate,Low,1.4,35.0,0,415,Medium,REORDER,Low,50.07,3,Inventory,High,Operational health is 50.1/100 with 3 component(s) below 70. The weakest area is inventory; the current inventory action is reorder.,Complete the inventory action and plan 415 replenishment units before the next demand cycle.
OUT0136,Franchise Outlet 0136,67.05,Meets Expectations,Medium,Overstaffed,49.74,Moderate,Medium,1.03,100.0,0,414,Medium,MONITOR_WASTAGE,Healthy,70.88,2,Marketing,Medium,Operational health is 70.9/100 with 2 component(s) below 70. The weakest area is marketing; the current inventory action is monitor wastage.,"Review campaign ROI and engagement by campaign type, and reallocate spend to the strongest conversion sources."
OUT0137,Franchise Outlet 0137,92.62,Top Performer,Medium,Understaffed,71.33,Moderate,Low,2.81,35.0,0,2365,Medium,REORDER,Low,67.88,1,Inventory,Medium,Operational health is 67.9/100 with 1 component(s) below 70. The weakest area is inventory; the current inventory action is reorder.,"Complete the inventory action and plan 2,365 replenishment units before the next demand cycle."
OUT0138,Franchise Outlet 0138,77.51,Meets Expectations,Medium,Understaffed,57.49,Moderate,Low,1.88,35.0,0,1750,Medium,REORDER,Low,57.75,2,Inventory,Medium,Operational health is 57.8/100 with 2 component(s) below 70. The weakest area is inventory; the current inventory action is reorder.,"Complete the inventory action and plan 1,750 replenishment units before the next demand cycle."
OUT0139,Franchise Outlet 0139,78.24,Meets Expectations,Medium,Understaffed,52.28,Moderate,Medium,2.43,100.0,0,1053,Low,NO_ACTION,Healthy,75.68,1,Marketing,Medium,Operational health is 75.7/100 with 1 component(s) below 70. The weakest area is marketing; the current inventory action is no action.,"Review campaign ROI and engagement by campaign type, and reallocate spend to the strongest conversion sources."
OUT0140,Franchise Outlet 0140,92.94,Top Performer,Medium,Understaffed,70.66,Moderate,Low,2.43,35.0,0,2431,Medium,REORDER,Low,67.76,1,Inventory,Medium,Operational health is 67.8/100 with 1 component(s) below 70. The weakest area is inventory; the current inventory action is reorder.,"Complete the inventory action and plan 2,431 replenishment units before the next demand cycle."
OUT0141,Franchise Outlet 0141,78.57,Meets Expectations,Medium,Understaffed,56.94,Moderate,Low,1.7,35.0,0,1043,Medium,REORDER,Low,57.93,2,Inventory,Medium,Operational health is 57.9/100 with 2 component(s) below 70. The weakest area is inventory; the current inventory action is reorder.,"Complete the inventory action and plan 1,043 replenishment units before the next demand cycle."
OUT0142,Franchise Outlet 0142,79.59,Meets Expectations,Medium,Understaffed,60.23,Moderate,Low,1.19,100.0,0,401,Low,NO_ACTION,Healthy,78.94,1,Marketing,Medium,Operational health is 78.9/100 with 1 component(s) below 70. The weakest area is marketing; the current inventory action is no action.,"Review campaign ROI and engagement by campaign type, and reallocate spend to the strongest conversion sources."
OUT0143,Franchise Outlet 0143,64.02,Needs Improvement,High,Overstaffed,53.85,Moderate,Low,1.47,35.0,0,684,Medium,REORDER,Low,51.75,3,Inventory,High,Operational health is 51.8/100 with 3 component(s) below 70. The weakest area is inventory; the current inventory action is reorder.,Complete the inventory action and plan 684 replenishment units before the next demand cycle.
OUT0144,Franchise Outlet 0144,90.77,Meets Expectations,Medium,Understaffed,59.88,Moderate,Low,1.35,100.0,0,660,Low,NO_ACTION,Healthy,82.73,1,Marketing,Medium,Operational health is 82.7/100 with 1 component(s) below 70. The weakest area is marketing; the current inventory action is no action.,"Review campaign ROI and engagement by campaign type, and reallocate spend to the strongest conversion sources."
OUT0145,Franchise Outlet 0145,62.41,Needs Improvement,High,Overstaffed,44.62,Moderate,High,1.25,35.0,0,570,Medium,REORDER,Low,47.96,3,Inventory,High,Operational health is 48.0/100 with 3 component(s) below 70. The weakest area is inventory; the current inventory action is reorder.,Complete the inventory action and plan 570 replenishment units before the next demand cycle.
OUT0146,Franchise Outlet 0146,77.62,Meets Expectations,Low,Balanced,65.71,Moderate,Low,1.54,10.0,1,2420,High,URGENT_REORDER,Critical,53.17,2,Inventory,High,Operational health is 53.2/100 with 2 component(s) below 70. The weakest area is inventory; the current inventory action is urgent reorder.,"Complete the inventory action and plan 2,420 replenishment units before the next demand cycle."
OUT0147,Franchise Outlet 0147,88.48,Meets Expectations,Medium,Understaffed,54.67,Moderate,Low,1.78,35.0,0,1107,Medium,REORDER,Low,60.6,2,Inventory,High,Operational health is 60.6/100 with 2 component(s) below 70. The weakest area is inventory; the current inventory action is reorder.,"Complete the inventory action and plan 1,107 replenishment units before the next demand cycle."
OUT0148,Franchise Outlet 0148,61.97,Needs Improvement,High,Overstaffed,50.14,Moderate,Medium,1.22,100.0,0,488,Medium,MONITOR_WASTAGE,Healthy,69.24,2,Marketing,Medium,Operational health is 69.2/100 with 2 component(s) below 70. The weakest area is marketing; the current inventory action is monitor wastage.,"Review campaign ROI and engagement by campaign type, and reallocate spend to the strongest conversion sources."
OUT0149,Franchise Outlet 0149,88.7,Meets Expectations,Medium,Understaffed,67.98,Moderate,Low,2.4,35.0,0,1805,Medium,REORDER,Low,65.34,2,Inventory,Medium,Operational health is 65.3/100 with 2 component(s) below 70. The weakest area is inventory; the current inventory action is reorder.,"Complete the inventory action and plan 1,805 replenishment units before the next demand cycle."
OUT0150,Franchise Outlet 0150,60.04,Needs Improvement,High,Overstaffed,48.77,Moderate,Medium,1.32,100.0,0,483,Low,NO_ACTION,Healthy,68.08,2,Marketing,Medium,Operational health is 68.1/100 with 2 component(s) below 70. The weakest area is marketing; the current inventory action is no action.,"Review campaign ROI and engagement by campaign type, and reallocate spend to the strongest conversion sources."
OUT0151,Franchise Outlet 0151,69.31,Meets Expectations,Medium,Overstaffed,63.23,Moderate,Low,2.23,100.0,0,509,Medium,MONITOR_WASTAGE,Healthy,76.39,2,Marketing,Medium,Operational health is 76.4/100 with 2 component(s) below 70. The weakest area is marketing; the current inventory action is monitor wastage.,"Review campaign ROI and engagement by campaign type, and reallocate spend to the strongest conversion sources."
OUT0152,Franchise Outlet 0152,75.99,Meets Expectations,Low,Balanced,57.11,Moderate,Low,1.33,100.0,0,985,Low,NO_ACTION,Healthy,76.58,1,Marketing,Medium,Operational health is 76.6/100 with 1 component(s) below 70. The weakest area is marketing; the current inventory action is no action.,"Review campaign ROI and engagement by campaign type, and reallocate spend to the strongest conversion sources."
OUT0153,Franchise Outlet 0153,78.3,Meets Expectations,Low,Balanced,62.87,Moderate,Medium,2.23,100.0,0,530,Medium,MONITOR_WASTAGE,Healthy,79.41,1,Marketing,Medium,Operational health is 79.4/100 with 1 component(s) below 70. The weakest area is marketing; the current inventory action is monitor wastage.,"Review campaign ROI and engagement by campaign type, and reallocate spend to the strongest conversion sources."
OUT0154,Franchise Outlet 0154,60.02,Needs Improvement,High,Overstaffed,54.71,Moderate,Low,1.86,35.0,0,717,Medium,REORDER,Low,50.66,3,Inventory,High,Operational health is 50.7/100 with 3 component(s) below 70. The weakest area is inventory; the current inventory action is reorder.,Complete the inventory action and plan 717 replenishment units before the next demand cycle.
OUT0155,Franchise Outlet 0155,91.53,Top Performer,Medium,Understaffed,63.44,Moderate,Low,2.08,100.0,0,1218,Low,NO_ACTION,Healthy,84.24,1,Marketing,Medium,Operational health is 84.2/100 with 1 component(s) below 70. The weakest area is marketing; the current inventory action is no action.,"Review campaign ROI and engagement by campaign type, and reallocate spend to the strongest conversion sources."
OUT0156,Franchise Outlet 0156,74.38,Meets Expectations,Low,Balanced,55.15,Moderate,Medium,1.74,35.0,0,1239,Medium,REORDER,Low,55.84,2,Inventory,Medium,Operational health is 55.8/100 with 2 component(s) below 70. The weakest area is inventory; the current inventory action is reorder.,"Complete the inventory action and plan 1,239 replenishment units before the next demand cycle."
OUT0157,Franchise Outlet 0157,94.86,Top Performer,Medium,Understaffed,71.88,Moderate,Low,1.89,35.0,0,1784,Medium,REORDER,Low,68.86,1,Inventory,Medium,Operational health is 68.9/100 with 1 component(s) below 70. The weakest area is inventory; the current inventory action is reorder.,"Complete the inventory action and plan 1,784 replenishment units before the next demand cycle."
OUT0158,Franchise Outlet 0158,94.28,Top Performer,Medium,Understaffed,73.99,Moderate,Low,2.98,100.0,0,1803,Medium,MONITOR_WASTAGE,Healthy,88.89,0,Marketing,Medium,Operational health is 88.9/100 with 0 component(s) below 70. The weakest area is marketing; the current inventory action is monitor wastage.,"Review campaign ROI and engagement by campaign type, and reallocate spend to the strongest conversion sources."
OUT0159,Franchise Outlet 0159,72.84,Meets Expectations,Low,Balanced,53.05,Moderate,Medium,1.62,35.0,0,1122,Medium,REORDER,Low,54.56,2,Inventory,High,Operational health is 54.6/100 with 2 component(s) below 70. The weakest area is inventory; the current inventory action is reorder.,"Complete the inventory action and plan 1,122 replenishment units before the next demand cycle."
OUT0160,Franchise Outlet 0160,67.47,Meets Expectations,Medium,Overstaffed,58.37,Moderate,Low,2.34,35.0,0,1195,Medium,REORDER,Low,54.54,3,Inventory,High,Operational health is 54.5/100 with 3 component(s) below 70. The weakest area is inventory; the current inventory action is reorder.,"Complete the inventory action and plan 1,195 replenishment units before the next demand cycle."
OUT0161,Franchise Outlet 0161,63.01,Needs Improvement,High,Overstaffed,50.01,Moderate,High,1.65,35.0,0,669,Medium,REORDER,Low,50.06,3,Inventory,High,Operational health is 50.1/100 with 3 component(s) below 70. The weakest area is inventory; the current inventory action is reorder.,Complete the inventory action and plan 669 replenishment units before the next demand cycle.
OUT0162,Franchise Outlet 0162,58.83,Needs Improvement,High,Overstaffed,46.05,Moderate,High,1.0,100.0,0,200,Low,NO_ACTION,Healthy,66.71,2,Marketing,Medium,Operational health is 66.7/100 with 2 component(s) below 70. The weakest area is marketing; the current inventory action is no action.,"Review campaign ROI and engagement by campaign type, and reallocate spend to the strongest conversion sources."
OUT0163,Franchise Outlet 0163,75.61,Meets Expectations,Low,Balanced,55.66,Moderate,Medium,1.54,100.0,0,634,Medium,MONITOR_WASTAGE,Healthy,75.94,1,Marketing,Medium,Operational health is 75.9/100 with 1 component(s) below 70. The weakest area is marketing; the current inventory action is monitor wastage.,"Review campaign ROI and engagement by campaign type, and reallocate spend to the strongest conversion sources."
OUT0164,Franchise Outlet 0164,69.11,Meets Expectations,Low,Balanced,49.99,Moderate,Medium,1.4,35.0,0,1043,Medium,REORDER,Low,52.18,3,Inventory,High,Operational health is 52.2/100 with 3 component(s) below 70. The weakest area is inventory; the current inventory action is reorder.,"Complete the inventory action and plan 1,043 replenishment units before the next demand cycle."
OUT0165,Franchise Outlet 0165,93.01,Top Performer,Medium,Understaffed,62.43,Moderate,Low,2.19,100.0,0,1863,Low,NO_ACTION,Healthy,84.4,1,Marketing,Medium,Operational health is 84.4/100 with 1 component(s) below 70. The weakest area is marketing; the current inventory action is no action.,"Review campaign ROI and engagement by campaign type, and reallocate spend to the strongest conversion sources."
OUT0166,Franchise Outlet 0166,86.77,Meets Expectations,Medium,Understaffed,58.39,Moderate,Medium,2.39,35.0,0,1273,Medium,REORDER,Low,61.31,2,Inventory,Medium,Operational health is 61.3/100 with 2 component(s) below 70. The weakest area is inventory; the current inventory action is reorder.,"Complete the inventory action and plan 1,273 replenishment units before the next demand cycle."
OUT0167,Franchise Outlet 0167,92.27,Top Performer,Medium,Understaffed,57.49,Moderate,Medium,1.88,35.0,0,1175,Medium,REORDER,Low,62.92,2,Inventory,Medium,Operational health is 62.9/100 with 2 component(s) below 70. The weakest area is inventory; the current inventory action is reorder.,"Complete the inventory action and plan 1,175 replenishment units before the next demand cycle."
OUT0168,Franchise Outlet 0168,71.31,Meets Expectations,Medium,Overstaffed,58.92,Moderate,Low,1.13,35.0,0,1119,Medium,REORDER,Low,56.08,2,Inventory,Medium,Operational health is 56.1/100 with 2 component(s) below 70. The weakest area is inventory; the current inventory action is reorder.,"Complete the inventory action and plan 1,119 replenishment units before the next demand cycle."
OUT0169,Franchise Outlet 0169,71.09,Meets Expectations,Low,Balanced,57.99,Moderate,Low,1.62,35.0,0,1082,Medium,REORDER,Low,55.68,2,Inventory,Medium,Operational health is 55.7/100 with 2 component(s) below 70. The weakest area is inventory; the current inventory action is reorder.,"Complete the inventory action and plan 1,082 replenishment units before the next demand cycle."
OUT0170,Franchise Outlet 0170,74.09,Meets Expectations,Low,Balanced,51.31,Moderate,Medium,1.21,100.0,0,921,Low,NO_ACTION,Healthy,73.89,1,Marketing,Medium,Operational health is 73.9/100 with 1 component(s) below 70. The weakest area is marketing; the current inventory action is no action.,"Review campaign ROI and engagement by campaign type, and reallocate spend to the strongest conversion sources."
OUT0171,Franchise Outlet 0171,93.62,Top Performer,Medium,Understaffed,71.97,Moderate,Low,2.7,35.0,0,2638,Medium,REORDER,Low,68.46,1,Inventory,Medium,Operational health is 68.5/100 with 1 component(s) below 70. The weakest area is inventory; the current inventory action is reorder.,"Complete the inventory action and plan 2,638 replenishment units before the next demand cycle."
OUT0172,Franchise Outlet 0172,65.14,Needs Improvement,High,Overstaffed,47.88,Moderate,High,1.49,100.0,0,566,Low,NO_ACTION,Healthy,69.56,2,Marketing,Medium,Operational health is 69.6/100 with 2 component(s) below 70. The weakest area is marketing; the current inventory action is no action.,"Review campaign ROI and engagement by campaign type, and reallocate spend to the strongest conversion sources."
OUT0173,Franchise Outlet 0173,61.36,Needs Improvement,High,Overstaffed,48.14,Moderate,Medium,1.43,35.0,0,529,Medium,REORDER,Low,48.82,3,Inventory,High,Operational health is 48.8/100 with 3 component(s) below 70. The weakest area is inventory; the current inventory action is reorder.,Complete the inventory action and plan 529 replenishment units before the next demand cycle.
OUT0174,Franchise Outlet 0174,77.67,Meets Expectations,Low,Balanced,58.22,Moderate,Medium,1.42,35.0,0,1395,Medium,REORDER,Low,58.06,2,Inventory,Medium,Operational health is 58.1/100 with 2 component(s) below 70. The weakest area is inventory; the current inventory action is reorder.,"Complete the inventory action and plan 1,395 replenishment units before the next demand cycle."
OUT0175,Franchise Outlet 0175,95.45,Top Performer,Medium,Understaffed,90.3,High Performing,Low,2.57,100.0,0,2236,Low,NO_ACTION,Healthy,95.01,0,Marketing,Low,Operational health is 95.0/100 with 0 component(s) below 70. The weakest area is marketing; the current inventory action is no action.,"Review campaign ROI and engagement by campaign type, and reallocate spend to the strongest conversion sources."
OUT0176,Franchise Outlet 0176,65.74,Needs Improvement,High,Overstaffed,49.77,Moderate,Medium,1.74,35.0,0,794,Medium,REORDER,Low,50.93,3,Inventory,High,Operational health is 50.9/100 with 3 component(s) below 70. The weakest area is inventory; the current inventory action is reorder.,Complete the inventory action and plan 794 replenishment units before the next demand cycle.
OUT0177,Franchise Outlet 0177,82.9,Meets Expectations,Medium,Understaffed,61.25,Moderate,Low,2.38,35.0,0,1620,Medium,REORDER,Low,60.95,2,Inventory,Medium,Operational health is 61.0/100 with 2 component(s) below 70. The weakest area is inventory; the current inventory action is reorder.,"Complete the inventory action and plan 1,620 replenishment units before the next demand cycle."
OUT0178,Franchise Outlet 0178,93.93,Top Performer,Medium,Understaffed,67.09,Moderate,Low,2.5,100.0,0,1603,Medium,MONITOR_WASTAGE,Healthy,86.36,1,Marketing,Medium,Operational health is 86.4/100 with 1 component(s) below 70. The weakest area is marketing; the current inventory action is monitor wastage.,"Review campaign ROI and engagement by campaign type, and reallocate spend to the strongest conversion sources."
OUT0179,Franchise Outlet 0179,91.07,Top Performer,Medium,Understaffed,62.0,Moderate,Medium,2.38,100.0,0,548,Low,NO_ACTION,Healthy,83.57,1,Marketing,Medium,Operational health is 83.6/100 with 1 component(s) below 70. The weakest area is marketing; the current inventory action is no action.,"Review campaign ROI and engagement by campaign type, and reallocate spend to the strongest conversion sources."
OUT0180,Franchise Outlet 0180,70.55,Meets Expectations,Medium,Overstaffed,57.78,Moderate,Low,1.64,35.0,0,752,Medium,REORDER,Low,55.42,2,Inventory,Medium,Operational health is 55.4/100 with 2 component(s) below 70. The weakest area is inventory; the current inventory action is reorder.,Complete the inventory action and plan 752 replenishment units before the next demand cycle.
OUT0181,Franchise Outlet 0181,89.03,Meets Expectations,Medium,Understaffed,60.35,Moderate,Low,2.19,100.0,0,1042,Medium,MONITOR_WASTAGE,Healthy,82.28,1,Marketing,Medium,Operational health is 82.3/100 with 1 component(s) below 70. The weakest area is marketing; the current inventory action is monitor wastage.,"Review campaign ROI and engagement by campaign type, and reallocate spend to the strongest conversion sources."
OUT0182,Franchise Outlet 0182,80.29,Meets Expectations,Medium,Understaffed,51.61,Moderate,High,1.99,35.0,0,1265,Medium,REORDER,Low,56.66,2,Inventory,High,Operational health is 56.7/100 with 2 component(s) below 70. The weakest area is inventory; the current inventory action is reorder.,"Complete the inventory action and plan 1,265 replenishment units before the next demand cycle."
OUT0183,Franchise Outlet 0183,72.64,Meets Expectations,Low,Balanced,61.12,Moderate,Low,1.86,35.0,0,1131,Medium,REORDER,Low,57.32,2,Inventory,Medium,Operational health is 57.3/100 with 2 component(s) below 70. The weakest area is inventory; the current inventory action is reorder.,"Complete the inventory action and plan 1,131 replenishment units before the next demand cycle."
OUT0184,Franchise Outlet 0184,54.35,Needs Improvement,High,Overstaffed,45.93,Moderate,Medium,1.16,100.0,0,129,Low,NO_ACTION,Healthy,65.1,2,Marketing,High,Operational health is 65.1/100 with 2 component(s) below 70. The weakest area is marketing; the current inventory action is no action.,"Review campaign ROI and engagement by campaign type, and reallocate spend to the strongest conversion sources."
OUT0185,Franchise Outlet 0185,87.75,Meets Expectations,Medium,Understaffed,59.42,Moderate,Low,1.91,100.0,0,672,Low,NO_ACTION,Healthy,81.51,1,Marketing,Medium,Operational health is 81.5/100 with 1 component(s) below 70. The weakest area is marketing; the current inventory action is no action.,"Review campaign ROI and engagement by campaign type, and reallocate spend to the strongest conversion sources."
OUT0186,Franchise Outlet 0186,64.98,Needs Improvement,High,Overstaffed,50.96,Moderate,Low,1.33,100.0,0,413,Medium,MONITOR_WASTAGE,Healthy,70.58,2,Marketing,Medium,Operational health is 70.6/100 with 2 component(s) below 70. The weakest area is marketing; the current inventory action is monitor wastage.,"Review campaign ROI and engagement by campaign type, and reallocate spend to the strongest conversion sources."
OUT0187,Franchise Outlet 0187,71.62,Meets Expectations,Low,Balanced,49.65,Moderate,Medium,1.55,10.0,1,1379,High,URGENT_REORDER,Critical,45.44,2,Inventory,High,Operational health is 45.4/100 with 2 component(s) below 70. The weakest area is inventory; the current inventory action is urgent reorder.,"Complete the inventory action and plan 1,379 replenishment units before the next demand cycle."
OUT0188,Franchise Outlet 0188,62.62,Needs Improvement,High,Overstaffed,48.15,Moderate,Medium,1.12,100.0,0,225,Medium,MONITOR_WASTAGE,Healthy,68.77,2,Marketing,Medium,Operational health is 68.8/100 with 2 component(s) below 70. The weakest area is marketing; the current inventory action is monitor wastage.,"Review campaign ROI and engagement by campaign type, and reallocate spend to the strongest conversion sources."
OUT0189,Franchise Outlet 0189,56.39,Needs Improvement,High,Overstaffed,51.08,Moderate,Medium,1.08,35.0,0,291,Medium,REORDER,Low,48.11,3,Inventory,High,Operational health is 48.1/100 with 3 component(s) below 70. The weakest area is inventory; the current inventory action is reorder.,Complete the inventory action and plan 291 replenishment units before the next demand cycle.
OUT0190,Franchise Outlet 0190,72.6,Meets Expectations,Low,Balanced,61.35,Moderate,Low,1.94,100.0,0,605,Low,NO_ACTION,Healthy,76.88,1,Marketing,Medium,Operational health is 76.9/100 with 1 component(s) below 70. The weakest area is marketing; the current inventory action is no action.,"Review campaign ROI and engagement by campaign type, and reallocate spend to the strongest conversion sources."
OUT0191,Franchise Outlet 0191,64.94,Needs Improvement,High,Overstaffed,45.11,Moderate,Medium,1.19,100.0,0,210,Medium,MONITOR_WASTAGE,Healthy,68.52,2,Marketing,Medium,Operational health is 68.5/100 with 2 component(s) below 70. The weakest area is marketing; the current inventory action is monitor wastage.,"Review campaign ROI and engagement by campaign type, and reallocate spend to the strongest conversion sources."
OUT0192,Franchise Outlet 0192,94.94,Top Performer,Medium,Understaffed,82.14,High Performing,Low,2.63,100.0,0,1685,Low,NO_ACTION,Healthy,91.98,0,Marketing,Low,Operational health is 92.0/100 with 0 component(s) below 70. The weakest area is marketing; the current inventory action is no action.,"Review campaign ROI and engagement by campaign type, and reallocate spend to the strongest conversion sources."
OUT0193,Franchise Outlet 0193,78.72,Meets Expectations,Medium,Understaffed,55.73,Moderate,Medium,1.81,100.0,0,419,Medium,MONITOR_WASTAGE,Healthy,77.06,1,Marketing,Medium,Operational health is 77.1/100 with 1 component(s) below 70. The weakest area is marketing; the current inventory action is monitor wastage.,"Review campaign ROI and engagement by campaign type, and reallocate spend to the strongest conversion sources."
OUT0194,Franchise Outlet 0194,86.8,Meets Expectations,Medium,Understaffed,60.42,Moderate,Medium,2.13,35.0,0,1780,Medium,REORDER,Low,62.03,2,Inventory,Medium,Operational health is 62.0/100 with 2 component(s) below 70. The weakest area is inventory; the current inventory action is reorder.,"Complete the inventory action and plan 1,780 replenishment units before the next demand cycle."
OUT0195,Franchise Outlet 0195,94.46,Top Performer,Medium,Understaffed,66.65,Moderate,Low,2.29,100.0,0,886,Low,NO_ACTION,Healthy,86.39,1,Marketing,Medium,Operational health is 86.4/100 with 1 component(s) below 70. The weakest area is marketing; the current inventory action is no action.,"Review campaign ROI and engagement by campaign type, and reallocate spend to the strongest conversion sources."
OUT0196,Franchise Outlet 0196,93.55,Top Performer,Medium,Understaffed,72.11,Moderate,Medium,2.06,35.0,0,2923,Medium,REORDER,Low,68.48,1,Inventory,Medium,Operational health is 68.5/100 with 1 component(s) below 70. The weakest area is inventory; the current inventory action is reorder.,"Complete the inventory action and plan 2,923 replenishment units before the next demand cycle."
OUT0197,Franchise Outlet 0197,66.76,Meets Expectations,Medium,Overstaffed,54.44,Moderate,Medium,2.3,100.0,0,751,Low,NO_ACTION,Healthy,72.42,2,Marketing,Medium,Operational health is 72.4/100 with 2 component(s) below 70. The weakest area is marketing; the current inventory action is no action.,"Review campaign ROI and engagement by campaign type, and reallocate spend to the strongest conversion sources."
OUT0198,Franchise Outlet 0198,91.02,Top Performer,Medium,Understaffed,59.94,Moderate,Low,2.31,100.0,0,1450,Medium,MONITOR_WASTAGE,Healthy,82.84,1,Marketing,Medium,Operational health is 82.8/100 with 1 component(s) below 70. The weakest area is marketing; the current inventory action is monitor wastage.,"Review campaign ROI and engagement by campaign type, and reallocate spend to the strongest conversion sources."
OUT0199,Franchise Outlet 0199,91.22,Top Performer,Medium,Understaffed,59.47,Moderate,Low,2.6,35.0,0,1545,Medium,REORDER,Low,63.24,2,Inventory,Medium,Operational health is 63.2/100 with 2 component(s) below 70. The weakest area is inventory; the current inventory action is reorder.,"Complete the inventory action and plan 1,545 replenishment units before the next demand cycle."
OUT0200,Franchise Outlet 0200,76.53,Meets Expectations,Low,Balanced,57.18,Moderate,Medium,1.11,100.0,0,583,Low,NO_ACTION,Healthy,76.8,1,Marketing,Medium,Operational health is 76.8/100 with 1 component(s) below 70. The weakest area is marketing; the current inventory action is no action.,"Review campaign ROI and engagement by campaign type, and reallocate spend to the strongest conversion sources."
OUT0201,Franchise Outlet 0201,61.32,Needs Improvement,High,Overstaffed,51.46,Moderate,Medium,1.42,35.0,0,394,Medium,REORDER,Low,49.97,3,Inventory,High,Operational health is 50.0/100 with 3 component(s) below 70. The weakest area is inventory; the current inventory action is reorder.,Complete the inventory action and plan 394 replenishment units before the next demand cycle.
OUT0202,Franchise Outlet 0202,93.14,Top Performer,Medium,Understaffed,71.13,Moderate,Low,2.01,35.0,0,1406,Medium,REORDER,Low,67.99,1,Inventory,Medium,Operational health is 68.0/100 with 1 component(s) below 70. The weakest area is inventory; the current inventory action is reorder.,"Complete the inventory action and plan 1,406 replenishment units before the next demand cycle."
OUT0203,Franchise Outlet 0203,93.37,Top Performer,Medium,Understaffed,60.9,Moderate,Medium,2.24,35.0,0,2260,Medium,REORDER,Low,64.49,2,Inventory,Medium,Operational health is 64.5/100 with 2 component(s) below 70. The weakest area is inventory; the current inventory action is reorder.,"Complete the inventory action and plan 2,260 replenishment units before the next demand cycle."
OUT0204,Franchise Outlet 0204,55.22,Needs Improvement,High,Overstaffed,45.65,Moderate,Medium,1.07,35.0,0,191,Medium,REORDER,Low,45.8,3,Inventory,High,Operational health is 45.8/100 with 3 component(s) below 70. The weakest area is inventory; the current inventory action is reorder.,Complete the inventory action and plan 191 replenishment units before the next demand cycle.
OUT0205,Franchise Outlet 0205,57.88,Needs Improvement,High,Overstaffed,47.38,Moderate,Medium,1.0,100.0,0,129,Low,NO_ACTION,Healthy,66.84,2,Marketing,Medium,Operational health is 66.8/100 with 2 component(s) below 70. The weakest area is marketing; the current inventory action is no action.,"Review campaign ROI and engagement by campaign type, and reallocate spend to the strongest conversion sources."
OUT0206,Franchise Outlet 0206,94.1,Top Performer,Medium,Understaffed,65.94,Moderate,Low,1.81,35.0,0,2864,Medium,REORDER,Low,66.51,2,Inventory,Medium,Operational health is 66.5/100 with 2 component(s) below 70. The weakest area is inventory; the current inventory action is reorder.,"Complete the inventory action and plan 2,864 replenishment units before the next demand cycle."
OUT0207,Franchise Outlet 0207,87.02,Meets Expectations,Medium,Understaffed,66.61,Moderate,Low,2.4,100.0,0,1251,Low,NO_ACTION,Healthy,83.77,1,Marketing,Medium,Operational health is 83.8/100 with 1 component(s) below 70. The weakest area is marketing; the current inventory action is no action.,"Review campaign ROI and engagement by campaign type, and reallocate spend to the strongest conversion sources."
OUT0208,Franchise Outlet 0208,63.57,Needs Improvement,High,Overstaffed,52.73,Moderate,Low,1.32,35.0,0,448,Medium,REORDER,Low,51.2,3,Inventory,High,Operational health is 51.2/100 with 3 component(s) below 70. The weakest area is inventory; the current inventory action is reorder.,Complete the inventory action and plan 448 replenishment units before the next demand cycle.
OUT0209,Franchise Outlet 0209,70.16,Meets Expectations,Medium,Overstaffed,53.98,Moderate,Medium,2.01,35.0,0,1485,Medium,REORDER,Low,53.95,2,Inventory,High,Operational health is 54.0/100 with 2 component(s) below 70. The weakest area is inventory; the current inventory action is reorder.,"Complete the inventory action and plan 1,485 replenishment units before the next demand cycle."
OUT0210,Franchise Outlet 0210,83.08,Meets Expectations,Medium,Understaffed,57.77,Moderate,Medium,1.85,100.0,0,558,Low,NO_ACTION,Healthy,79.3,1,Marketing,Medium,Operational health is 79.3/100 with 1 component(s) below 70. The weakest area is marketing; the current inventory action is no action.,"Review campaign ROI and engagement by campaign type, and reallocate spend to the strongest conversion sources."
OUT0211,Franchise Outlet 0211,84.73,Meets Expectations,Medium,Understaffed,57.63,Moderate,Medium,2.37,35.0,0,1031,Medium,REORDER,Low,60.33,2,Inventory,Medium,Operational health is 60.3/100 with 2 component(s) below 70. The weakest area is inventory; the current inventory action is reorder.,"Complete the inventory action and plan 1,031 replenishment units before the next demand cycle."
OUT0212,Franchise Outlet 0212,78.98,Meets Expectations,Low,Balanced,67.43,Moderate,Low,2.15,35.0,0,1638,Medium,REORDER,Low,61.74,2,Inventory,Medium,Operational health is 61.7/100 with 2 component(s) below 70. The weakest area is inventory; the current inventory action is reorder.,"Complete the inventory action and plan 1,638 replenishment units before the next demand cycle."
OUT0213,Franchise Outlet 0213,67.68,Meets Expectations,Medium,Overstaffed,57.93,Moderate,Low,1.67,35.0,0,822,Medium,REORDER,Low,54.46,3,Inventory,High,Operational health is 54.5/100 with 3 component(s) below 70. The weakest area is inventory; the current inventory action is reorder.,Complete the inventory action and plan 822 replenishment units before the next demand cycle.
OUT0214,Franchise Outlet 0214,72.32,Meets Expectations,Medium,Understaffed,53.1,Moderate,Low,1.4,35.0,0,793,Medium,REORDER,Low,54.4,2,Inventory,High,Operational health is 54.4/100 with 2 component(s) below 70. The weakest area is inventory; the current inventory action is reorder.,Complete the inventory action and plan 793 replenishment units before the next demand cycle.
OUT0215,Franchise Outlet 0215,94.25,Top Performer,Medium,Understaffed,63.04,Moderate,Low,1.91,100.0,0,837,Low,NO_ACTION,Healthy,85.05,1,Marketing,Medium,Operational health is 85.0/100 with 1 component(s) below 70. The weakest area is marketing; the current inventory action is no action.,"Review campaign ROI and engagement by campaign type, and reallocate spend to the strongest conversion sources."
OUT0216,Franchise Outlet 0216,72.05,Meets Expectations,Low,Balanced,64.3,Moderate,Low,1.43,35.0,0,1021,Medium,REORDER,Low,58.22,2,Inventory,Medium,Operational health is 58.2/100 with 2 component(s) below 70. The weakest area is inventory; the current inventory action is reorder.,"Complete the inventory action and plan 1,021 replenishment units before the next demand cycle."
OUT0217,Franchise Outlet 0217,93.89,Top Performer,Medium,Understaffed,77.6,High Performing,Low,2.02,100.0,0,2356,Low,NO_ACTION,Healthy,90.02,0,Marketing,Low,Operational health is 90.0/100 with 0 component(s) below 70. The weakest area is marketing; the current inventory action is no action.,"Review campaign ROI and engagement by campaign type, and reallocate spend to the strongest conversion sources."
OUT0218,Franchise Outlet 0218,71.51,Meets Expectations,Medium,Overstaffed,57.18,Moderate,Medium,2.21,100.0,0,1548,Medium,MONITOR_WASTAGE,Healthy,75.04,1,Marketing,Medium,Operational health is 75.0/100 with 1 component(s) below 70. The weakest area is marketing; the current inventory action is monitor wastage.,"Review campaign ROI and engagement by campaign type, and reallocate spend to the strongest conversion sources."
OUT0219,Franchise Outlet 0219,92.28,Top Performer,Medium,Understaffed,57.22,Moderate,Medium,1.48,35.0,0,1678,Medium,REORDER,Low,62.82,2,Inventory,Medium,Operational health is 62.8/100 with 2 component(s) below 70. The weakest area is inventory; the current inventory action is reorder.,"Complete the inventory action and plan 1,678 replenishment units before the next demand cycle."
OUT0220,Franchise Outlet 0220,76.6,Meets Expectations,Medium,Overstaffed,59.25,Moderate,Low,1.14,100.0,0,214,Low,NO_ACTION,Healthy,77.55,1,Marketing,Medium,Operational health is 77.5/100 with 1 component(s) below 70. The weakest area is marketing; the current inventory action is no action.,"Review campaign ROI and engagement by campaign type, and reallocate spend to the strongest conversion sources."
OUT0221,Franchise Outlet 0221,91.54,Top Performer,Medium,Understaffed,65.94,Moderate,Low,2.38,100.0,0,1902,Medium,MONITOR_WASTAGE,Healthy,85.12,1,Marketing,Medium,Operational health is 85.1/100 with 1 component(s) below 70. The weakest area is marketing; the current inventory action is monitor wastage.,"Review campaign ROI and engagement by campaign type, and reallocate spend to the strongest conversion sources."
OUT0222,Franchise Outlet 0222,94.99,Top Performer,Medium,Understaffed,74.16,Moderate,Low,2.26,35.0,0,1982,Medium,REORDER,Low,69.7,1,Inventory,Medium,Operational health is 69.7/100 with 1 component(s) below 70. The weakest area is inventory; the current inventory action is reorder.,"Complete the inventory action and plan 1,982 replenishment units before the next demand cycle."
OUT0223,Franchise Outlet 0223,72.45,Meets Expectations,Low,Balanced,51.39,Moderate,High,1.45,100.0,0,758,Medium,MONITOR_WASTAGE,Healthy,73.34,1,Marketing,Medium,Operational health is 73.3/100 with 1 component(s) below 70. The weakest area is marketing; the current inventory action is monitor wastage.,"Review campaign ROI and engagement by campaign type, and reallocate spend to the strongest conversion sources."
OUT0224,Franchise Outlet 0224,94.96,Top Performer,Medium,Understaffed,82.79,High Performing,Low,2.16,35.0,0,2570,Medium,REORDER,Low,72.71,1,Inventory,Medium,Operational health is 72.7/100 with 1 component(s) below 70. The weakest area is inventory; the current inventory action is reorder.,"Complete the inventory action and plan 2,570 replenishment units before the next demand cycle."
OUT0225,Franchise Outlet 0225,90.09,Meets Expectations,Medium,Understaffed,52.75,Moderate,Medium,2.23,100.0,0,673,Low,NO_ACTION,Healthy,79.99,1,Marketing,Medium,Operational health is 80.0/100 with 1 component(s) below 70. The weakest area is marketing; the current inventory action is no action.,"Review campaign ROI and engagement by campaign type, and reallocate spend to the strongest conversion sources."
OUT0226,Franchise Outlet 0226,67.65,Meets Expectations,Low,Balanced,51.73,Moderate,Medium,1.53,100.0,0,726,Medium,MONITOR_WASTAGE,Healthy,71.78,2,Marketing,Medium,Operational health is 71.8/100 with 2 component(s) below 70. The weakest area is marketing; the current inventory action is monitor wastage.,"Review campaign ROI and engagement by campaign type, and reallocate spend to the strongest conversion sources."
OUT0227,Franchise Outlet 0227,70.59,Meets Expectations,Low,Balanced,55.88,Moderate,Medium,1.67,35.0,0,1116,Medium,REORDER,Low,54.76,2,Inventory,High,Operational health is 54.8/100 with 2 component(s) below 70. The weakest area is inventory; the current inventory action is reorder.,"Complete the inventory action and plan 1,116 replenishment units before the next demand cycle."
OUT0228,Franchise Outlet 0228,83.3,Meets Expectations,Medium,Understaffed,54.83,Moderate,Medium,2.12,10.0,1,1544,High,URGENT_REORDER,Critical,51.35,2,Inventory,High,Operational health is 51.4/100 with 2 component(s) below 70. The weakest area is inventory; the current inventory action is urgent reorder.,"Complete the inventory action and plan 1,544 replenishment units before the next demand cycle."
OUT0229,Franchise Outlet 0229,69.46,Meets Expectations,Low,Balanced,57.71,Moderate,Low,1.49,10.0,1,806,High,URGENT_REORDER,Critical,47.51,3,Inventory,High,Operational health is 47.5/100 with 3 component(s) below 70. The weakest area is inventory; the current inventory action is urgent reorder.,Complete the inventory action and plan 806 replenishment units before the next demand cycle.
OUT0230,Franchise Outlet 0230,95.36,Top Performer,Medium,Understaffed,75.16,High Performing,Low,2.45,35.0,0,2970,Medium,REORDER,Low,70.18,1,Inventory,Medium,Operational health is 70.2/100 with 1 component(s) below 70. The weakest area is inventory; the current inventory action is reorder.,"Complete the inventory action and plan 2,970 replenishment units before the next demand cycle."
OUT0231,Franchise Outlet 0231,79.48,Meets Expectations,Medium,Understaffed,48.09,Moderate,Medium,1.15,35.0,0,564,Medium,REORDER,Low,55.15,2,Inventory,High,Operational health is 55.1/100 with 2 component(s) below 70. The weakest area is inventory; the current inventory action is reorder.,Complete the inventory action and plan 564 replenishment units before the next demand cycle.
OUT0232,Franchise Outlet 0232,55.29,Needs Improvement,High,Overstaffed,49.64,Moderate,Low,1.07,100.0,0,175,Low,NO_ACTION,Healthy,66.73,2,Marketing,Medium,Operational health is 66.7/100 with 2 component(s) below 70. The weakest area is marketing; the current inventory action is no action.,"Review campaign ROI and engagement by campaign type, and reallocate spend to the strongest conversion sources."
OUT0233,Franchise Outlet 0233,84.44,Meets Expectations,Medium,Understaffed,65.8,Moderate,Low,1.92,100.0,0,990,Medium,MONITOR_WASTAGE,Healthy,82.58,1,Marketing,Medium,Operational health is 82.6/100 with 1 component(s) below 70. The weakest area is marketing; the current inventory action is monitor wastage.,"Review campaign ROI and engagement by campaign type, and reallocate spend to the strongest conversion sources."
OUT0234,Franchise Outlet 0234,89.58,Meets Expectations,Medium,Understaffed,70.63,Moderate,Low,2.35,100.0,0,896,Low,NO_ACTION,Healthy,86.07,0,Marketing,Low,Operational health is 86.1/100 with 0 component(s) below 70. The weakest area is marketing; the current inventory action is no action.,"Review campaign ROI and engagement by campaign type, and reallocate spend to the strongest conversion sources."
OUT0235,Franchise Outlet 0235,91.07,Top Performer,Medium,Understaffed,56.4,Moderate,Low,1.48,100.0,0,1099,Low,NO_ACTION,Healthy,81.61,1,Marketing,Medium,Operational health is 81.6/100 with 1 component(s) below 70. The weakest area is marketing; the current inventory action is no action.,"Review campaign ROI and engagement by campaign type, and reallocate spend to the strongest conversion sources."
OUT0236,Franchise Outlet 0236,66.06,Needs Improvement,High,Overstaffed,60.15,Moderate,Low,1.69,10.0,1,680,High,URGENT_REORDER,Critical,47.17,3,Inventory,High,Operational health is 47.2/100 with 3 component(s) below 70. The weakest area is inventory; the current inventory action is urgent reorder.,Complete the inventory action and plan 680 replenishment units before the next demand cycle.
OUT0237,Franchise Outlet 0237,79.1,Meets Expectations,Medium,Understaffed,57.51,Moderate,Medium,1.34,100.0,0,1132,Low,NO_ACTION,Healthy,77.81,1,Marketing,Medium,Operational health is 77.8/100 with 1 component(s) below 70. The weakest area is marketing; the current inventory action is no action.,"Review campaign ROI and engagement by campaign type, and reallocate spend to the strongest conversion sources."
OUT0238,Franchise Outlet 0238,65.57,Needs Improvement,High,Overstaffed,51.21,Moderate,High,1.65,100.0,0,589,Medium,MONITOR_WASTAGE,Healthy,70.87,2,Marketing,Medium,Operational health is 70.9/100 with 2 component(s) below 70. The weakest area is marketing; the current inventory action is monitor wastage.,"Review campaign ROI and engagement by campaign type, and reallocate spend to the strongest conversion sources."
OUT0239,Franchise Outlet 0239,90.71,Meets Expectations,Medium,Understaffed,64.89,Moderate,Low,2.65,10.0,1,2638,High,URGENT_REORDER,Critical,57.46,2,Inventory,High,Operational health is 57.5/100 with 2 component(s) below 70. The weakest area is inventory; the current inventory action is urgent reorder.,"Complete the inventory action and plan 2,638 replenishment units before the next demand cycle."
OUT0240,Franchise Outlet 0240,93.03,Top Performer,Medium,Understaffed,67.01,Moderate,Low,1.79,100.0,0,655,Low,NO_ACTION,Healthy,86.01,1,Marketing,Medium,Operational health is 86.0/100 with 1 component(s) below 70. The weakest area is marketing; the current inventory action is no action.,"Review campaign ROI and engagement by campaign type, and reallocate spend to the strongest conversion sources."
OUT0241,Franchise Outlet 0241,62.55,Needs Improvement,High,Overstaffed,49.69,Moderate,Medium,0.89,100.0,0,173,Medium,MONITOR_WASTAGE,Healthy,69.28,2,Marketing,Medium,Operational health is 69.3/100 with 2 component(s) below 70. The weakest area is marketing; the current inventory action is monitor wastage.,"Review campaign ROI and engagement by campaign type, and reallocate spend to the strongest conversion sources."
OUT0242,Franchise Outlet 0242,68.46,Meets Expectations,Medium,Overstaffed,53.51,Moderate,Low,1.54,100.0,0,324,Low,NO_ACTION,Healthy,72.69,2,Marketing,Medium,Operational health is 72.7/100 with 2 component(s) below 70. The weakest area is marketing; the current inventory action is no action.,"Review campaign ROI and engagement by campaign type, and reallocate spend to the strongest conversion sources."
OUT0243,Franchise Outlet 0243,71.95,Meets Expectations,Medium,Overstaffed,60.0,Moderate,Low,1.48,35.0,0,1223,Medium,REORDER,Low,56.68,2,Inventory,Medium,Operational health is 56.7/100 with 2 component(s) below 70. The weakest area is inventory; the current inventory action is reorder.,"Complete the inventory action and plan 1,223 replenishment units before the next demand cycle."
OUT0244,Franchise Outlet 0244,81.32,Meets Expectations,Medium,Understaffed,47.64,Moderate,High,1.5,35.0,0,743,Medium,REORDER,Low,55.64,2,Inventory,High,Operational health is 55.6/100 with 2 component(s) below 70. The weakest area is inventory; the current inventory action is reorder.,Complete the inventory action and plan 743 replenishment units before the next demand cycle.
OUT0245,Franchise Outlet 0245,95.28,Top Performer,Medium,Understaffed,71.61,Moderate,Low,3.16,35.0,0,2918,Medium,REORDER,Low,68.91,1,Inventory,Medium,Operational health is 68.9/100 with 1 component(s) below 70. The weakest area is inventory; the current inventory action is reorder.,"Complete the inventory action and plan 2,918 replenishment units before the next demand cycle."
OUT0246,Franchise Outlet 0246,67.66,Meets Expectations,Medium,Overstaffed,57.03,Moderate,Low,1.6,35.0,0,750,Medium,REORDER,Low,54.14,3,Inventory,High,Operational health is 54.1/100 with 3 component(s) below 70. The weakest area is inventory; the current inventory action is reorder.,Complete the inventory action and plan 750 replenishment units before the next demand cycle.
OUT0247,Franchise Outlet 0247,94.42,Top Performer,Medium,Understaffed,71.33,Moderate,Medium,2.29,35.0,0,2082,Medium,REORDER,Low,68.51,1,Inventory,Medium,Operational health is 68.5/100 with 1 component(s) below 70. The weakest area is inventory; the current inventory action is reorder.,"Complete the inventory action and plan 2,082 replenishment units before the next demand cycle."
OUT0248,Franchise Outlet 0248,55.3,Needs Improvement,High,Overstaffed,43.93,Moderate,High,0.77,35.0,0,223,Medium,REORDER,Low,45.23,3,Inventory,High,Operational health is 45.2/100 with 3 component(s) below 70. The weakest area is inventory; the current inventory action is reorder.,Complete the inventory action and plan 223 replenishment units before the next demand cycle.
OUT0249,Franchise Outlet 0249,90.23,Meets Expectations,Medium,Understaffed,65.74,Moderate,Medium,2.12,100.0,0,428,Low,NO_ACTION,Healthy,84.59,1,Marketing,Medium,Operational health is 84.6/100 with 1 component(s) below 70. The weakest area is marketing; the current inventory action is no action.,"Review campaign ROI and engagement by campaign type, and reallocate spend to the strongest conversion sources."
OUT0250,Franchise Outlet 0250,95.19,Top Performer,Medium,Understaffed,83.75,High Performing,Low,3.19,100.0,0,3551,Low,NO_ACTION,Healthy,92.63,0,Marketing,Low,Operational health is 92.6/100 with 0 component(s) below 70. The weakest area is marketing; the current inventory action is no action.,"Review campaign ROI and engagement by campaign type, and reallocate spend to the strongest conversion sources."
OUT0251,Franchise Outlet 0251,74.62,Meets Expectations,Low,Balanced,44.3,Moderate,High,1.35,35.0,0,763,Medium,REORDER,Low,52.12,2,Inventory,High,Operational health is 52.1/100 with 2 component(s) below 70. The weakest area is inventory; the current inventory action is reorder.,Complete the inventory action and plan 763 replenishment units before the next demand cycle.
OUT0252,Franchise Outlet 0252,78.02,Meets Expectations,Medium,Understaffed,59.9,Moderate,Low,1.37,35.0,0,959,Medium,REORDER,Low,58.77,2,Inventory,Medium,Operational health is 58.8/100 with 2 component(s) below 70. The weakest area is inventory; the current inventory action is reorder.,Complete the inventory action and plan 959 replenishment units before the next demand cycle.
OUT0253,Franchise Outlet 0253,89.05,Meets Expectations,Medium,Understaffed,59.99,Moderate,Low,2.46,10.0,1,2402,High,URGENT_REORDER,Critical,55.16,2,Inventory,High,Operational health is 55.2/100 with 2 component(s) below 70. The weakest area is inventory; the current inventory action is urgent reorder.,"Complete the inventory action and plan 2,402 replenishment units before the next demand cycle."
OUT0254,Franchise Outlet 0254,93.52,Top Performer,Medium,Understaffed,68.16,Moderate,Low,2.71,100.0,0,2630,Low,NO_ACTION,Healthy,86.59,1,Marketing,Medium,Operational health is 86.6/100 with 1 component(s) below 70. The weakest area is marketing; the current inventory action is no action.,"Review campaign ROI and engagement by campaign type, and reallocate spend to the strongest conversion sources."
OUT0255,Franchise Outlet 0255,77.11,Meets Expectations,Low,Balanced,57.43,Moderate,Low,2.1,35.0,0,896,Medium,REORDER,Low,57.59,2,Inventory,Medium,Operational health is 57.6/100 with 2 component(s) below 70. The weakest area is inventory; the current inventory action is reorder.,Complete the inventory action and plan 896 replenishment units before the next demand cycle.
OUT0256,Franchise Outlet 0256,95.08,Top Performer,Medium,Understaffed,78.7,High Performing,Medium,2.39,35.0,0,4560,Medium,REORDER,Low,71.32,1,Inventory,Medium,Operational health is 71.3/100 with 1 component(s) below 70. The weakest area is inventory; the current inventory action is reorder.,"Complete the inventory action and plan 4,560 replenishment units before the next demand cycle."
OUT0257,Franchise Outlet 0257,77.78,Meets Expectations,Medium,Understaffed,57.19,Moderate,Low,2.03,100.0,0,470,Low,NO_ACTION,Healthy,77.24,1,Marketing,Medium,Operational health is 77.2/100 with 1 component(s) below 70. The weakest area is marketing; the current inventory action is no action.,"Review campaign ROI and engagement by campaign type, and reallocate spend to the strongest conversion sources."
OUT0258,Franchise Outlet 0258,78.5,Meets Expectations,Medium,Understaffed,57.37,Moderate,Medium,1.86,100.0,0,899,Medium,MONITOR_WASTAGE,Healthy,77.55,1,Marketing,Medium,Operational health is 77.5/100 with 1 component(s) below 70. The weakest area is marketing; the current inventory action is monitor wastage.,"Review campaign ROI and engagement by campaign type, and reallocate spend to the strongest conversion sources."
OUT0259,Franchise Outlet 0259,95.39,Top Performer,Medium,Understaffed,80.09,High Performing,Low,2.49,10.0,1,5215,High,URGENT_REORDER,Critical,64.42,1,Inventory,High,Operational health is 64.4/100 with 1 component(s) below 70. The weakest area is inventory; the current inventory action is urgent reorder.,"Complete the inventory action and plan 5,215 replenishment units before the next demand cycle."
OUT0260,Franchise Outlet 0260,59.39,Needs Improvement,High,Overstaffed,52.76,Moderate,Low,1.23,35.0,0,314,Medium,REORDER,Low,49.75,3,Inventory,High,Operational health is 49.8/100 with 3 component(s) below 70. The weakest area is inventory; the current inventory action is reorder.,Complete the inventory action and plan 314 replenishment units before the next demand cycle.
OUT0261,Franchise Outlet 0261,68.03,Meets Expectations,Medium,Overstaffed,50.94,Moderate,Medium,1.3,100.0,0,342,Medium,MONITOR_WASTAGE,Healthy,71.64,2,Marketing,Medium,Operational health is 71.6/100 with 2 component(s) below 70. The weakest area is marketing; the current inventory action is monitor wastage.,"Review campaign ROI and engagement by campaign type, and reallocate spend to the strongest conversion sources."
OUT0262,Franchise Outlet 0262,89.62,Meets Expectations,Medium,Understaffed,61.31,Moderate,Low,1.72,100.0,0,1507,Low,NO_ACTION,Healthy,82.83,1,Marketing,Medium,Operational health is 82.8/100 with 1 component(s) below 70. The weakest area is marketing; the current inventory action is no action.,"Review campaign ROI and engagement by campaign type, and reallocate spend to the strongest conversion sources."
OUT0263,Franchise Outlet 0263,70.53,Meets Expectations,Low,Balanced,52.08,Moderate,Medium,1.42,100.0,0,541,Medium,MONITOR_WASTAGE,Healthy,72.91,1,Marketing,Medium,Operational health is 72.9/100 with 1 component(s) below 70. The weakest area is marketing; the current inventory action is monitor wastage.,"Review campaign ROI and engagement by campaign type, and reallocate spend to the strongest conversion sources."
OUT0264,Franchise Outlet 0264,94.22,Top Performer,Medium,Understaffed,67.17,Moderate,Low,2.12,100.0,0,375,Low,NO_ACTION,Healthy,86.49,1,Marketing,Medium,Operational health is 86.5/100 with 1 component(s) below 70. The weakest area is marketing; the current inventory action is no action.,"Review campaign ROI and engagement by campaign type, and reallocate spend to the strongest conversion sources."
OUT0265,Franchise Outlet 0265,66.66,Meets Expectations,Medium,Overstaffed,62.68,Moderate,Low,1.64,35.0,0,790,Medium,REORDER,Low,55.77,3,Inventory,Medium,Operational health is 55.8/100 with 3 component(s) below 70. The weakest area is inventory; the current inventory action is reorder.,Complete the inventory action and plan 790 replenishment units before the next demand cycle.
OUT0266,Franchise Outlet 0266,76.2,Meets Expectations,Medium,Understaffed,59.3,Moderate,Low,2.26,100.0,0,961,Medium,MONITOR_WASTAGE,Healthy,77.42,1,Marketing,Medium,Operational health is 77.4/100 with 1 component(s) below 70. The weakest area is marketing; the current inventory action is monitor wastage.,"Review campaign ROI and engagement by campaign type, and reallocate spend to the strongest conversion sources."
OUT0267,Franchise Outlet 0267,93.84,Top Performer,Medium,Understaffed,69.49,Moderate,Low,2.88,35.0,0,3324,Medium,REORDER,Low,67.67,2,Inventory,Medium,Operational health is 67.7/100 with 2 component(s) below 70. The weakest area is inventory; the current inventory action is reorder.,"Complete the inventory action and plan 3,324 replenishment units before the next demand cycle."
OUT0268,Franchise Outlet 0268,79.91,Meets Expectations,Medium,Understaffed,57.33,Moderate,Low,1.66,35.0,0,1608,Medium,REORDER,Low,58.53,2,Inventory,Medium,Operational health is 58.5/100 with 2 component(s) below 70. The weakest area is inventory; the current inventory action is reorder.,"Complete the inventory action and plan 1,608 replenishment units before the next demand cycle."
OUT0269,Franchise Outlet 0269,79.6,Meets Expectations,Medium,Understaffed,62.57,Moderate,Low,2.73,100.0,0,1165,Low,NO_ACTION,Healthy,79.76,1,Marketing,Medium,Operational health is 79.8/100 with 1 component(s) below 70. The weakest area is marketing; the current inventory action is no action.,"Review campaign ROI and engagement by campaign type, and reallocate spend to the strongest conversion sources."
OUT0270,Franchise Outlet 0270,57.81,Needs Improvement,High,Overstaffed,47.9,Moderate,Medium,1.07,35.0,0,427,Medium,REORDER,Low,47.5,3,Inventory,High,Operational health is 47.5/100 with 3 component(s) below 70. The weakest area is inventory; the current inventory action is reorder.,Complete the inventory action and plan 427 replenishment units before the next demand cycle.
OUT0271,Franchise Outlet 0271,76.94,Meets Expectations,Medium,Understaffed,50.25,Moderate,Medium,1.65,100.0,0,512,Medium,MONITOR_WASTAGE,Healthy,74.52,1,Marketing,Medium,Operational health is 74.5/100 with 1 component(s) below 70. The weakest area is marketing; the current inventory action is monitor wastage.,"Review campaign ROI and engagement by campaign type, and reallocate spend to the strongest conversion sources."
OUT0272,Franchise Outlet 0272,62.07,Needs Improvement,High,Overstaffed,46.29,Moderate,Medium,1.4,35.0,0,787,Medium,REORDER,Low,48.43,3,Inventory,High,Operational health is 48.4/100 with 3 component(s) below 70. The weakest area is inventory; the current inventory action is reorder.,Complete the inventory action and plan 787 replenishment units before the next demand cycle.
OUT0273,Franchise Outlet 0273,72.08,Meets Expectations,Low,Balanced,54.25,Moderate,Low,1.49,100.0,0,544,Medium,MONITOR_WASTAGE,Healthy,74.22,1,Marketing,Medium,Operational health is 74.2/100 with 1 component(s) below 70. The weakest area is marketing; the current inventory action is monitor wastage.,"Review campaign ROI and engagement by campaign type, and reallocate spend to the strongest conversion sources."
OUT0274,Franchise Outlet 0274,70.56,Meets Expectations,Medium,Overstaffed,57.09,Moderate,Low,1.57,35.0,0,776,Medium,REORDER,Low,55.18,2,Inventory,Medium,Operational health is 55.2/100 with 2 component(s) below 70. The weakest area is inventory; the current inventory action is reorder.,Complete the inventory action and plan 776 replenishment units before the next demand cycle.
OUT0275,Franchise Outlet 0275,94.82,Top Performer,Medium,Understaffed,70.42,Moderate,Low,3.22,35.0,0,3505,Medium,REORDER,Low,68.33,1,Inventory,Medium,Operational health is 68.3/100 with 1 component(s) below 70. The weakest area is inventory; the current inventory action is reorder.,"Complete the inventory action and plan 3,505 replenishment units before the next demand cycle."
OUT0276,Franchise Outlet 0276,84.37,Meets Expectations,Medium,Understaffed,66.04,Moderate,Low,2.75,100.0,0,1542,Medium,MONITOR_WASTAGE,Healthy,82.64,1,Marketing,Medium,Operational health is 82.6/100 with 1 component(s) below 70. The weakest area is marketing; the current inventory action is monitor wastage.,"Review campaign ROI and engagement by campaign type, and reallocate spend to the strongest conversion sources."
OUT0277,Franchise Outlet 0277,75.83,Meets Expectations,Medium,Understaffed,55.72,Moderate,Low,1.41,35.0,0,1105,Medium,REORDER,Low,56.54,2,Inventory,Medium,Operational health is 56.5/100 with 2 component(s) below 70. The weakest area is inventory; the current inventory action is reorder.,"Complete the inventory action and plan 1,105 replenishment units before the next demand cycle."
OUT0278,Franchise Outlet 0278,72.9,Meets Expectations,Low,Balanced,50.77,Moderate,Medium,1.2,100.0,0,590,Medium,MONITOR_WASTAGE,Healthy,73.28,1,Marketing,Medium,Operational health is 73.3/100 with 1 component(s) below 70. The weakest area is marketing; the current inventory action is monitor wastage.,"Review campaign ROI and engagement by campaign type, and reallocate spend to the strongest conversion sources."
OUT0279,Franchise Outlet 0279,82.61,Meets Expectations,Medium,Understaffed,64.84,Moderate,Medium,1.98,100.0,0,1590,Low,NO_ACTION,Healthy,81.61,1,Marketing,Medium,Operational health is 81.6/100 with 1 component(s) below 70. The weakest area is marketing; the current inventory action is no action.,"Review campaign ROI and engagement by campaign type, and reallocate spend to the strongest conversion sources."
OUT0280,Franchise Outlet 0280,65.49,Needs Improvement,High,Overstaffed,59.4,Moderate,Low,1.88,100.0,0,918,Low,NO_ACTION,Healthy,73.71,2,Marketing,Medium,Operational health is 73.7/100 with 2 component(s) below 70. The weakest area is marketing; the current inventory action is no action.,"Review campaign ROI and engagement by campaign type, and reallocate spend to the strongest conversion sources."
OUT0281,Franchise Outlet 0281,78.7,Meets Expectations,Medium,Understaffed,55.99,Moderate,Medium,1.84,100.0,0,1204,Medium,MONITOR_WASTAGE,Healthy,77.14,1,Marketing,Medium,Operational health is 77.1/100 with 1 component(s) below 70. The weakest area is marketing; the current inventory action is monitor wastage.,"Review campaign ROI and engagement by campaign type, and reallocate spend to the strongest conversion sources."
OUT0282,Franchise Outlet 0282,90.09,Meets Expectations,Medium,Understaffed,72.74,Moderate,Low,1.94,100.0,0,2010,Low,NO_ACTION,Healthy,86.99,0,Marketing,Low,Operational health is 87.0/100 with 0 component(s) below 70. The weakest area is marketing; the current inventory action is no action.,"Review campaign ROI and engagement by campaign type, and reallocate spend to the strongest conversion sources."
OUT0283,Franchise Outlet 0283,63.41,Needs Improvement,High,Overstaffed,44.24,Moderate,High,1.28,100.0,0,439,Medium,MONITOR_WASTAGE,Healthy,67.68,2,Marketing,Medium,Operational health is 67.7/100 with 2 component(s) below 70. The weakest area is marketing; the current inventory action is monitor wastage.,"Review campaign ROI and engagement by campaign type, and reallocate spend to the strongest conversion sources."
OUT0284,Franchise Outlet 0284,56.06,Needs Improvement,High,Overstaffed,47.36,Moderate,Medium,0.99,100.0,0,164,Low,NO_ACTION,Healthy,66.2,2,Marketing,Medium,Operational health is 66.2/100 with 2 component(s) below 70. The weakest area is marketing; the current inventory action is no action.,"Review campaign ROI and engagement by campaign type, and reallocate spend to the strongest conversion sources."
OUT0285,Franchise Outlet 0285,72.89,Meets Expectations,Low,Balanced,60.04,Moderate,Low,2.31,100.0,0,1038,Low,NO_ACTION,Healthy,76.53,1,Marketing,Medium,Operational health is 76.5/100 with 1 component(s) below 70. The weakest area is marketing; the current inventory action is no action.,"Review campaign ROI and engagement by campaign type, and reallocate spend to the strongest conversion sources."
OUT0286,Franchise Outlet 0286,60.05,Needs Improvement,High,Overstaffed,48.27,Moderate,Medium,1.08,100.0,0,122,Medium,MONITOR_WASTAGE,Healthy,67.91,2,Marketing,Medium,Operational health is 67.9/100 with 2 component(s) below 70. The weakest area is marketing; the current inventory action is monitor wastage.,"Review campaign ROI and engagement by campaign type, and reallocate spend to the strongest conversion sources."
OUT0287,Franchise Outlet 0287,78.66,Meets Expectations,Medium,Understaffed,58.12,Moderate,Medium,2.18,100.0,0,1352,Low,NO_ACTION,Healthy,77.87,1,Marketing,Medium,Operational health is 77.9/100 with 1 component(s) below 70. The weakest area is marketing; the current inventory action is no action.,"Review campaign ROI and engagement by campaign type, and reallocate spend to the strongest conversion sources."
OUT0288,Franchise Outlet 0288,57.83,Needs Improvement,High,Overstaffed,49.89,Moderate,Medium,1.02,35.0,0,206,Medium,REORDER,Low,48.2,3,Inventory,High,Operational health is 48.2/100 with 3 component(s) below 70. The weakest area is inventory; the current inventory action is reorder.,Complete the inventory action and plan 206 replenishment units before the next demand cycle.
OUT0289,Franchise Outlet 0289,55.44,Needs Improvement,High,Overstaffed,49.12,Moderate,Medium,1.08,100.0,0,185,Low,NO_ACTION,Healthy,66.6,2,Marketing,Medium,Operational health is 66.6/100 with 2 component(s) below 70. The weakest area is marketing; the current inventory action is no action.,"Review campaign ROI and engagement by campaign type, and reallocate spend to the strongest conversion sources."
OUT0290,Franchise Outlet 0290,94.29,Top Performer,Medium,Understaffed,73.29,Moderate,Low,2.53,35.0,0,2994,Medium,REORDER,Low,69.15,1,Inventory,Medium,Operational health is 69.2/100 with 1 component(s) below 70. The weakest area is inventory; the current inventory action is reorder.,"Complete the inventory action and plan 2,994 replenishment units before the next demand cycle."
OUT0291,Franchise Outlet 0291,67.48,Meets Expectations,Medium,Overstaffed,58.67,Moderate,Low,1.35,35.0,0,600,Medium,REORDER,Low,54.65,3,Inventory,High,Operational health is 54.6/100 with 3 component(s) below 70. The weakest area is inventory; the current inventory action is reorder.,Complete the inventory action and plan 600 replenishment units before the next demand cycle.
OUT0292,Franchise Outlet 0292,72.98,Meets Expectations,Medium,Overstaffed,59.98,Moderate,Low,1.32,35.0,0,1123,Medium,REORDER,Low,57.04,2,Inventory,Medium,Operational health is 57.0/100 with 2 component(s) below 70. The weakest area is inventory; the current inventory action is reorder.,"Complete the inventory action and plan 1,123 replenishment units before the next demand cycle."
OUT0293,Franchise Outlet 0293,67.9,Meets Expectations,Medium,Overstaffed,51.7,Moderate,Medium,1.61,100.0,0,374,Medium,MONITOR_WASTAGE,Healthy,71.86,2,Marketing,Medium,Operational health is 71.9/100 with 2 component(s) below 70. The weakest area is marketing; the current inventory action is monitor wastage.,"Review campaign ROI and engagement by campaign type, and reallocate spend to the strongest conversion sources."
OUT0294,Franchise Outlet 0294,93.47,Top Performer,Medium,Understaffed,75.02,High Performing,Medium,2.01,100.0,0,1489,Low,NO_ACTION,Healthy,88.97,0,Marketing,Low,Operational health is 89.0/100 with 0 component(s) below 70. The weakest area is marketing; the current inventory action is no action.,"Review campaign ROI and engagement by campaign type, and reallocate spend to the strongest conversion sources."
OUT0295,Franchise Outlet 0295,85.64,Meets Expectations,Medium,Understaffed,61.38,Moderate,Low,2.45,100.0,0,785,Low,NO_ACTION,Healthy,81.46,1,Marketing,Medium,Operational health is 81.5/100 with 1 component(s) below 70. The weakest area is marketing; the current inventory action is no action.,"Review campaign ROI and engagement by campaign type, and reallocate spend to the strongest conversion sources."
OUT0296,Franchise Outlet 0296,75.77,Meets Expectations,Low,Balanced,62.46,Moderate,Low,1.49,100.0,0,590,Medium,MONITOR_WASTAGE,Healthy,78.38,1,Marketing,Medium,Operational health is 78.4/100 with 1 component(s) below 70. The weakest area is marketing; the current inventory action is monitor wastage.,"Review campaign ROI and engagement by campaign type, and reallocate spend to the strongest conversion sources."
OUT0297,Franchise Outlet 0297,67.48,Meets Expectations,Medium,Overstaffed,51.99,Moderate,High,1.69,100.0,0,206,Low,NO_ACTION,Healthy,71.81,2,Marketing,Medium,Operational health is 71.8/100 with 2 component(s) below 70. The weakest area is marketing; the current inventory action is no action.,"Review campaign ROI and engagement by campaign type, and reallocate spend to the strongest conversion sources."
OUT0298,Franchise Outlet 0298,93.89,Top Performer,Medium,Understaffed,77.03,High Performing,Low,2.3,100.0,0,3065,Medium,MONITOR_WASTAGE,Healthy,89.82,0,Marketing,Medium,Operational health is 89.8/100 with 0 component(s) below 70. The weakest area is marketing; the current inventory action is monitor wastage.,"Review campaign ROI and engagement by campaign type, and reallocate spend to the strongest conversion sources."
OUT0299,Franchise Outlet 0299,90.52,Meets Expectations,Medium,Understaffed,62.45,Moderate,Low,2.65,35.0,0,1808,Medium,REORDER,Low,64.04,2,Inventory,Medium,Operational health is 64.0/100 with 2 component(s) below 70. The weakest area is inventory; the current inventory action is reorder.,"Complete the inventory action and plan 1,808 replenishment units before the next demand cycle."
OUT0300,Franchise Outlet 0300,93.14,Top Performer,Medium,Understaffed,74.0,Moderate,Low,2.94,100.0,0,2250,Low,NO_ACTION,Healthy,88.5,0,Marketing,Low,Operational health is 88.5/100 with 0 component(s) below 70. The weakest area is marketing; the current inventory action is no action.,"Review campaign ROI and engagement by campaign type, and reallocate spend to the strongest conversion sources."
OUT0301,Franchise Outlet 0301,61.1,Needs Improvement,High,Overstaffed,51.23,Moderate,Medium,1.03,100.0,0,236,Medium,MONITOR_WASTAGE,Healthy,69.32,2,Marketing,Medium,Operational health is 69.3/100 with 2 component(s) below 70. The weakest area is marketing; the current inventory action is monitor wastage.,"Review campaign ROI and engagement by campaign type, and reallocate spend to the strongest conversion sources."
OUT0302,Franchise Outlet 0302,62.45,Needs Improvement,High,Overstaffed,44.94,Moderate,Medium,1.27,100.0,0,152,Low,NO_ACTION,Healthy,67.59,2,Marketing,Medium,Operational health is 67.6/100 with 2 component(s) below 70. The weakest area is marketing; the current inventory action is no action.,"Review campaign ROI and engagement by campaign type, and reallocate spend to the strongest conversion sources."
OUT0303,Franchise Outlet 0303,91.23,Top Performer,Medium,Understaffed,57.83,Moderate,Medium,2.14,35.0,0,2188,Medium,REORDER,Low,62.67,2,Inventory,Medium,Operational health is 62.7/100 with 2 component(s) below 70. The weakest area is inventory; the current inventory action is reorder.,"Complete the inventory action and plan 2,188 replenishment units before the next demand cycle."
OUT0304,Franchise Outlet 0304,74.99,Meets Expectations,Low,Balanced,57.67,Moderate,Low,1.65,100.0,0,175,Low,NO_ACTION,Healthy,76.43,1,Marketing,Medium,Operational health is 76.4/100 with 1 component(s) below 70. The weakest area is marketing; the current inventory action is no action.,"Review campaign ROI and engagement by campaign type, and reallocate spend to the strongest conversion sources."
OUT0305,Franchise Outlet 0305,55.68,Needs Improvement,High,Overstaffed,46.69,Moderate,High,0.99,100.0,0,194,Low,NO_ACTION,Healthy,65.83,2,Marketing,Medium,Operational health is 65.8/100 with 2 component(s) below 70. The weakest area is marketing; the current inventory action is no action.,"Review campaign ROI and engagement by campaign type, and reallocate spend to the strongest conversion sources."
OUT0306,Franchise Outlet 0306,61.01,Needs Improvement,High,Overstaffed,54.59,Moderate,Medium,1.65,100.0,0,1013,Medium,MONITOR_WASTAGE,Healthy,70.46,2,Marketing,Medium,Operational health is 70.5/100 with 2 component(s) below 70. The weakest area is marketing; the current inventory action is monitor wastage.,"Review campaign ROI and engagement by campaign type, and reallocate spend to the strongest conversion sources."
OUT0307,Franchise Outlet 0307,61.23,Needs Improvement,High,Overstaffed,58.23,Moderate,Low,1.84,100.0,0,551,Low,NO_ACTION,Healthy,71.81,2,Marketing,Medium,Operational health is 71.8/100 with 2 component(s) below 70. The weakest area is marketing; the current inventory action is no action.,"Review campaign ROI and engagement by campaign type, and reallocate spend to the strongest conversion sources."
OUT0308,Franchise Outlet 0308,80.89,Meets Expectations,Medium,Understaffed,54.83,Moderate,Medium,2.16,35.0,0,1832,Medium,REORDER,Low,58.0,2,Inventory,High,Operational health is 58.0/100 with 2 component(s) below 70. The weakest area is inventory; the current inventory action is reorder.,"Complete the inventory action and plan 1,832 replenishment units before the next demand cycle."
OUT0309,Franchise Outlet 0309,64.47,Needs Improvement,High,Overstaffed,56.8,Moderate,Low,1.25,35.0,0,614,Medium,REORDER,Low,52.94,3,Inventory,High,Operational health is 52.9/100 with 3 component(s) below 70. The weakest area is inventory; the current inventory action is reorder.,Complete the inventory action and plan 614 replenishment units before the next demand cycle.
OUT0310,Franchise Outlet 0310,65.64,Needs Improvement,High,Overstaffed,54.77,Moderate,Medium,1.9,100.0,0,850,Low,NO_ACTION,Healthy,72.14,2,Marketing,Medium,Operational health is 72.1/100 with 2 component(s) below 70. The weakest area is marketing; the current inventory action is no action.,"Review campaign ROI and engagement by campaign type, and reallocate spend to the strongest conversion sources."
OUT0311,Franchise Outlet 0311,84.37,Meets Expectations,Medium,Understaffed,66.12,Moderate,Medium,2.16,100.0,0,387,Medium,MONITOR_WASTAGE,Healthy,82.67,1,Marketing,Medium,Operational health is 82.7/100 with 1 component(s) below 70. The weakest area is marketing; the current inventory action is monitor wastage.,"Review campaign ROI and engagement by campaign type, and reallocate spend to the strongest conversion sources."
OUT0312,Franchise Outlet 0312,65.55,Needs Improvement,High,Overstaffed,46.87,Moderate,High,1.54,100.0,0,438,Low,NO_ACTION,Healthy,69.35,2,Marketing,Medium,Operational health is 69.3/100 with 2 component(s) below 70. The weakest area is marketing; the current inventory action is no action.,"Review campaign ROI and engagement by campaign type, and reallocate spend to the strongest conversion sources."
OUT0313,Franchise Outlet 0313,65.95,Needs Improvement,High,Overstaffed,57.79,Moderate,Low,1.64,35.0,0,699,Medium,REORDER,Low,53.81,3,Inventory,High,Operational health is 53.8/100 with 3 component(s) below 70. The weakest area is inventory; the current inventory action is reorder.,Complete the inventory action and plan 699 replenishment units before the next demand cycle.
OUT0314,Franchise Outlet 0314,92.59,Top Performer,Medium,Understaffed,68.36,Moderate,Medium,1.61,100.0,0,1972,Low,NO_ACTION,Healthy,86.33,1,Marketing,Medium,Operational health is 86.3/100 with 1 component(s) below 70. The weakest area is marketing; the current inventory action is no action.,"Review campaign ROI and engagement by campaign type, and reallocate spend to the strongest conversion sources."
OUT0315,Franchise Outlet 0315,65.88,Needs Improvement,High,Overstaffed,60.59,Moderate,Low,2.19,100.0,0,1144,Low,NO_ACTION,Healthy,74.26,2,Marketing,Medium,Operational health is 74.3/100 with 2 component(s) below 70. The weakest area is marketing; the current inventory action is no action.,"Review campaign ROI and engagement by campaign type, and reallocate spend to the strongest conversion sources."
OUT0316,Franchise Outlet 0316,65.54,Needs Improvement,High,Overstaffed,61.34,Moderate,Medium,1.49,35.0,0,574,Medium,REORDER,Low,54.91,3,Inventory,High,Operational health is 54.9/100 with 3 component(s) below 70. The weakest area is inventory; the current inventory action is reorder.,Complete the inventory action and plan 574 replenishment units before the next demand cycle.
OUT0317,Franchise Outlet 0317,93.53,Top Performer,Medium,Understaffed,63.34,Moderate,Medium,2.76,100.0,0,1537,Low,NO_ACTION,Healthy,84.9,1,Marketing,Medium,Operational health is 84.9/100 with 1 component(s) below 70. The weakest area is marketing; the current inventory action is no action.,"Review campaign ROI and engagement by campaign type, and reallocate spend to the strongest conversion sources."
OUT0318,Franchise Outlet 0318,90.48,Meets Expectations,Medium,Understaffed,58.69,Moderate,Low,2.02,35.0,0,1446,Medium,REORDER,Low,62.71,2,Inventory,Medium,Operational health is 62.7/100 with 2 component(s) below 70. The weakest area is inventory; the current inventory action is reorder.,"Complete the inventory action and plan 1,446 replenishment units before the next demand cycle."
OUT0319,Franchise Outlet 0319,55.57,Needs Improvement,High,Overstaffed,46.61,Moderate,Medium,1.37,100.0,0,153,Low,NO_ACTION,Healthy,65.76,2,Marketing,Medium,Operational health is 65.8/100 with 2 component(s) below 70. The weakest area is marketing; the current inventory action is no action.,"Review campaign ROI and engagement by campaign type, and reallocate spend to the strongest conversion sources."
OUT0320,Franchise Outlet 0320,67.05,Meets Expectations,Medium,Overstaffed,63.22,Moderate,Medium,1.16,100.0,0,609,Low,NO_ACTION,Healthy,75.59,2,Marketing,Medium,Operational health is 75.6/100 with 2 component(s) below 70. The weakest area is marketing; the current inventory action is no action.,"Review campaign ROI and engagement by campaign type, and reallocate spend to the strongest conversion sources."
OUT0321,Franchise Outlet 0321,65.93,Needs Improvement,High,Overstaffed,48.29,Moderate,High,1.33,100.0,0,551,Medium,MONITOR_WASTAGE,Healthy,69.98,2,Marketing,Medium,Operational health is 70.0/100 with 2 component(s) below 70. The weakest area is marketing; the current inventory action is monitor wastage.,"Review campaign ROI and engagement by campaign type, and reallocate spend to the strongest conversion sources."
OUT0322,Franchise Outlet 0322,73.84,Meets Expectations,Medium,Overstaffed,64.26,Moderate,Medium,1.22,100.0,0,994,Low,NO_ACTION,Healthy,78.34,1,Marketing,Medium,Operational health is 78.3/100 with 1 component(s) below 70. The weakest area is marketing; the current inventory action is no action.,"Review campaign ROI and engagement by campaign type, and reallocate spend to the strongest conversion sources."
OUT0323,Franchise Outlet 0323,65.82,Needs Improvement,High,Overstaffed,51.02,Moderate,Medium,1.69,35.0,0,738,Medium,REORDER,Low,51.39,3,Inventory,High,Operational health is 51.4/100 with 3 component(s) below 70. The weakest area is inventory; the current inventory action is reorder.,Complete the inventory action and plan 738 replenishment units before the next demand cycle.
OUT0324,Franchise Outlet 0324,93.91,Top Performer,Medium,Understaffed,82.27,High Performing,Low,2.78,100.0,0,1190,Low,NO_ACTION,Healthy,91.66,0,Marketing,Low,Operational health is 91.7/100 with 0 component(s) below 70. The weakest area is marketing; the current inventory action is no action.,"Review campaign ROI and engagement by campaign type, and reallocate spend to the strongest conversion sources."
OUT0325,Franchise Outlet 0325,58.73,Needs Improvement,High,Overstaffed,48.09,Moderate,Medium,1.29,100.0,0,193,Low,NO_ACTION,Healthy,67.39,2,Marketing,Medium,Operational health is 67.4/100 with 2 component(s) below 70. The weakest area is marketing; the current inventory action is no action.,"Review campaign ROI and engagement by campaign type, and reallocate spend to the strongest conversion sources."
OUT0326,Franchise Outlet 0326,71.85,Meets Expectations,Low,Balanced,52.91,Moderate,Low,1.77,100.0,0,780,Medium,MONITOR_WASTAGE,Healthy,73.67,1,Marketing,Medium,Operational health is 73.7/100 with 1 component(s) below 70. The weakest area is marketing; the current inventory action is monitor wastage.,"Review campaign ROI and engagement by campaign type, and reallocate spend to the strongest conversion sources."
OUT0327,Franchise Outlet 0327,91.83,Top Performer,Medium,Understaffed,70.14,Moderate,Low,2.09,100.0,0,1616,Low,NO_ACTION,Healthy,86.69,0,Marketing,Low,Operational health is 86.7/100 with 0 component(s) below 70. The weakest area is marketing; the current inventory action is no action.,"Review campaign ROI and engagement by campaign type, and reallocate spend to the strongest conversion sources."
OUT0328,Franchise Outlet 0328,70.16,Meets Expectations,Low,Balanced,54.81,Moderate,Medium,1.38,100.0,0,1293,Medium,MONITOR_WASTAGE,Healthy,73.74,1,Marketing,Medium,Operational health is 73.7/100 with 1 component(s) below 70. The weakest area is marketing; the current inventory action is monitor wastage.,"Review campaign ROI and engagement by campaign type, and reallocate spend to the strongest conversion sources."
OUT0329,Franchise Outlet 0329,56.47,Needs Improvement,High,Overstaffed,49.67,Moderate,Medium,0.93,100.0,0,270,Low,NO_ACTION,Healthy,67.15,2,Marketing,Medium,Operational health is 67.2/100 with 2 component(s) below 70. The weakest area is marketing; the current inventory action is no action.,"Review campaign ROI and engagement by campaign type, and reallocate spend to the strongest conversion sources."
OUT0330,Franchise Outlet 0330,79.07,Meets Expectations,Medium,Understaffed,59.72,Moderate,Low,1.63,35.0,0,1052,Medium,REORDER,Low,59.08,2,Inventory,Medium,Operational health is 59.1/100 with 2 component(s) below 70. The weakest area is inventory; the current inventory action is reorder.,"Complete the inventory action and plan 1,052 replenishment units before the next demand cycle."
OUT0331,Franchise Outlet 0331,74.33,Meets Expectations,Low,Balanced,54.41,Moderate,Medium,2.05,35.0,0,1230,Medium,REORDER,Low,55.56,2,Inventory,High,Operational health is 55.6/100 with 2 component(s) below 70. The weakest area is inventory; the current inventory action is reorder.,"Complete the inventory action and plan 1,230 replenishment units before the next demand cycle."
OUT0332,Franchise Outlet 0332,93.91,Top Performer,Medium,Understaffed,78.31,High Performing,Low,2.94,100.0,0,2470,Low,NO_ACTION,Healthy,90.28,0,Marketing,Low,Operational health is 90.3/100 with 0 component(s) below 70. The weakest area is marketing; the current inventory action is no action.,"Review campaign ROI and engagement by campaign type, and reallocate spend to the strongest conversion sources."
OUT0333,Franchise Outlet 0333,67.19,Meets Expectations,Medium,Overstaffed,51.98,Moderate,Low,1.71,100.0,0,472,Medium,MONITOR_WASTAGE,Healthy,71.71,2,Marketing,Medium,Operational health is 71.7/100 with 2 component(s) below 70. The weakest area is marketing; the current inventory action is monitor wastage.,"Review campaign ROI and engagement by campaign type, and reallocate spend to the strongest conversion sources."
OUT0334,Franchise Outlet 0334,76.86,Meets Expectations,Medium,Understaffed,48.56,Moderate,High,1.97,100.0,0,810,Low,NO_ACTION,Healthy,73.9,1,Marketing,Medium,Operational health is 73.9/100 with 1 component(s) below 70. The weakest area is marketing; the current inventory action is no action.,"Review campaign ROI and engagement by campaign type, and reallocate spend to the strongest conversion sources."
OUT0335,Franchise Outlet 0335,64.95,Needs Improvement,High,Overstaffed,49.23,Moderate,Medium,1.12,35.0,0,586,Medium,REORDER,Low,50.46,3,Inventory,High,Operational health is 50.5/100 with 3 component(s) below 70. The weakest area is inventory; the current inventory action is reorder.,Complete the inventory action and plan 586 replenishment units before the next demand cycle.
OUT0336,Franchise Outlet 0336,66.39,Meets Expectations,Medium,Overstaffed,55.54,Moderate,Low,1.22,100.0,0,395,Medium,MONITOR_WASTAGE,Healthy,72.68,2,Marketing,Medium,Operational health is 72.7/100 with 2 component(s) below 70. The weakest area is marketing; the current inventory action is monitor wastage.,"Review campaign ROI and engagement by campaign type, and reallocate spend to the strongest conversion sources."
OUT0337,Franchise Outlet 0337,61.52,Needs Improvement,High,Overstaffed,46.24,Moderate,High,1.37,35.0,0,349,Medium,REORDER,Low,48.22,3,Inventory,High,Operational health is 48.2/100 with 3 component(s) below 70. The weakest area is inventory; the current inventory action is reorder.,Complete the inventory action and plan 349 replenishment units before the next demand cycle.
OUT0338,Franchise Outlet 0338,75.47,Meets Expectations,Low,Balanced,56.5,Moderate,Low,2.23,100.0,0,1196,Medium,MONITOR_WASTAGE,Healthy,76.19,1,Marketing,Medium,Operational health is 76.2/100 with 1 component(s) below 70. The weakest area is marketing; the current inventory action is monitor wastage.,"Review campaign ROI and engagement by campaign type, and reallocate spend to the strongest conversion sources."
OUT0339,Franchise Outlet 0339,75.4,Meets Expectations,Low,Balanced,61.42,Moderate,Medium,2.17,35.0,0,1257,Medium,REORDER,Low,58.39,2,Inventory,Medium,Operational health is 58.4/100 with 2 component(s) below 70. The weakest area is inventory; the current inventory action is reorder.,"Complete the inventory action and plan 1,257 replenishment units before the next demand cycle."
OUT0340,Franchise Outlet 0340,94.18,Top Performer,Medium,Understaffed,70.69,Moderate,Low,2.46,35.0,0,2467,Medium,REORDER,Low,68.2,1,Inventory,Medium,Operational health is 68.2/100 with 1 component(s) below 70. The weakest area is inventory; the current inventory action is reorder.,"Complete the inventory action and plan 2,467 replenishment units before the next demand cycle."
OUT0341,Franchise Outlet 0341,82.34,Meets Expectations,Medium,Understaffed,61.16,Moderate,Low,2.11,100.0,0,540,Medium,MONITOR_WASTAGE,Healthy,80.22,1,Marketing,Medium,Operational health is 80.2/100 with 1 component(s) below 70. The weakest area is marketing; the current inventory action is monitor wastage.,"Review campaign ROI and engagement by campaign type, and reallocate spend to the strongest conversion sources."
OUT0342,Franchise Outlet 0342,91.28,Top Performer,Medium,Understaffed,68.63,Moderate,Low,2.67,35.0,0,2189,Medium,REORDER,Low,66.47,2,Inventory,Medium,Operational health is 66.5/100 with 2 component(s) below 70. The weakest area is inventory; the current inventory action is reorder.,"Complete the inventory action and plan 2,189 replenishment units before the next demand cycle."
OUT0343,Franchise Outlet 0343,65.01,Needs Improvement,High,Overstaffed,48.64,Moderate,High,1.21,10.0,1,800,High,URGENT_REORDER,Critical,42.78,3,Inventory,High,Operational health is 42.8/100 with 3 component(s) below 70. The weakest area is inventory; the current inventory action is urgent reorder.,Complete the inventory action and plan 800 replenishment units before the next demand cycle.
OUT0344,Franchise Outlet 0344,55.37,Needs Improvement,High,Overstaffed,49.63,Moderate,Medium,0.89,100.0,0,174,Low,NO_ACTION,Healthy,66.75,2,Marketing,Medium,Operational health is 66.8/100 with 2 component(s) below 70. The weakest area is marketing; the current inventory action is no action.,"Review campaign ROI and engagement by campaign type, and reallocate spend to the strongest conversion sources."
OUT0345,Franchise Outlet 0345,65.91,Needs Improvement,High,Overstaffed,57.22,Moderate,Low,1.21,100.0,0,413,Low,NO_ACTION,Healthy,73.1,2,Marketing,Medium,Operational health is 73.1/100 with 2 component(s) below 70. The weakest area is marketing; the current inventory action is no action.,"Review campaign ROI and engagement by campaign type, and reallocate spend to the strongest conversion sources."
OUT0346,Franchise Outlet 0346,91.73,Top Performer,Medium,Understaffed,72.36,Moderate,Low,2.59,35.0,0,2529,Medium,REORDER,Low,67.93,1,Inventory,Medium,Operational health is 67.9/100 with 1 component(s) below 70. The weakest area is inventory; the current inventory action is reorder.,"Complete the inventory action and plan 2,529 replenishment units before the next demand cycle."
OUT0347,Franchise Outlet 0347,79.91,Meets Expectations,Medium,Understaffed,63.01,Moderate,Low,1.57,35.0,0,1040,Medium,REORDER,Low,60.52,2,Inventory,Medium,Operational health is 60.5/100 with 2 component(s) below 70. The weakest area is inventory; the current inventory action is reorder.,"Complete the inventory action and plan 1,040 replenishment units before the next demand cycle."
OUT0348,Franchise Outlet 0348,73.64,Meets Expectations,Low,Balanced,59.23,Moderate,Low,2.58,100.0,0,720,Medium,MONITOR_WASTAGE,Healthy,76.5,1,Marketing,Medium,Operational health is 76.5/100 with 1 component(s) below 70. The weakest area is marketing; the current inventory action is monitor wastage.,"Review campaign ROI and engagement by campaign type, and reallocate spend to the strongest conversion sources."
OUT0349,Franchise Outlet 0349,93.85,Top Performer,Medium,Understaffed,78.72,High Performing,Low,2.71,100.0,0,2498,Low,NO_ACTION,Healthy,90.4,0,Marketing,Low,Operational health is 90.4/100 with 0 component(s) below 70. The weakest area is marketing; the current inventory action is no action.,"Review campaign ROI and engagement by campaign type, and reallocate spend to the strongest conversion sources."
OUT0350,Franchise Outlet 0350,65.02,Needs Improvement,High,Overstaffed,55.21,Moderate,Low,1.55,100.0,0,730,Low,NO_ACTION,Healthy,72.08,2,Marketing,Medium,Operational health is 72.1/100 with 2 component(s) below 70. The weakest area is marketing; the current inventory action is no action.,"Review campaign ROI and engagement by campaign type, and reallocate spend to the strongest conversion sources."
OUT0351,Franchise Outlet 0351,67.12,Meets Expectations,Medium,Overstaffed,52.32,Moderate,Medium,1.24,100.0,0,498,Medium,MONITOR_WASTAGE,Healthy,71.8,2,Marketing,Medium,Operational health is 71.8/100 with 2 component(s) below 70. The weakest area is marketing; the current inventory action is monitor wastage.,"Review campaign ROI and engagement by campaign type, and reallocate spend to the strongest conversion sources."
OUT0352,Franchise Outlet 0352,59.9,Needs Improvement,High,Overstaffed,46.83,Moderate,Medium,1.12,100.0,0,237,Low,NO_ACTION,Healthy,67.36,2,Marketing,Medium,Operational health is 67.4/100 with 2 component(s) below 70. The weakest area is marketing; the current inventory action is no action.,"Review campaign ROI and engagement by campaign type, and reallocate spend to the strongest conversion sources."
OUT0353,Franchise Outlet 0353,68.88,Meets Expectations,Medium,Overstaffed,57.24,Moderate,Low,1.6,100.0,0,424,Medium,MONITOR_WASTAGE,Healthy,74.14,2,Marketing,Medium,Operational health is 74.1/100 with 2 component(s) below 70. The weakest area is marketing; the current inventory action is monitor wastage.,"Review campaign ROI and engagement by campaign type, and reallocate spend to the strongest conversion sources."
OUT0354,Franchise Outlet 0354,93.41,Top Performer,Medium,Understaffed,74.01,Moderate,Low,3.19,100.0,0,2216,Low,NO_ACTION,Healthy,88.6,0,Marketing,Low,Operational health is 88.6/100 with 0 component(s) below 70. The weakest area is marketing; the current inventory action is no action.,"Review campaign ROI and engagement by campaign type, and reallocate spend to the strongest conversion sources."
OUT0355,Franchise Outlet 0355,59.05,Needs Improvement,High,Overstaffed,52.41,Moderate,Medium,1.79,100.0,0,473,Low,NO_ACTION,Healthy,69.01,2,Marketing,Medium,Operational health is 69.0/100 with 2 component(s) below 70. The weakest area is marketing; the current inventory action is no action.,"Review campaign ROI and engagement by campaign type, and reallocate spend to the strongest conversion sources."
OUT0356,Franchise Outlet 0356,68.39,Meets Expectations,Medium,Overstaffed,53.3,Moderate,Medium,1.13,35.0,0,621,Medium,REORDER,Low,53.09,3,Inventory,High,Operational health is 53.1/100 with 3 component(s) below 70. The weakest area is inventory; the current inventory action is reorder.,Complete the inventory action and plan 621 replenishment units before the next demand cycle.
OUT0357,Franchise Outlet 0357,56.39,Needs Improvement,High,Overstaffed,45.38,Moderate,High,1.25,35.0,0,550,Medium,REORDER,Low,46.12,3,Inventory,High,Operational health is 46.1/100 with 3 component(s) below 70. The weakest area is inventory; the current inventory action is reorder.,Complete the inventory action and plan 550 replenishment units before the next demand cycle.
OUT0358,Franchise Outlet 0358,72.07,Meets Expectations,Low,Balanced,52.48,Moderate,High,2.18,100.0,0,369,Medium,MONITOR_WASTAGE,Healthy,73.59,1,Marketing,Medium,Operational health is 73.6/100 with 1 component(s) below 70. The weakest area is marketing; the current inventory action is monitor wastage.,"Review campaign ROI and engagement by campaign type, and reallocate spend to the strongest conversion sources."
OUT0359,Franchise Outlet 0359,92.29,Top Performer,Medium,Understaffed,74.31,Moderate,Low,2.75,100.0,0,1807,Low,NO_ACTION,Healthy,88.31,0,Marketing,Low,Operational health is 88.3/100 with 0 component(s) below 70. The weakest area is marketing; the current inventory action is no action.,"Review campaign ROI and engagement by campaign type, and reallocate spend to the strongest conversion sources."
OUT0360,Franchise Outlet 0360,65.47,Needs Improvement,High,Overstaffed,58.89,Moderate,Medium,1.69,100.0,0,467,Low,NO_ACTION,Healthy,73.53,2,Marketing,Medium,Operational health is 73.5/100 with 2 component(s) below 70. The weakest area is marketing; the current inventory action is no action.,"Review campaign ROI and engagement by campaign type, and reallocate spend to the strongest conversion sources."
OUT0361,Franchise Outlet 0361,91.74,Top Performer,Medium,Understaffed,75.51,High Performing,Low,2.68,35.0,0,2107,Medium,REORDER,Low,69.04,1,Inventory,Medium,Operational health is 69.0/100 with 1 component(s) below 70. The weakest area is inventory; the current inventory action is reorder.,"Complete the inventory action and plan 2,107 replenishment units before the next demand cycle."
OUT0362,Franchise Outlet 0362,77.47,Meets Expectations,Medium,Understaffed,53.37,Moderate,Medium,1.89,35.0,0,666,Medium,REORDER,Low,56.29,2,Inventory,High,Operational health is 56.3/100 with 2 component(s) below 70. The weakest area is inventory; the current inventory action is reorder.,Complete the inventory action and plan 666 replenishment units before the next demand cycle.
OUT0363,Franchise Outlet 0363,71.23,Meets Expectations,Low,Balanced,56.67,Moderate,Low,1.22,35.0,0,614,Medium,REORDER,Low,55.26,2,Inventory,Medium,Operational health is 55.3/100 with 2 component(s) below 70. The weakest area is inventory; the current inventory action is reorder.,Complete the inventory action and plan 614 replenishment units before the next demand cycle.
OUT0364,Franchise Outlet 0364,66.37,Meets Expectations,Medium,Overstaffed,52.04,Moderate,Medium,1.97,10.0,1,999,High,URGENT_REORDER,Critical,44.44,3,Inventory,High,Operational health is 44.4/100 with 3 component(s) below 70. The weakest area is inventory; the current inventory action is urgent reorder.,Complete the inventory action and plan 999 replenishment units before the next demand cycle.
OUT0365,Franchise Outlet 0365,60.98,Needs Improvement,High,Overstaffed,47.52,Moderate,Medium,1.68,100.0,0,440,Low,NO_ACTION,Healthy,67.97,2,Marketing,Medium,Operational health is 68.0/100 with 2 component(s) below 70. The weakest area is marketing; the current inventory action is no action.,"Review campaign ROI and engagement by campaign type, and reallocate spend to the strongest conversion sources."
OUT0366,Franchise Outlet 0366,62.16,Needs Improvement,High,Overstaffed,48.24,Moderate,Medium,1.26,100.0,0,272,Medium,MONITOR_WASTAGE,Healthy,68.64,2,Marketing,Medium,Operational health is 68.6/100 with 2 component(s) below 70. The weakest area is marketing; the current inventory action is monitor wastage.,"Review campaign ROI and engagement by campaign type, and reallocate spend to the strongest conversion sources."
OUT0367,Franchise Outlet 0367,75.35,Meets Expectations,Low,Balanced,61.98,Moderate,Low,1.86,35.0,0,1087,Medium,REORDER,Low,58.57,2,Inventory,Medium,Operational health is 58.6/100 with 2 component(s) below 70. The weakest area is inventory; the current inventory action is reorder.,"Complete the inventory action and plan 1,087 replenishment units before the next demand cycle."
OUT0368,Franchise Outlet 0368,55.71,Needs Improvement,High,Overstaffed,48.44,Moderate,Medium,1.32,100.0,0,255,Medium,MONITOR_WASTAGE,Healthy,66.45,2,Marketing,Medium,Operational health is 66.5/100 with 2 component(s) below 70. The weakest area is marketing; the current inventory action is monitor wastage.,"Review campaign ROI and engagement by campaign type, and reallocate spend to the strongest conversion sources."
OUT0369,Franchise Outlet 0369,79.05,Meets Expectations,Medium,Understaffed,66.28,Moderate,Low,1.81,100.0,0,1178,Low,NO_ACTION,Healthy,80.87,1,Marketing,Medium,Operational health is 80.9/100 with 1 component(s) below 70. The weakest area is marketing; the current inventory action is no action.,"Review campaign ROI and engagement by campaign type, and reallocate spend to the strongest conversion sources."
OUT0370,Franchise Outlet 0370,94.0,Top Performer,Medium,Understaffed,68.23,Moderate,Medium,2.19,100.0,0,768,Low,NO_ACTION,Healthy,86.78,1,Marketing,Medium,Operational health is 86.8/100 with 1 component(s) below 70. The weakest area is marketing; the current inventory action is no action.,"Review campaign ROI and engagement by campaign type, and reallocate spend to the strongest conversion sources."
OUT0371,Franchise Outlet 0371,73.78,Meets Expectations,Low,Balanced,58.87,Moderate,Low,1.43,35.0,0,916,Medium,REORDER,Low,56.93,2,Inventory,Medium,Operational health is 56.9/100 with 2 component(s) below 70. The weakest area is inventory; the current inventory action is reorder.,Complete the inventory action and plan 916 replenishment units before the next demand cycle.
OUT0372,Franchise Outlet 0372,66.09,Needs Improvement,High,Overstaffed,60.89,Moderate,Low,1.55,100.0,0,164,Low,NO_ACTION,Healthy,74.44,2,Marketing,Medium,Operational health is 74.4/100 with 2 component(s) below 70. The weakest area is marketing; the current inventory action is no action.,"Review campaign ROI and engagement by campaign type, and reallocate spend to the strongest conversion sources."
OUT0373,Franchise Outlet 0373,86.98,Meets Expectations,Medium,Understaffed,61.45,Moderate,Low,2.16,100.0,0,745,Medium,MONITOR_WASTAGE,Healthy,81.95,1,Marketing,Medium,Operational health is 82.0/100 with 1 component(s) below 70. The weakest area is marketing; the current inventory action is monitor wastage.,"Review campaign ROI and engagement by campaign type, and reallocate spend to the strongest conversion sources."
OUT0374,Franchise Outlet 0374,74.77,Meets Expectations,Low,Balanced,52.86,Moderate,Low,1.63,35.0,0,809,Medium,REORDER,Low,55.17,2,Inventory,High,Operational health is 55.2/100 with 2 component(s) below 70. The weakest area is inventory; the current inventory action is reorder.,Complete the inventory action and plan 809 replenishment units before the next demand cycle.
OUT0375,Franchise Outlet 0375,91.9,Top Performer,Medium,Understaffed,62.49,Moderate,Low,2.34,35.0,0,1809,Medium,REORDER,Low,64.54,2,Inventory,Medium,Operational health is 64.5/100 with 2 component(s) below 70. The weakest area is inventory; the current inventory action is reorder.,"Complete the inventory action and plan 1,809 replenishment units before the next demand cycle."
OUT0376,Franchise Outlet 0376,76.28,Meets Expectations,Low,Balanced,57.03,Moderate,Low,1.84,35.0,0,1541,Medium,REORDER,Low,57.16,2,Inventory,Medium,Operational health is 57.2/100 with 2 component(s) below 70. The weakest area is inventory; the current inventory action is reorder.,"Complete the inventory action and plan 1,541 replenishment units before the next demand cycle."
OUT0377,Franchise Outlet 0377,76.34,Meets Expectations,Medium,Understaffed,55.05,Moderate,Low,1.71,10.0,1,1318,High,URGENT_REORDER,Critical,48.99,2,Inventory,High,Operational health is 49.0/100 with 2 component(s) below 70. The weakest area is inventory; the current inventory action is urgent reorder.,"Complete the inventory action and plan 1,318 replenishment units before the next demand cycle."
OUT0378,Franchise Outlet 0378,91.13,Top Performer,Medium,Understaffed,63.83,Moderate,Low,2.32,35.0,0,2314,Medium,REORDER,Low,64.74,2,Inventory,Medium,Operational health is 64.7/100 with 2 component(s) below 70. The weakest area is inventory; the current inventory action is reorder.,"Complete the inventory action and plan 2,314 replenishment units before the next demand cycle."
OUT0379,Franchise Outlet 0379,91.17,Top Performer,Medium,Understaffed,57.35,Moderate,Low,2.36,100.0,0,891,Low,NO_ACTION,Healthy,81.98,1,Marketing,Medium,Operational health is 82.0/100 with 1 component(s) below 70. The weakest area is marketing; the current inventory action is no action.,"Review campaign ROI and engagement by campaign type, and reallocate spend to the strongest conversion sources."
OUT0380,Franchise Outlet 0380,66.58,Meets Expectations,Medium,Overstaffed,53.41,Moderate,Medium,1.28,35.0,0,639,Medium,REORDER,Low,52.5,3,Inventory,High,Operational health is 52.5/100 with 3 component(s) below 70. The weakest area is inventory; the current inventory action is reorder.,Complete the inventory action and plan 639 replenishment units before the next demand cycle.
OUT0381,Franchise Outlet 0381,95.31,Top Performer,Medium,Understaffed,66.55,Moderate,Medium,2.23,35.0,0,3484,Medium,REORDER,Low,67.15,2,Inventory,Medium,Operational health is 67.2/100 with 2 component(s) below 70. The weakest area is inventory; the current inventory action is reorder.,"Complete the inventory action and plan 3,484 replenishment units before the next demand cycle."
OUT0382,Franchise Outlet 0382,82.01,Meets Expectations,Medium,Understaffed,61.23,Moderate,Medium,2.37,100.0,0,887,Low,NO_ACTION,Healthy,80.13,1,Marketing,Medium,Operational health is 80.1/100 with 1 component(s) below 70. The weakest area is marketing; the current inventory action is no action.,"Review campaign ROI and engagement by campaign type, and reallocate spend to the strongest conversion sources."
OUT0383,Franchise Outlet 0383,66.46,Meets Expectations,Medium,Overstaffed,52.65,Moderate,Medium,1.75,100.0,0,333,Medium,MONITOR_WASTAGE,Healthy,71.69,2,Marketing,Medium,Operational health is 71.7/100 with 2 component(s) below 70. The weakest area is marketing; the current inventory action is monitor wastage.,"Review campaign ROI and engagement by campaign type, and reallocate spend to the strongest conversion sources."
OUT0384,Franchise Outlet 0384,58.09,Needs Improvement,High,Overstaffed,51.46,Moderate,Low,1.23,100.0,0,384,Low,NO_ACTION,Healthy,68.34,2,Marketing,Medium,Operational health is 68.3/100 with 2 component(s) below 70. The weakest area is marketing; the current inventory action is no action.,"Review campaign ROI and engagement by campaign type, and reallocate spend to the strongest conversion sources."
OUT0385,Franchise Outlet 0385,64.31,Needs Improvement,High,Overstaffed,58.12,Moderate,Low,1.38,100.0,0,648,Low,NO_ACTION,Healthy,72.85,2,Marketing,Medium,Operational health is 72.8/100 with 2 component(s) below 70. The weakest area is marketing; the current inventory action is no action.,"Review campaign ROI and engagement by campaign type, and reallocate spend to the strongest conversion sources."
OUT0386,Franchise Outlet 0386,93.6,Top Performer,Medium,Understaffed,72.99,Moderate,Low,2.57,100.0,0,3083,Medium,MONITOR_WASTAGE,Healthy,88.31,0,Marketing,Medium,Operational health is 88.3/100 with 0 component(s) below 70. The weakest area is marketing; the current inventory action is monitor wastage.,"Review campaign ROI and engagement by campaign type, and reallocate spend to the strongest conversion sources."
OUT0387,Franchise Outlet 0387,58.81,Needs Improvement,High,Overstaffed,50.03,Moderate,Medium,1.34,35.0,0,665,Medium,REORDER,Low,48.59,3,Inventory,High,Operational health is 48.6/100 with 3 component(s) below 70. The weakest area is inventory; the current inventory action is reorder.,Complete the inventory action and plan 665 replenishment units before the next demand cycle.
OUT0388,Franchise Outlet 0388,87.41,Meets Expectations,Medium,Understaffed,60.59,Moderate,Low,1.89,35.0,0,1053,Medium,REORDER,Low,62.3,2,Inventory,Medium,Operational health is 62.3/100 with 2 component(s) below 70. The weakest area is inventory; the current inventory action is reorder.,"Complete the inventory action and plan 1,053 replenishment units before the next demand cycle."
OUT0389,Franchise Outlet 0389,64.21,Needs Improvement,High,Overstaffed,58.72,Moderate,Low,1.12,35.0,0,503,Medium,REORDER,Low,53.53,3,Inventory,High,Operational health is 53.5/100 with 3 component(s) below 70. The weakest area is inventory; the current inventory action is reorder.,Complete the inventory action and plan 503 replenishment units before the next demand cycle.
OUT0390,Franchise Outlet 0390,87.18,Meets Expectations,Medium,Understaffed,68.71,Moderate,Low,1.59,10.0,1,2682,High,URGENT_REORDER,Critical,57.56,2,Inventory,High,Operational health is 57.6/100 with 2 component(s) below 70. The weakest area is inventory; the current inventory action is urgent reorder.,"Complete the inventory action and plan 2,682 replenishment units before the next demand cycle."
OUT0391,Franchise Outlet 0391,86.96,Meets Expectations,Medium,Understaffed,47.1,Moderate,Medium,1.45,35.0,0,484,Medium,REORDER,Low,57.42,2,Inventory,High,Operational health is 57.4/100 with 2 component(s) below 70. The weakest area is inventory; the current inventory action is reorder.,Complete the inventory action and plan 484 replenishment units before the next demand cycle.
OUT0392,Franchise Outlet 0392,71.09,Meets Expectations,Low,Balanced,53.76,Moderate,Low,1.16,100.0,0,475,Low,NO_ACTION,Healthy,73.7,1,Marketing,Medium,Operational health is 73.7/100 with 1 component(s) below 70. The weakest area is marketing; the current inventory action is no action.,"Review campaign ROI and engagement by campaign type, and reallocate spend to the strongest conversion sources."
OUT0393,Franchise Outlet 0393,90.06,Meets Expectations,Medium,Understaffed,49.34,Moderate,Medium,1.3,100.0,0,460,Medium,MONITOR_WASTAGE,Healthy,78.79,1,Marketing,Medium,Operational health is 78.8/100 with 1 component(s) below 70. The weakest area is marketing; the current inventory action is monitor wastage.,"Review campaign ROI and engagement by campaign type, and reallocate spend to the strongest conversion sources."
OUT0394,Franchise Outlet 0394,83.01,Meets Expectations,Medium,Understaffed,47.86,Moderate,Medium,1.41,35.0,0,740,Medium,REORDER,Low,56.3,2,Inventory,High,Operational health is 56.3/100 with 2 component(s) below 70. The weakest area is inventory; the current inventory action is reorder.,Complete the inventory action and plan 740 replenishment units before the next demand cycle.
OUT0395,Franchise Outlet 0395,93.02,Top Performer,Medium,Understaffed,70.85,Moderate,Low,3.03,100.0,0,916,Low,NO_ACTION,Healthy,87.35,0,Marketing,Low,Operational health is 87.3/100 with 0 component(s) below 70. The weakest area is marketing; the current inventory action is no action.,"Review campaign ROI and engagement by campaign type, and reallocate spend to the strongest conversion sources."
OUT0396,Franchise Outlet 0396,80.82,Meets Expectations,Medium,Understaffed,54.28,Moderate,Medium,1.93,100.0,0,908,Medium,MONITOR_WASTAGE,Healthy,77.28,1,Marketing,Medium,Operational health is 77.3/100 with 1 component(s) below 70. The weakest area is marketing; the current inventory action is monitor wastage.,"Review campaign ROI and engagement by campaign type, and reallocate spend to the strongest conversion sources."
OUT0397,Franchise Outlet 0397,71.72,Meets Expectations,Low,Balanced,50.47,Moderate,Medium,1.59,100.0,0,786,Low,NO_ACTION,Healthy,72.77,1,Marketing,Medium,Operational health is 72.8/100 with 1 component(s) below 70. The weakest area is marketing; the current inventory action is no action.,"Review campaign ROI and engagement by campaign type, and reallocate spend to the strongest conversion sources."
OUT0398,Franchise Outlet 0398,81.98,Meets Expectations,Medium,Understaffed,65.73,Moderate,Low,1.42,10.0,1,2090,High,URGENT_REORDER,Critical,54.7,2,Inventory,High,Operational health is 54.7/100 with 2 component(s) below 70. The weakest area is inventory; the current inventory action is urgent reorder.,"Complete the inventory action and plan 2,090 replenishment units before the next demand cycle."
OUT0399,Franchise Outlet 0399,58.52,Needs Improvement,High,Overstaffed,49.47,Moderate,Medium,1.2,100.0,0,251,Low,NO_ACTION,Healthy,67.8,2,Marketing,Medium,Operational health is 67.8/100 with 2 component(s) below 70. The weakest area is marketing; the current inventory action is no action.,"Review campaign ROI and engagement by campaign type, and reallocate spend to the strongest conversion sources."
OUT0400,Franchise Outlet 0400,66.95,Meets Expectations,Medium,Overstaffed,61.78,Moderate,Low,1.56,100.0,0,433,Low,NO_ACTION,Healthy,75.06,2,Marketing,Medium,Operational health is 75.1/100 with 2 component(s) below 70. The weakest area is marketing; the current inventory action is no action.,"Review campaign ROI and engagement by campaign type, and reallocate spend to the strongest conversion sources."
OUT0401,Franchise Outlet 0401,91.45,Top Performer,Medium,Understaffed,67.19,Moderate,Low,2.42,35.0,0,1719,Medium,REORDER,Low,66.02,2,Inventory,Medium,Operational health is 66.0/100 with 2 component(s) below 70. The weakest area is inventory; the current inventory action is reorder.,"Complete the inventory action and plan 1,719 replenishment units before the next demand cycle."
OUT0402,Franchise Outlet 0402,70.86,Meets Expectations,Low,Balanced,52.04,Moderate,Medium,1.39,100.0,0,512,Low,NO_ACTION,Healthy,73.02,1,Marketing,Medium,Operational health is 73.0/100 with 1 component(s) below 70. The weakest area is marketing; the current inventory action is no action.,"Review campaign ROI and engagement by campaign type, and reallocate spend to the strongest conversion sources."
OUT0403,Franchise Outlet 0403,66.22,Meets Expectations,Medium,Overstaffed,54.27,Moderate,Low,1.41,35.0,0,825,Medium,REORDER,Low,52.67,3,Inventory,High,Operational health is 52.7/100 with 3 component(s) below 70. The weakest area is inventory; the current inventory action is reorder.,Complete the inventory action and plan 825 replenishment units before the next demand cycle.
OUT0404,Franchise Outlet 0404,53.61,Needs Improvement,High,Overstaffed,45.73,Moderate,Medium,1.17,10.0,1,294,High,URGENT_REORDER,Critical,37.77,3,Inventory,High,Operational health is 37.8/100 with 3 component(s) below 70. The weakest area is inventory; the current inventory action is urgent reorder.,Complete the inventory action and plan 294 replenishment units before the next demand cycle.
OUT0405,Franchise Outlet 0405,60.76,Needs Improvement,High,Overstaffed,43.9,Moderate,Medium,1.31,35.0,0,621,Medium,REORDER,Low,47.13,3,Inventory,High,Operational health is 47.1/100 with 3 component(s) below 70. The weakest area is inventory; the current inventory action is reorder.,Complete the inventory action and plan 621 replenishment units before the next demand cycle.
OUT0406,Franchise Outlet 0406,93.35,Top Performer,Medium,Understaffed,66.75,Moderate,Low,2.05,100.0,0,1429,Medium,MONITOR_WASTAGE,Healthy,86.04,1,Marketing,Medium,Operational health is 86.0/100 with 1 component(s) below 70. The weakest area is marketing; the current inventory action is monitor wastage.,"Review campaign ROI and engagement by campaign type, and reallocate spend to the strongest conversion sources."
OUT0407,Franchise Outlet 0407,70.04,Meets Expectations,Medium,Overstaffed,61.96,Moderate,Low,2.12,35.0,0,943,Medium,REORDER,Low,56.7,2,Inventory,Medium,Operational health is 56.7/100 with 2 component(s) below 70. The weakest area is inventory; the current inventory action is reorder.,Complete the inventory action and plan 943 replenishment units before the next demand cycle.
OUT0408,Franchise Outlet 0408,62.84,Needs Improvement,High,Overstaffed,50.75,Moderate,Medium,1.16,100.0,0,663,Medium,MONITOR_WASTAGE,Healthy,69.76,2,Marketing,Medium,Operational health is 69.8/100 with 2 component(s) below 70. The weakest area is marketing; the current inventory action is monitor wastage.,"Review campaign ROI and engagement by campaign type, and reallocate spend to the strongest conversion sources."
OUT0409,Franchise Outlet 0409,58.24,Needs Improvement,High,Overstaffed,50.48,Moderate,Medium,1.14,100.0,0,0,Low,NO_ACTION,Healthy,68.05,2,Marketing,Medium,Operational health is 68.0/100 with 2 component(s) below 70. The weakest area is marketing; the current inventory action is no action.,"Review campaign ROI and engagement by campaign type, and reallocate spend to the strongest conversion sources."
OUT0410,Franchise Outlet 0410,74.24,Meets Expectations,Low,Balanced,57.48,Moderate,Low,1.27,100.0,0,712,Low,NO_ACTION,Healthy,76.1,1,Marketing,Medium,Operational health is 76.1/100 with 1 component(s) below 70. The weakest area is marketing; the current inventory action is no action.,"Review campaign ROI and engagement by campaign type, and reallocate spend to the strongest conversion sources."
OUT0411,Franchise Outlet 0411,71.1,Meets Expectations,Medium,Overstaffed,56.48,Moderate,Medium,1.25,100.0,0,750,Medium,MONITOR_WASTAGE,Healthy,74.65,1,Marketing,Medium,Operational health is 74.7/100 with 1 component(s) below 70. The weakest area is marketing; the current inventory action is monitor wastage.,"Review campaign ROI and engagement by campaign type, and reallocate spend to the strongest conversion sources."
OUT0412,Franchise Outlet 0412,93.02,Top Performer,Medium,Understaffed,60.11,Moderate,Medium,1.93,35.0,0,2012,Medium,REORDER,Low,64.1,2,Inventory,Medium,Operational health is 64.1/100 with 2 component(s) below 70. The weakest area is inventory; the current inventory action is reorder.,"Complete the inventory action and plan 2,012 replenishment units before the next demand cycle."
OUT0413,Franchise Outlet 0413,84.57,Meets Expectations,Medium,Understaffed,68.9,Moderate,Low,2.55,10.0,1,2860,High,URGENT_REORDER,Critical,56.71,2,Inventory,High,Operational health is 56.7/100 with 2 component(s) below 70. The weakest area is inventory; the current inventory action is urgent reorder.,"Complete the inventory action and plan 2,860 replenishment units before the next demand cycle."
OUT0414,Franchise Outlet 0414,63.44,Needs Improvement,High,Overstaffed,50.36,Moderate,Medium,1.73,35.0,0,1086,Medium,REORDER,Low,50.33,3,Inventory,High,Operational health is 50.3/100 with 3 component(s) below 70. The weakest area is inventory; the current inventory action is reorder.,"Complete the inventory action and plan 1,086 replenishment units before the next demand cycle."
OUT0415,Franchise Outlet 0415,69.4,Meets Expectations,Medium,Overstaffed,46.96,Moderate,Medium,1.29,35.0,0,940,Medium,REORDER,Low,51.23,3,Inventory,High,Operational health is 51.2/100 with 3 component(s) below 70. The weakest area is inventory; the current inventory action is reorder.,Complete the inventory action and plan 940 replenishment units before the next demand cycle.
OUT0416,Franchise Outlet 0416,89.72,Meets Expectations,Medium,Understaffed,55.23,Moderate,Low,2.02,10.0,1,1201,High,URGENT_REORDER,Critical,53.73,2,Inventory,High,Operational health is 53.7/100 with 2 component(s) below 70. The weakest area is inventory; the current inventory action is urgent reorder.,"Complete the inventory action and plan 1,201 replenishment units before the next demand cycle."
OUT0417,Franchise Outlet 0417,60.6,Needs Improvement,High,Overstaffed,52.47,Moderate,Medium,1.48,35.0,0,544,Medium,REORDER,Low,50.07,3,Inventory,High,Operational health is 50.1/100 with 3 component(s) below 70. The weakest area is inventory; the current inventory action is reorder.,Complete the inventory action and plan 544 replenishment units before the next demand cycle.
OUT0418,Franchise Outlet 0418,77.11,Meets Expectations,Low,Balanced,57.79,Moderate,Low,1.23,100.0,0,1010,Medium,MONITOR_WASTAGE,Healthy,77.22,1,Marketing,Medium,Operational health is 77.2/100 with 1 component(s) below 70. The weakest area is marketing; the current inventory action is monitor wastage.,"Review campaign ROI and engagement by campaign type, and reallocate spend to the strongest conversion sources."
OUT0419,Franchise Outlet 0419,93.92,Top Performer,Medium,Understaffed,76.12,High Performing,Low,2.68,35.0,0,2234,Medium,REORDER,Low,70.01,1,Inventory,Medium,Operational health is 70.0/100 with 1 component(s) below 70. The weakest area is inventory; the current inventory action is reorder.,"Complete the inventory action and plan 2,234 replenishment units before the next demand cycle."
OUT0420,Franchise Outlet 0420,77.88,Meets Expectations,Low,Balanced,57.48,Moderate,Low,2.29,35.0,0,1328,Medium,REORDER,Low,57.88,2,Inventory,Medium,Operational health is 57.9/100 with 2 component(s) below 70. The weakest area is inventory; the current inventory action is reorder.,"Complete the inventory action and plan 1,328 replenishment units before the next demand cycle."
OUT0421,Franchise Outlet 0421,60.48,Needs Improvement,High,Overstaffed,51.32,Moderate,Low,1.0,100.0,0,49,Medium,MONITOR_WASTAGE,Healthy,69.13,2,Marketing,Medium,Operational health is 69.1/100 with 2 component(s) below 70. The weakest area is marketing; the current inventory action is monitor wastage.,"Review campaign ROI and engagement by campaign type, and reallocate spend to the strongest conversion sources."
OUT0422,Franchise Outlet 0422,94.54,Top Performer,Medium,Understaffed,79.64,High Performing,Low,2.78,100.0,0,1109,Low,NO_ACTION,Healthy,90.96,0,Marketing,Low,Operational health is 91.0/100 with 0 component(s) below 70. The weakest area is marketing; the current inventory action is no action.,"Review campaign ROI and engagement by campaign type, and reallocate spend to the strongest conversion sources."
OUT0423,Franchise Outlet 0423,92.92,Top Performer,Medium,Understaffed,64.89,Moderate,Low,2.66,35.0,0,2161,Medium,REORDER,Low,65.73,2,Inventory,Medium,Operational health is 65.7/100 with 2 component(s) below 70. The weakest area is inventory; the current inventory action is reorder.,"Complete the inventory action and plan 2,161 replenishment units before the next demand cycle."
OUT0424,Franchise Outlet 0424,59.57,Needs Improvement,High,Overstaffed,53.85,Moderate,Low,1.15,35.0,0,514,Medium,REORDER,Low,50.2,3,Inventory,High,Operational health is 50.2/100 with 3 component(s) below 70. The weakest area is inventory; the current inventory action is reorder.,Complete the inventory action and plan 514 replenishment units before the next demand cycle.
OUT0425,Franchise Outlet 0425,56.57,Needs Improvement,High,Overstaffed,47.56,Moderate,Medium,1.21,100.0,0,134,Low,NO_ACTION,Healthy,66.45,2,Marketing,Medium,Operational health is 66.5/100 with 2 component(s) below 70. The weakest area is marketing; the current inventory action is no action.,"Review campaign ROI and engagement by campaign type, and reallocate spend to the strongest conversion sources."
OUT0426,Franchise Outlet 0426,89.5,Meets Expectations,Medium,Understaffed,55.39,Moderate,Low,2.09,100.0,0,1117,Medium,MONITOR_WASTAGE,Healthy,80.71,1,Marketing,Medium,Operational health is 80.7/100 with 1 component(s) below 70. The weakest area is marketing; the current inventory action is monitor wastage.,"Review campaign ROI and engagement by campaign type, and reallocate spend to the strongest conversion sources."
OUT0427,Franchise Outlet 0427,66.02,Needs Improvement,High,Overstaffed,52.08,Moderate,Low,1.34,35.0,0,521,Medium,REORDER,Low,51.83,3,Inventory,High,Operational health is 51.8/100 with 3 component(s) below 70. The weakest area is inventory; the current inventory action is reorder.,Complete the inventory action and plan 521 replenishment units before the next demand cycle.
OUT0428,Franchise Outlet 0428,90.92,Meets Expectations,Medium,Understaffed,60.48,Moderate,Low,2.09,100.0,0,838,Medium,MONITOR_WASTAGE,Healthy,82.99,1,Marketing,Medium,Operational health is 83.0/100 with 1 component(s) below 70. The weakest area is marketing; the current inventory action is monitor wastage.,"Review campaign ROI and engagement by campaign type, and reallocate spend to the strongest conversion sources."
OUT0429,Franchise Outlet 0429,67.52,Meets Expectations,Medium,Overstaffed,59.2,Moderate,Medium,1.22,100.0,0,739,Low,NO_ACTION,Healthy,74.35,2,Marketing,Medium,Operational health is 74.3/100 with 2 component(s) below 70. The weakest area is marketing; the current inventory action is no action.,"Review campaign ROI and engagement by campaign type, and reallocate spend to the strongest conversion sources."
OUT0430,Franchise Outlet 0430,65.92,Needs Improvement,High,Overstaffed,58.16,Moderate,Low,1.18,35.0,0,658,Medium,REORDER,Low,53.93,3,Inventory,High,Operational health is 53.9/100 with 3 component(s) below 70. The weakest area is inventory; the current inventory action is reorder.,Complete the inventory action and plan 658 replenishment units before the next demand cycle.
OUT0431,Franchise Outlet 0431,84.67,Meets Expectations,Medium,Understaffed,53.63,Moderate,Medium,1.89,100.0,0,782,Medium,MONITOR_WASTAGE,Healthy,78.4,1,Marketing,Medium,Operational health is 78.4/100 with 1 component(s) below 70. The weakest area is marketing; the current inventory action is monitor wastage.,"Review campaign ROI and engagement by campaign type, and reallocate spend to the strongest conversion sources."
OUT0432,Franchise Outlet 0432,64.9,Needs Improvement,High,Overstaffed,53.13,Moderate,Low,1.06,35.0,0,615,Medium,REORDER,Low,51.81,3,Inventory,High,Operational health is 51.8/100 with 3 component(s) below 70. The weakest area is inventory; the current inventory action is reorder.,Complete the inventory action and plan 615 replenishment units before the next demand cycle.
OUT0433,Franchise Outlet 0433,93.87,Top Performer,Medium,Understaffed,76.79,High Performing,Low,2.14,100.0,0,1631,Medium,MONITOR_WASTAGE,Healthy,89.73,0,Marketing,Medium,Operational health is 89.7/100 with 0 component(s) below 70. The weakest area is marketing; the current inventory action is monitor wastage.,"Review campaign ROI and engagement by campaign type, and reallocate spend to the strongest conversion sources."
OUT0434,Franchise Outlet 0434,89.45,Meets Expectations,Medium,Understaffed,59.95,Moderate,Medium,1.13,100.0,0,1006,Low,NO_ACTION,Healthy,82.29,1,Marketing,Medium,Operational health is 82.3/100 with 1 component(s) below 70. The weakest area is marketing; the current inventory action is no action.,"Review campaign ROI and engagement by campaign type, and reallocate spend to the strongest conversion sources."
OUT0435,Franchise Outlet 0435,80.2,Meets Expectations,Low,Balanced,65.39,Moderate,Medium,2.58,100.0,0,1043,Low,NO_ACTION,Healthy,80.96,1,Marketing,Medium,Operational health is 81.0/100 with 1 component(s) below 70. The weakest area is marketing; the current inventory action is no action.,"Review campaign ROI and engagement by campaign type, and reallocate spend to the strongest conversion sources."
OUT0436,Franchise Outlet 0436,65.53,Needs Improvement,High,Overstaffed,53.19,Moderate,Medium,1.99,35.0,0,1328,Medium,REORDER,Low,52.05,3,Inventory,High,Operational health is 52.0/100 with 3 component(s) below 70. The weakest area is inventory; the current inventory action is reorder.,"Complete the inventory action and plan 1,328 replenishment units before the next demand cycle."
OUT0437,Franchise Outlet 0437,77.48,Meets Expectations,Medium,Understaffed,61.64,Moderate,Medium,2.11,35.0,0,1483,Medium,REORDER,Low,59.19,2,Inventory,Medium,Operational health is 59.2/100 with 2 component(s) below 70. The weakest area is inventory; the current inventory action is reorder.,"Complete the inventory action and plan 1,483 replenishment units before the next demand cycle."
OUT0438,Franchise Outlet 0438,68.39,Meets Expectations,Medium,Overstaffed,59.7,Moderate,Low,1.33,100.0,0,66,Medium,MONITOR_WASTAGE,Healthy,74.83,2,Marketing,Medium,Operational health is 74.8/100 with 2 component(s) below 70. The weakest area is marketing; the current inventory action is monitor wastage.,"Review campaign ROI and engagement by campaign type, and reallocate spend to the strongest conversion sources."
OUT0439,Franchise Outlet 0439,73.33,Meets Expectations,Low,Balanced,57.28,Moderate,Low,1.41,100.0,0,1077,Low,NO_ACTION,Healthy,75.71,1,Marketing,Medium,Operational health is 75.7/100 with 1 component(s) below 70. The weakest area is marketing; the current inventory action is no action.,"Review campaign ROI and engagement by campaign type, and reallocate spend to the strongest conversion sources."
OUT0440,Franchise Outlet 0440,60.19,Needs Improvement,High,Overstaffed,55.7,Moderate,Low,1.44,35.0,0,571,Medium,REORDER,Low,51.06,3,Inventory,High,Operational health is 51.1/100 with 3 component(s) below 70. The weakest area is inventory; the current inventory action is reorder.,Complete the inventory action and plan 571 replenishment units before the next demand cycle.
OUT0441,Franchise Outlet 0441,93.9,Top Performer,Medium,Understaffed,69.76,Moderate,Low,2.45,35.0,0,1769,Medium,REORDER,Low,67.78,2,Inventory,Medium,Operational health is 67.8/100 with 2 component(s) below 70. The weakest area is inventory; the current inventory action is reorder.,"Complete the inventory action and plan 1,769 replenishment units before the next demand cycle."
OUT0442,Franchise Outlet 0442,61.68,Needs Improvement,High,Overstaffed,46.38,Moderate,Medium,0.98,100.0,0,393,Low,NO_ACTION,Healthy,67.82,2,Marketing,Medium,Operational health is 67.8/100 with 2 component(s) below 70. The weakest area is marketing; the current inventory action is no action.,"Review campaign ROI and engagement by campaign type, and reallocate spend to the strongest conversion sources."
OUT0443,Franchise Outlet 0443,59.45,Needs Improvement,High,Overstaffed,48.96,Moderate,Medium,1.62,35.0,0,846,Medium,REORDER,Low,48.44,3,Inventory,High,Operational health is 48.4/100 with 3 component(s) below 70. The weakest area is inventory; the current inventory action is reorder.,Complete the inventory action and plan 846 replenishment units before the next demand cycle.
OUT0444,Franchise Outlet 0444,60.2,Needs Improvement,High,Overstaffed,46.59,Moderate,High,1.34,100.0,0,301,Low,NO_ACTION,Healthy,67.38,2,Marketing,Medium,Operational health is 67.4/100 with 2 component(s) below 70. The weakest area is marketing; the current inventory action is no action.,"Review campaign ROI and engagement by campaign type, and reallocate spend to the strongest conversion sources."
OUT0445,Franchise Outlet 0445,94.85,Top Performer,Medium,Understaffed,84.6,High Performing,Low,3.02,10.0,1,4087,High,URGENT_REORDER,Critical,65.81,1,Inventory,High,Operational health is 65.8/100 with 1 component(s) below 70. The weakest area is inventory; the current inventory action is urgent reorder.,"Complete the inventory action and plan 4,087 replenishment units before the next demand cycle."
OUT0446,Franchise Outlet 0446,71.47,Meets Expectations,Medium,Overstaffed,58.48,Moderate,Medium,1.6,35.0,0,581,Medium,REORDER,Low,55.98,2,Inventory,Medium,Operational health is 56.0/100 with 2 component(s) below 70. The weakest area is inventory; the current inventory action is reorder.,Complete the inventory action and plan 581 replenishment units before the next demand cycle.
OUT0447,Franchise Outlet 0447,78.58,Meets Expectations,Medium,Understaffed,59.76,Moderate,Low,1.34,35.0,0,1410,Medium,REORDER,Low,58.92,2,Inventory,Medium,Operational health is 58.9/100 with 2 component(s) below 70. The weakest area is inventory; the current inventory action is reorder.,"Complete the inventory action and plan 1,410 replenishment units before the next demand cycle."
OUT0448,Franchise Outlet 0448,69.13,Meets Expectations,Medium,Overstaffed,52.09,Moderate,Medium,1.29,35.0,0,504,Medium,REORDER,Low,52.93,3,Inventory,High,Operational health is 52.9/100 with 3 component(s) below 70. The weakest area is inventory; the current inventory action is reorder.,Complete the inventory action and plan 504 replenishment units before the next demand cycle.
OUT0449,Franchise Outlet 0449,54.39,Needs Improvement,High,Overstaffed,45.31,Moderate,Medium,0.92,100.0,0,84,Low,NO_ACTION,Healthy,64.9,2,Marketing,High,Operational health is 64.9/100 with 2 component(s) below 70. The weakest area is marketing; the current inventory action is no action.,"Review campaign ROI and engagement by campaign type, and reallocate spend to the strongest conversion sources."
OUT0450,Franchise Outlet 0450,67.43,Meets Expectations,Medium,Overstaffed,58.69,Moderate,Low,1.8,35.0,0,934,Medium,REORDER,Low,54.64,3,Inventory,High,Operational health is 54.6/100 with 3 component(s) below 70. The weakest area is inventory; the current inventory action is reorder.,Complete the inventory action and plan 934 replenishment units before the next demand cycle.
OUT0451,Franchise Outlet 0451,87.84,Meets Expectations,Medium,Understaffed,63.24,Moderate,Low,1.59,35.0,0,1202,Medium,REORDER,Low,63.38,2,Inventory,Medium,Operational health is 63.4/100 with 2 component(s) below 70. The weakest area is inventory; the current inventory action is reorder.,"Complete the inventory action and plan 1,202 replenishment units before the next demand cycle."
OUT0452,Franchise Outlet 0452,69.91,Meets Expectations,Medium,Overstaffed,51.97,Moderate,Medium,0.9,35.0,0,512,Medium,REORDER,Low,53.16,3,Inventory,High,Operational health is 53.2/100 with 3 component(s) below 70. The weakest area is inventory; the current inventory action is reorder.,Complete the inventory action and plan 512 replenishment units before the next demand cycle.
OUT0453,Franchise Outlet 0453,59.72,Needs Improvement,High,Overstaffed,53.5,Moderate,Medium,1.43,35.0,0,386,Medium,REORDER,Low,50.13,3,Inventory,High,Operational health is 50.1/100 with 3 component(s) below 70. The weakest area is inventory; the current inventory action is reorder.,Complete the inventory action and plan 386 replenishment units before the next demand cycle.
OUT0454,Franchise Outlet 0454,94.66,Top Performer,Medium,Understaffed,62.47,Moderate,Low,2.14,10.0,1,2310,High,URGENT_REORDER,Critical,58.0,2,Inventory,High,Operational health is 58.0/100 with 2 component(s) below 70. The weakest area is inventory; the current inventory action is urgent reorder.,"Complete the inventory action and plan 2,310 replenishment units before the next demand cycle."
OUT0455,Franchise Outlet 0455,73.27,Meets Expectations,Medium,Overstaffed,58.8,Moderate,Low,1.41,35.0,0,612,Medium,REORDER,Low,56.72,2,Inventory,Medium,Operational health is 56.7/100 with 2 component(s) below 70. The weakest area is inventory; the current inventory action is reorder.,Complete the inventory action and plan 612 replenishment units before the next demand cycle.
OUT0456,Franchise Outlet 0456,93.84,Top Performer,Medium,Understaffed,72.38,Moderate,Low,2.49,35.0,0,2736,Medium,REORDER,Low,68.68,1,Inventory,Medium,Operational health is 68.7/100 with 1 component(s) below 70. The weakest area is inventory; the current inventory action is reorder.,"Complete the inventory action and plan 2,736 replenishment units before the next demand cycle."
OUT0457,Franchise Outlet 0457,93.77,Top Performer,Medium,Understaffed,78.06,High Performing,Low,2.84,100.0,0,3309,Low,NO_ACTION,Healthy,90.14,0,Marketing,Low,Operational health is 90.1/100 with 0 component(s) below 70. The weakest area is marketing; the current inventory action is no action.,"Review campaign ROI and engagement by campaign type, and reallocate spend to the strongest conversion sources."
OUT0458,Franchise Outlet 0458,72.05,Meets Expectations,Medium,Overstaffed,60.79,Moderate,Low,1.55,100.0,0,788,Medium,MONITOR_WASTAGE,Healthy,76.49,1,Marketing,Medium,Operational health is 76.5/100 with 1 component(s) below 70. The weakest area is marketing; the current inventory action is monitor wastage.,"Review campaign ROI and engagement by campaign type, and reallocate spend to the strongest conversion sources."
OUT0459,Franchise Outlet 0459,82.71,Meets Expectations,Medium,Understaffed,63.31,Moderate,Medium,2.49,35.0,0,1999,Medium,REORDER,Low,61.61,2,Inventory,Medium,Operational health is 61.6/100 with 2 component(s) below 70. The weakest area is inventory; the current inventory action is reorder.,"Complete the inventory action and plan 1,999 replenishment units before the next demand cycle."
OUT0460,Franchise Outlet 0460,55.06,Needs Improvement,High,Overstaffed,43.58,Moderate,Medium,1.07,100.0,0,188,Low,NO_ACTION,Healthy,64.52,2,Marketing,Medium,Operational health is 64.5/100 with 2 component(s) below 70. The weakest area is marketing; the current inventory action is no action.,"Review campaign ROI and engagement by campaign type, and reallocate spend to the strongest conversion sources."
OUT0461,Franchise Outlet 0461,63.45,Needs Improvement,High,Overstaffed,50.96,Moderate,Medium,1.43,100.0,0,448,Medium,MONITOR_WASTAGE,Healthy,70.04,2,Marketing,Medium,Operational health is 70.0/100 with 2 component(s) below 70. The weakest area is marketing; the current inventory action is monitor wastage.,"Review campaign ROI and engagement by campaign type, and reallocate spend to the strongest conversion sources."
OUT0462,Franchise Outlet 0462,62.89,Needs Improvement,High,Overstaffed,47.12,Moderate,Medium,1.69,100.0,0,515,Low,NO_ACTION,Healthy,68.5,2,Marketing,Medium,Operational health is 68.5/100 with 2 component(s) below 70. The weakest area is marketing; the current inventory action is no action.,"Review campaign ROI and engagement by campaign type, and reallocate spend to the strongest conversion sources."
OUT0463,Franchise Outlet 0463,90.4,Meets Expectations,Medium,Understaffed,70.54,Moderate,Medium,2.57,100.0,0,968,Medium,MONITOR_WASTAGE,Healthy,86.33,0,Marketing,Medium,Operational health is 86.3/100 with 0 component(s) below 70. The weakest area is marketing; the current inventory action is monitor wastage.,"Review campaign ROI and engagement by campaign type, and reallocate spend to the strongest conversion sources."
OUT0464,Franchise Outlet 0464,64.35,Needs Improvement,High,Overstaffed,53.81,Moderate,Low,1.49,100.0,0,426,Low,NO_ACTION,Healthy,71.36,2,Marketing,Medium,Operational health is 71.4/100 with 2 component(s) below 70. The weakest area is marketing; the current inventory action is no action.,"Review campaign ROI and engagement by campaign type, and reallocate spend to the strongest conversion sources."
OUT0465,Franchise Outlet 0465,67.34,Meets Expectations,Medium,Overstaffed,58.66,Moderate,Low,2.07,100.0,0,1019,Low,NO_ACTION,Healthy,74.1,2,Marketing,Medium,Operational health is 74.1/100 with 2 component(s) below 70. The weakest area is marketing; the current inventory action is no action.,"Review campaign ROI and engagement by campaign type, and reallocate spend to the strongest conversion sources."
OUT0466,Franchise Outlet 0466,65.24,Needs Improvement,High,Overstaffed,58.03,Moderate,Low,1.55,35.0,0,416,Medium,REORDER,Low,53.64,3,Inventory,High,Operational health is 53.6/100 with 3 component(s) below 70. The weakest area is inventory; the current inventory action is reorder.,Complete the inventory action and plan 416 replenishment units before the next demand cycle.
OUT0467,Franchise Outlet 0467,94.38,Top Performer,Medium,Understaffed,72.24,Moderate,Low,2.77,35.0,0,3452,Medium,REORDER,Low,68.82,1,Inventory,Medium,Operational health is 68.8/100 with 1 component(s) below 70. The weakest area is inventory; the current inventory action is reorder.,"Complete the inventory action and plan 3,452 replenishment units before the next demand cycle."
OUT0468,Franchise Outlet 0468,91.84,Top Performer,Medium,Understaffed,68.6,Moderate,Low,2.42,35.0,0,1563,Medium,REORDER,Low,66.65,2,Inventory,Medium,Operational health is 66.7/100 with 2 component(s) below 70. The weakest area is inventory; the current inventory action is reorder.,"Complete the inventory action and plan 1,563 replenishment units before the next demand cycle."
OUT0469,Franchise Outlet 0469,92.82,Top Performer,Medium,Understaffed,75.99,High Performing,Low,2.59,35.0,0,4022,Medium,REORDER,Low,69.58,1,Inventory,Medium,Operational health is 69.6/100 with 1 component(s) below 70. The weakest area is inventory; the current inventory action is reorder.,"Complete the inventory action and plan 4,022 replenishment units before the next demand cycle."
OUT0470,Franchise Outlet 0470,90.97,Top Performer,Medium,Understaffed,65.09,Moderate,Low,2.45,100.0,0,1337,Low,NO_ACTION,Healthy,84.62,1,Marketing,Medium,Operational health is 84.6/100 with 1 component(s) below 70. The weakest area is marketing; the current inventory action is no action.,"Review campaign ROI and engagement by campaign type, and reallocate spend to the strongest conversion sources."
OUT0471,Franchise Outlet 0471,93.92,Top Performer,Medium,Understaffed,66.51,Moderate,Low,3.0,10.0,1,3325,High,URGENT_REORDER,Critical,59.15,2,Inventory,High,Operational health is 59.1/100 with 2 component(s) below 70. The weakest area is inventory; the current inventory action is urgent reorder.,"Complete the inventory action and plan 3,325 replenishment units before the next demand cycle."
OUT0472,Franchise Outlet 0472,85.99,Meets Expectations,Medium,Understaffed,69.63,Moderate,Low,2.35,100.0,0,1060,Low,NO_ACTION,Healthy,84.47,1,Marketing,Medium,Operational health is 84.5/100 with 1 component(s) below 70. The weakest area is marketing; the current inventory action is no action.,"Review campaign ROI and engagement by campaign type, and reallocate spend to the strongest conversion sources."
OUT0473,Franchise Outlet 0473,95.68,Top Performer,Medium,Understaffed,64.89,Moderate,Low,2.53,35.0,0,2796,Medium,REORDER,Low,66.7,2,Inventory,Medium,Operational health is 66.7/100 with 2 component(s) below 70. The weakest area is inventory; the current inventory action is reorder.,"Complete the inventory action and plan 2,796 replenishment units before the next demand cycle."
OUT0474,Franchise Outlet 0474,67.89,Meets Expectations,Low,Balanced,55.94,Moderate,Low,1.66,100.0,0,635,Low,NO_ACTION,Healthy,73.34,2,Marketing,Medium,Operational health is 73.3/100 with 2 component(s) below 70. The weakest area is marketing; the current inventory action is no action.,"Review campaign ROI and engagement by campaign type, and reallocate spend to the strongest conversion sources."
OUT0475,Franchise Outlet 0475,90.72,Meets Expectations,Medium,Understaffed,57.04,Moderate,Medium,2.34,100.0,0,1337,Low,NO_ACTION,Healthy,81.72,1,Marketing,Medium,Operational health is 81.7/100 with 1 component(s) below 70. The weakest area is marketing; the current inventory action is no action.,"Review campaign ROI and engagement by campaign type, and reallocate spend to the strongest conversion sources."
OUT0476,Franchise Outlet 0476,86.59,Meets Expectations,Medium,Understaffed,76.52,High Performing,Low,2.94,100.0,0,1868,Medium,MONITOR_WASTAGE,Healthy,87.09,0,Marketing,Medium,Operational health is 87.1/100 with 0 component(s) below 70. The weakest area is marketing; the current inventory action is monitor wastage.,"Review campaign ROI and engagement by campaign type, and reallocate spend to the strongest conversion sources."
OUT0477,Franchise Outlet 0477,70.13,Meets Expectations,Medium,Overstaffed,58.67,Moderate,Low,1.54,35.0,0,675,Medium,REORDER,Low,55.58,2,Inventory,Medium,Operational health is 55.6/100 with 2 component(s) below 70. The weakest area is inventory; the current inventory action is reorder.,Complete the inventory action and plan 675 replenishment units before the next demand cycle.
OUT0478,Franchise Outlet 0478,91.22,Top Performer,Medium,Understaffed,59.63,Moderate,Medium,1.82,100.0,0,1962,Medium,MONITOR_WASTAGE,Healthy,82.8,1,Marketing,Medium,Operational health is 82.8/100 with 1 component(s) below 70. The weakest area is marketing; the current inventory action is monitor wastage.,"Review campaign ROI and engagement by campaign type, and reallocate spend to the strongest conversion sources."
OUT0479,Franchise Outlet 0479,66.15,Needs Improvement,High,Overstaffed,59.33,Moderate,Low,1.38,100.0,0,344,Low,NO_ACTION,Healthy,73.92,2,Marketing,Medium,Operational health is 73.9/100 with 2 component(s) below 70. The weakest area is marketing; the current inventory action is no action.,"Review campaign ROI and engagement by campaign type, and reallocate spend to the strongest conversion sources."
OUT0480,Franchise Outlet 0480,93.68,Top Performer,Medium,Understaffed,71.72,Moderate,Medium,1.85,35.0,0,3175,Medium,REORDER,Low,68.39,1,Inventory,Medium,Operational health is 68.4/100 with 1 component(s) below 70. The weakest area is inventory; the current inventory action is reorder.,"Complete the inventory action and plan 3,175 replenishment units before the next demand cycle."
OUT0481,Franchise Outlet 0481,63.4,Needs Improvement,High,Overstaffed,57.48,Moderate,Medium,1.12,100.0,0,668,Medium,MONITOR_WASTAGE,Healthy,72.31,2,Marketing,Medium,Operational health is 72.3/100 with 2 component(s) below 70. The weakest area is marketing; the current inventory action is monitor wastage.,"Review campaign ROI and engagement by campaign type, and reallocate spend to the strongest conversion sources."
OUT0482,Franchise Outlet 0482,61.26,Needs Improvement,High,Overstaffed,47.34,Moderate,Medium,1.54,35.0,0,480,Medium,REORDER,Low,48.51,3,Inventory,High,Operational health is 48.5/100 with 3 component(s) below 70. The weakest area is inventory; the current inventory action is reorder.,Complete the inventory action and plan 480 replenishment units before the next demand cycle.
OUT0483,Franchise Outlet 0483,69.15,Meets Expectations,Medium,Overstaffed,55.62,Moderate,Low,2.35,35.0,0,1348,Medium,REORDER,Low,54.17,3,Inventory,High,Operational health is 54.2/100 with 3 component(s) below 70. The weakest area is inventory; the current inventory action is reorder.,"Complete the inventory action and plan 1,348 replenishment units before the next demand cycle."
OUT0484,Franchise Outlet 0484,94.53,Top Performer,Medium,Understaffed,75.91,High Performing,Low,2.92,35.0,0,3475,Medium,REORDER,Low,70.15,1,Inventory,Medium,Operational health is 70.2/100 with 1 component(s) below 70. The weakest area is inventory; the current inventory action is reorder.,"Complete the inventory action and plan 3,475 replenishment units before the next demand cycle."
OUT0485,Franchise Outlet 0485,74.53,Meets Expectations,Low,Balanced,58.9,Moderate,Medium,1.15,35.0,0,915,Medium,REORDER,Low,57.2,2,Inventory,Medium,Operational health is 57.2/100 with 2 component(s) below 70. The weakest area is inventory; the current inventory action is reorder.,Complete the inventory action and plan 915 replenishment units before the next demand cycle.
OUT0486,Franchise Outlet 0486,74.21,Meets Expectations,Medium,Understaffed,55.56,Moderate,Medium,2.15,10.0,1,1562,High,URGENT_REORDER,Critical,48.42,2,Inventory,High,Operational health is 48.4/100 with 2 component(s) below 70. The weakest area is inventory; the current inventory action is urgent reorder.,"Complete the inventory action and plan 1,562 replenishment units before the next demand cycle."
OUT0487,Franchise Outlet 0487,60.31,Needs Improvement,High,Overstaffed,51.53,Moderate,Medium,1.26,100.0,0,252,Low,NO_ACTION,Healthy,69.14,2,Marketing,Medium,Operational health is 69.1/100 with 2 component(s) below 70. The weakest area is marketing; the current inventory action is no action.,"Review campaign ROI and engagement by campaign type, and reallocate spend to the strongest conversion sources."
OUT0488,Franchise Outlet 0488,76.01,Meets Expectations,Low,Balanced,53.71,Moderate,Low,1.97,100.0,0,222,Medium,MONITOR_WASTAGE,Healthy,75.4,1,Marketing,Medium,Operational health is 75.4/100 with 1 component(s) below 70. The weakest area is marketing; the current inventory action is monitor wastage.,"Review campaign ROI and engagement by campaign type, and reallocate spend to the strongest conversion sources."
OUT0489,Franchise Outlet 0489,94.25,Top Performer,Medium,Understaffed,81.87,High Performing,Low,2.53,100.0,0,2602,Low,NO_ACTION,Healthy,91.64,0,Marketing,Low,Operational health is 91.6/100 with 0 component(s) below 70. The weakest area is marketing; the current inventory action is no action.,"Review campaign ROI and engagement by campaign type, and reallocate spend to the strongest conversion sources."
OUT0490,Franchise Outlet 0490,80.02,Meets Expectations,Medium,Understaffed,63.75,Moderate,Low,2.14,35.0,0,1409,Medium,REORDER,Low,60.82,2,Inventory,Medium,Operational health is 60.8/100 with 2 component(s) below 70. The weakest area is inventory; the current inventory action is reorder.,"Complete the inventory action and plan 1,409 replenishment units before the next demand cycle."
OUT0491,Franchise Outlet 0491,53.81,Needs Improvement,High,Overstaffed,44.36,Moderate,High,0.94,100.0,0,44,Medium,MONITOR_WASTAGE,Healthy,64.36,2,Marketing,High,Operational health is 64.4/100 with 2 component(s) below 70. The weakest area is marketing; the current inventory action is monitor wastage.,"Review campaign ROI and engagement by campaign type, and reallocate spend to the strongest conversion sources."
OUT0492,Franchise Outlet 0492,92.97,Top Performer,Medium,Understaffed,66.2,Moderate,Low,2.53,35.0,0,2137,Medium,REORDER,Low,66.21,2,Inventory,Medium,Operational health is 66.2/100 with 2 component(s) below 70. The weakest area is inventory; the current inventory action is reorder.,"Complete the inventory action and plan 2,137 replenishment units before the next demand cycle."
OUT0493,Franchise Outlet 0493,80.94,Meets Expectations,Medium,Understaffed,58.69,Moderate,Low,1.77,35.0,0,1268,Medium,REORDER,Low,59.37,2,Inventory,Medium,Operational health is 59.4/100 with 2 component(s) below 70. The weakest area is inventory; the current inventory action is reorder.,"Complete the inventory action and plan 1,268 replenishment units before the next demand cycle."
OUT0494,Franchise Outlet 0494,65.78,Needs Improvement,High,Overstaffed,45.98,Moderate,Medium,1.45,100.0,0,424,Low,NO_ACTION,Healthy,69.12,2,Marketing,Medium,Operational health is 69.1/100 with 2 component(s) below 70. The weakest area is marketing; the current inventory action is no action.,"Review campaign ROI and engagement by campaign type, and reallocate spend to the strongest conversion sources."
OUT0495,Franchise Outlet 0495,66.14,Needs Improvement,High,Overstaffed,54.41,Moderate,Low,1.09,35.0,0,722,Medium,REORDER,Low,52.69,3,Inventory,High,Operational health is 52.7/100 with 3 component(s) below 70. The weakest area is inventory; the current inventory action is reorder.,Complete the inventory action and plan 722 replenishment units before the next demand cycle.
OUT0496,Franchise Outlet 0496,88.56,Meets Expectations,Medium,Understaffed,55.98,Moderate,Medium,2.01,35.0,0,1614,Medium,REORDER,Low,61.09,2,Inventory,Medium,Operational health is 61.1/100 with 2 component(s) below 70. The weakest area is inventory; the current inventory action is reorder.,"Complete the inventory action and plan 1,614 replenishment units before the next demand cycle."
OUT0497,Franchise Outlet 0497,78.75,Meets Expectations,Medium,Understaffed,55.15,Moderate,Medium,1.39,35.0,0,1772,Medium,REORDER,Low,57.36,2,Inventory,Medium,Operational health is 57.4/100 with 2 component(s) below 70. The weakest area is inventory; the current inventory action is reorder.,"Complete the inventory action and plan 1,772 replenishment units before the next demand cycle."
OUT0498,Franchise Outlet 0498,55.55,Needs Improvement,High,Overstaffed,46.72,Moderate,Medium,1.06,35.0,0,326,Medium,REORDER,Low,46.29,3,Inventory,High,Operational health is 46.3/100 with 3 component(s) below 70. The weakest area is inventory; the current inventory action is reorder.,Complete the inventory action and plan 326 replenishment units before the next demand cycle.
OUT0499,Franchise Outlet 0499,76.84,Meets Expectations,Low,Balanced,58.18,Moderate,Low,2.14,100.0,0,296,Low,NO_ACTION,Healthy,77.26,1,Marketing,Medium,Operational health is 77.3/100 with 1 component(s) below 70. The weakest area is marketing; the current inventory action is no action.,"Review campaign ROI and engagement by campaign type, and reallocate spend to the strongest conversion sources."
OUT0500,Franchise Outlet 0500,73.32,Meets Expectations,Medium,Overstaffed,58.07,Moderate,Low,2.05,100.0,0,1032,Low,NO_ACTION,Healthy,75.99,1,Marketing,Medium,Operational health is 76.0/100 with 1 component(s) below 70. The weakest area is marketing; the current inventory action is no action.,"Review campaign ROI and engagement by campaign type, and reallocate spend to the strongest conversion sources."
OUT0501,Franchise Outlet 0501,75.9,Meets Expectations,Low,Balanced,52.39,Moderate,Medium,1.43,100.0,0,807,Medium,MONITOR_WASTAGE,Healthy,74.9,1,Marketing,Medium,Operational health is 74.9/100 with 1 component(s) below 70. The weakest area is marketing; the current inventory action is monitor wastage.,"Review campaign ROI and engagement by campaign type, and reallocate spend to the strongest conversion sources."
OUT0502,Franchise Outlet 0502,74.22,Meets Expectations,Low,Balanced,57.88,Moderate,Low,1.85,35.0,0,1506,Medium,REORDER,Low,56.74,2,Inventory,Medium,Operational health is 56.7/100 with 2 component(s) below 70. The weakest area is inventory; the current inventory action is reorder.,"Complete the inventory action and plan 1,506 replenishment units before the next demand cycle."
OUT0503,Franchise Outlet 0503,70.83,Meets Expectations,Medium,Overstaffed,56.79,Moderate,Medium,1.96,100.0,0,323,Medium,MONITOR_WASTAGE,Healthy,74.67,1,Marketing,Medium,Operational health is 74.7/100 with 1 component(s) below 70. The weakest area is marketing; the current inventory action is monitor wastage.,"Review campaign ROI and engagement by campaign type, and reallocate spend to the strongest conversion sources."
OUT0504,Franchise Outlet 0504,67.95,Meets Expectations,Medium,Overstaffed,56.21,Moderate,Low,1.68,35.0,0,531,Medium,REORDER,Low,53.96,3,Inventory,High,Operational health is 54.0/100 with 3 component(s) below 70. The weakest area is inventory; the current inventory action is reorder.,Complete the inventory action and plan 531 replenishment units before the next demand cycle.
OUT0505,Franchise Outlet 0505,63.87,Needs Improvement,High,Overstaffed,53.27,Moderate,Low,1.23,100.0,0,431,Low,NO_ACTION,Healthy,71.0,2,Marketing,Medium,Operational health is 71.0/100 with 2 component(s) below 70. The weakest area is marketing; the current inventory action is no action.,"Review campaign ROI and engagement by campaign type, and reallocate spend to the strongest conversion sources."
OUT0506,Franchise Outlet 0506,77.2,Meets Expectations,Low,Balanced,70.79,Moderate,Low,2.47,100.0,0,743,Medium,MONITOR_WASTAGE,Healthy,81.8,0,Marketing,Medium,Operational health is 81.8/100 with 0 component(s) below 70. The weakest area is marketing; the current inventory action is monitor wastage.,"Review campaign ROI and engagement by campaign type, and reallocate spend to the strongest conversion sources."
OUT0507,Franchise Outlet 0507,65.91,Needs Improvement,High,Overstaffed,55.32,Moderate,Low,1.25,100.0,0,502,Low,NO_ACTION,Healthy,72.43,2,Marketing,Medium,Operational health is 72.4/100 with 2 component(s) below 70. The weakest area is marketing; the current inventory action is no action.,"Review campaign ROI and engagement by campaign type, and reallocate spend to the strongest conversion sources."
OUT0508,Franchise Outlet 0508,65.95,Needs Improvement,High,Overstaffed,52.21,Moderate,Low,1.25,35.0,0,461,Medium,REORDER,Low,51.86,3,Inventory,High,Operational health is 51.9/100 with 3 component(s) below 70. The weakest area is inventory; the current inventory action is reorder.,Complete the inventory action and plan 461 replenishment units before the next demand cycle.
OUT0509,Franchise Outlet 0509,74.43,Meets Expectations,Medium,Overstaffed,56.07,Moderate,Low,1.87,100.0,0,670,Low,NO_ACTION,Healthy,75.68,1,Marketing,Medium,Operational health is 75.7/100 with 1 component(s) below 70. The weakest area is marketing; the current inventory action is no action.,"Review campaign ROI and engagement by campaign type, and reallocate spend to the strongest conversion sources."
OUT0510,Franchise Outlet 0510,68.21,Meets Expectations,Medium,Overstaffed,60.53,Moderate,Low,1.54,35.0,0,627,Medium,REORDER,Low,55.56,3,Inventory,Medium,Operational health is 55.6/100 with 3 component(s) below 70. The weakest area is inventory; the current inventory action is reorder.,Complete the inventory action and plan 627 replenishment units before the next demand cycle.
OUT0511,Franchise Outlet 0511,67.5,Meets Expectations,Medium,Overstaffed,56.58,Moderate,Low,1.65,35.0,0,609,Medium,REORDER,Low,53.93,3,Inventory,High,Operational health is 53.9/100 with 3 component(s) below 70. The weakest area is inventory; the current inventory action is reorder.,Complete the inventory action and plan 609 replenishment units before the next demand cycle.
OUT0512,Franchise Outlet 0512,66.0,Needs Improvement,High,Overstaffed,54.6,Moderate,Medium,1.68,100.0,0,452,Low,NO_ACTION,Healthy,72.21,2,Marketing,Medium,Operational health is 72.2/100 with 2 component(s) below 70. The weakest area is marketing; the current inventory action is no action.,"Review campaign ROI and engagement by campaign type, and reallocate spend to the strongest conversion sources."
OUT0513,Franchise Outlet 0513,94.12,Top Performer,Medium,Understaffed,61.93,Moderate,Low,2.68,35.0,0,1507,Medium,REORDER,Low,65.12,2,Inventory,Medium,Operational health is 65.1/100 with 2 component(s) below 70. The weakest area is inventory; the current inventory action is reorder.,"Complete the inventory action and plan 1,507 replenishment units before the next demand cycle."
OUT0514,Franchise Outlet 0514,83.28,Meets Expectations,Medium,Understaffed,67.56,Moderate,Medium,2.09,100.0,0,1394,Low,NO_ACTION,Healthy,82.79,1,Marketing,Medium,Operational health is 82.8/100 with 1 component(s) below 70. The weakest area is marketing; the current inventory action is no action.,"Review campaign ROI and engagement by campaign type, and reallocate spend to the strongest conversion sources."
OUT0515,Franchise Outlet 0515,93.33,Top Performer,Medium,Understaffed,69.52,Moderate,Low,2.62,35.0,0,1645,Medium,REORDER,Low,67.5,2,Inventory,Medium,Operational health is 67.5/100 with 2 component(s) below 70. The weakest area is inventory; the current inventory action is reorder.,"Complete the inventory action and plan 1,645 replenishment units before the next demand cycle."
OUT0516,Franchise Outlet 0516,91.87,Top Performer,Medium,Understaffed,68.25,Moderate,Low,2.46,100.0,0,2306,Medium,MONITOR_WASTAGE,Healthy,86.04,1,Marketing,Medium,Operational health is 86.0/100 with 1 component(s) below 70. The weakest area is marketing; the current inventory action is monitor wastage.,"Review campaign ROI and engagement by campaign type, and reallocate spend to the strongest conversion sources."
OUT0517,Franchise Outlet 0517,83.22,Meets Expectations,Medium,Understaffed,62.69,Moderate,Low,1.77,35.0,0,1304,Medium,REORDER,Low,61.57,2,Inventory,Medium,Operational health is 61.6/100 with 2 component(s) below 70. The weakest area is inventory; the current inventory action is reorder.,"Complete the inventory action and plan 1,304 replenishment units before the next demand cycle."
OUT0518,Franchise Outlet 0518,61.46,Needs Improvement,High,Overstaffed,51.28,Moderate,Medium,1.38,35.0,0,783,Medium,REORDER,Low,49.96,3,Inventory,High,Operational health is 50.0/100 with 3 component(s) below 70. The weakest area is inventory; the current inventory action is reorder.,Complete the inventory action and plan 783 replenishment units before the next demand cycle.
OUT0519,Franchise Outlet 0519,77.77,Meets Expectations,Medium,Understaffed,58.17,Moderate,Low,2.02,10.0,1,1965,High,URGENT_REORDER,Critical,50.58,2,Inventory,High,Operational health is 50.6/100 with 2 component(s) below 70. The weakest area is inventory; the current inventory action is urgent reorder.,"Complete the inventory action and plan 1,965 replenishment units before the next demand cycle."
OUT0520,Franchise Outlet 0520,93.38,Top Performer,Medium,Understaffed,64.71,Moderate,Medium,2.18,35.0,0,2778,Medium,REORDER,Low,65.83,2,Inventory,Medium,Operational health is 65.8/100 with 2 component(s) below 70. The weakest area is inventory; the current inventory action is reorder.,"Complete the inventory action and plan 2,778 replenishment units before the next demand cycle."
OUT0521,Franchise Outlet 0521,95.02,Top Performer,Medium,Understaffed,70.54,Moderate,Low,2.86,35.0,0,2683,Medium,REORDER,Low,68.45,1,Inventory,Medium,Operational health is 68.5/100 with 1 component(s) below 70. The weakest area is inventory; the current inventory action is reorder.,"Complete the inventory action and plan 2,683 replenishment units before the next demand cycle."
OUT0522,Franchise Outlet 0522,94.75,Top Performer,Medium,Understaffed,75.35,High Performing,Low,2.55,35.0,0,3212,Medium,REORDER,Low,70.04,1,Inventory,Medium,Operational health is 70.0/100 with 1 component(s) below 70. The weakest area is inventory; the current inventory action is reorder.,"Complete the inventory action and plan 3,212 replenishment units before the next demand cycle."
OUT0523,Franchise Outlet 0523,74.42,Meets Expectations,Medium,Overstaffed,61.79,Moderate,Medium,1.18,100.0,0,704,Medium,MONITOR_WASTAGE,Healthy,77.67,1,Marketing,Medium,Operational health is 77.7/100 with 1 component(s) below 70. The weakest area is marketing; the current inventory action is monitor wastage.,"Review campaign ROI and engagement by campaign type, and reallocate spend to the strongest conversion sources."
OUT0524,Franchise Outlet 0524,79.93,Meets Expectations,Medium,Understaffed,55.79,Moderate,Low,1.52,100.0,0,351,Low,NO_ACTION,Healthy,77.5,1,Marketing,Medium,Operational health is 77.5/100 with 1 component(s) below 70. The weakest area is marketing; the current inventory action is no action.,"Review campaign ROI and engagement by campaign type, and reallocate spend to the strongest conversion sources."
OUT0525,Franchise Outlet 0525,87.44,Meets Expectations,Medium,Understaffed,66.68,Moderate,Low,2.24,35.0,0,1984,Medium,REORDER,Low,64.44,2,Inventory,Medium,Operational health is 64.4/100 with 2 component(s) below 70. The weakest area is inventory; the current inventory action is reorder.,"Complete the inventory action and plan 1,984 replenishment units before the next demand cycle."
OUT0526,Franchise Outlet 0526,73.88,Meets Expectations,Low,Balanced,55.81,Moderate,Low,2.42,100.0,0,1218,Medium,MONITOR_WASTAGE,Healthy,75.39,1,Marketing,Medium,Operational health is 75.4/100 with 1 component(s) below 70. The weakest area is marketing; the current inventory action is monitor wastage.,"Review campaign ROI and engagement by campaign type, and reallocate spend to the strongest conversion sources."
OUT0527,Franchise Outlet 0527,66.1,Needs Improvement,High,Overstaffed,54.67,Moderate,Medium,2.3,100.0,0,239,Low,NO_ACTION,Healthy,72.27,2,Marketing,Medium,Operational health is 72.3/100 with 2 component(s) below 70. The weakest area is marketing; the current inventory action is no action.,"Review campaign ROI and engagement by campaign type, and reallocate spend to the strongest conversion sources."
OUT0528,Franchise Outlet 0528,68.1,Meets Expectations,Medium,Overstaffed,48.74,Moderate,High,1.64,100.0,0,708,Medium,MONITOR_WASTAGE,Healthy,70.89,2,Marketing,Medium,Operational health is 70.9/100 with 2 component(s) below 70. The weakest area is marketing; the current inventory action is monitor wastage.,"Review campaign ROI and engagement by campaign type, and reallocate spend to the strongest conversion sources."
OUT0529,Franchise Outlet 0529,91.81,Top Performer,Medium,Understaffed,61.66,Moderate,Low,2.33,100.0,0,566,Low,NO_ACTION,Healthy,83.71,1,Marketing,Medium,Operational health is 83.7/100 with 1 component(s) below 70. The weakest area is marketing; the current inventory action is no action.,"Review campaign ROI and engagement by campaign type, and reallocate spend to the strongest conversion sources."
OUT0530,Franchise Outlet 0530,78.56,Meets Expectations,Medium,Understaffed,61.94,Moderate,Medium,1.78,100.0,0,539,Low,NO_ACTION,Healthy,79.18,1,Marketing,Medium,Operational health is 79.2/100 with 1 component(s) below 70. The weakest area is marketing; the current inventory action is no action.,"Review campaign ROI and engagement by campaign type, and reallocate spend to the strongest conversion sources."
OUT0531,Franchise Outlet 0531,94.32,Top Performer,Medium,Understaffed,75.65,High Performing,Medium,2.2,100.0,0,1485,Medium,MONITOR_WASTAGE,Healthy,89.49,0,Marketing,Medium,Operational health is 89.5/100 with 0 component(s) below 70. The weakest area is marketing; the current inventory action is monitor wastage.,"Review campaign ROI and engagement by campaign type, and reallocate spend to the strongest conversion sources."
OUT0532,Franchise Outlet 0532,80.32,Meets Expectations,Medium,Understaffed,58.91,Moderate,Low,2.37,10.0,1,1677,High,URGENT_REORDER,Critical,51.73,2,Inventory,High,Operational health is 51.7/100 with 2 component(s) below 70. The weakest area is inventory; the current inventory action is urgent reorder.,"Complete the inventory action and plan 1,677 replenishment units before the next demand cycle."
OUT0533,Franchise Outlet 0533,77.46,Meets Expectations,Low,Balanced,70.12,Moderate,Low,1.6,100.0,0,1211,Medium,MONITOR_WASTAGE,Healthy,81.65,0,Marketing,Medium,Operational health is 81.7/100 with 0 component(s) below 70. The weakest area is marketing; the current inventory action is monitor wastage.,"Review campaign ROI and engagement by campaign type, and reallocate spend to the strongest conversion sources."
OUT0534,Franchise Outlet 0534,86.95,Meets Expectations,Medium,Understaffed,63.77,Moderate,Low,2.09,100.0,0,1477,Low,NO_ACTION,Healthy,82.75,1,Marketing,Medium,Operational health is 82.8/100 with 1 component(s) below 70. The weakest area is marketing; the current inventory action is no action.,"Review campaign ROI and engagement by campaign type, and reallocate spend to the strongest conversion sources."
OUT0535,Franchise Outlet 0535,93.7,Top Performer,Medium,Understaffed,88.91,High Performing,Low,3.03,100.0,0,1945,Low,NO_ACTION,Healthy,93.91,0,Marketing,Low,Operational health is 93.9/100 with 0 component(s) below 70. The weakest area is marketing; the current inventory action is no action.,"Review campaign ROI and engagement by campaign type, and reallocate spend to the strongest conversion sources."
OUT0536,Franchise Outlet 0536,93.8,Top Performer,Medium,Understaffed,66.72,Moderate,Low,2.51,35.0,0,2788,Medium,REORDER,Low,66.68,2,Inventory,Medium,Operational health is 66.7/100 with 2 component(s) below 70. The weakest area is inventory; the current inventory action is reorder.,"Complete the inventory action and plan 2,788 replenishment units before the next demand cycle."
OUT0537,Franchise Outlet 0537,89.63,Meets Expectations,Medium,Understaffed,64.6,Moderate,Medium,1.97,35.0,0,1791,Medium,REORDER,Low,64.48,2,Inventory,Medium,Operational health is 64.5/100 with 2 component(s) below 70. The weakest area is inventory; the current inventory action is reorder.,"Complete the inventory action and plan 1,791 replenishment units before the next demand cycle."
OUT0538,Franchise Outlet 0538,64.36,Needs Improvement,High,Overstaffed,53.69,Moderate,Medium,1.4,35.0,0,959,Medium,REORDER,Low,51.82,3,Inventory,High,Operational health is 51.8/100 with 3 component(s) below 70. The weakest area is inventory; the current inventory action is reorder.,Complete the inventory action and plan 959 replenishment units before the next demand cycle.
OUT0539,Franchise Outlet 0539,76.41,Meets Expectations,Medium,Understaffed,50.48,Moderate,Medium,2.06,35.0,0,1075,Medium,REORDER,Low,54.91,2,Inventory,High,Operational health is 54.9/100 with 2 component(s) below 70. The weakest area is inventory; the current inventory action is reorder.,"Complete the inventory action and plan 1,075 replenishment units before the next demand cycle."
OUT0540,Franchise Outlet 0540,84.95,Meets Expectations,Medium,Understaffed,61.53,Moderate,Medium,1.87,35.0,0,1516,Medium,REORDER,Low,61.77,2,Inventory,Medium,Operational health is 61.8/100 with 2 component(s) below 70. The weakest area is inventory; the current inventory action is reorder.,"Complete the inventory action and plan 1,516 replenishment units before the next demand cycle."
OUT0541,Franchise Outlet 0541,70.95,Meets Expectations,Medium,Overstaffed,63.41,Moderate,Low,1.92,100.0,0,700,Medium,MONITOR_WASTAGE,Healthy,77.03,1,Marketing,Medium,Operational health is 77.0/100 with 1 component(s) below 70. The weakest area is marketing; the current inventory action is monitor wastage.,"Review campaign ROI and engagement by campaign type, and reallocate spend to the strongest conversion sources."
OUT0542,Franchise Outlet 0542,93.9,Top Performer,Medium,Understaffed,69.41,Moderate,Low,1.98,35.0,0,3244,Medium,REORDER,Low,67.66,2,Inventory,Medium,Operational health is 67.7/100 with 2 component(s) below 70. The weakest area is inventory; the current inventory action is reorder.,"Complete the inventory action and plan 3,244 replenishment units before the next demand cycle."
OUT0543,Franchise Outlet 0543,85.17,Meets Expectations,Medium,Understaffed,61.38,Moderate,Low,1.61,35.0,0,2027,Medium,REORDER,Low,61.79,2,Inventory,Medium,Operational health is 61.8/100 with 2 component(s) below 70. The weakest area is inventory; the current inventory action is reorder.,"Complete the inventory action and plan 2,027 replenishment units before the next demand cycle."
OUT0544,Franchise Outlet 0544,66.05,Needs Improvement,High,Overstaffed,54.02,Moderate,Medium,1.17,100.0,0,437,Low,NO_ACTION,Healthy,72.02,2,Marketing,Medium,Operational health is 72.0/100 with 2 component(s) below 70. The weakest area is marketing; the current inventory action is no action.,"Review campaign ROI and engagement by campaign type, and reallocate spend to the strongest conversion sources."
OUT0545,Franchise Outlet 0545,86.5,Meets Expectations,Medium,Understaffed,58.34,Moderate,Low,2.14,100.0,0,845,Low,NO_ACTION,Healthy,80.69,1,Marketing,Medium,Operational health is 80.7/100 with 1 component(s) below 70. The weakest area is marketing; the current inventory action is no action.,"Review campaign ROI and engagement by campaign type, and reallocate spend to the strongest conversion sources."
OUT0546,Franchise Outlet 0546,87.66,Meets Expectations,Medium,Understaffed,53.99,Moderate,High,1.67,100.0,0,1171,Medium,MONITOR_WASTAGE,Healthy,79.58,1,Marketing,Medium,Operational health is 79.6/100 with 1 component(s) below 70. The weakest area is marketing; the current inventory action is monitor wastage.,"Review campaign ROI and engagement by campaign type, and reallocate spend to the strongest conversion sources."
OUT0547,Franchise Outlet 0547,68.46,Meets Expectations,Medium,Overstaffed,50.86,Moderate,Medium,1.5,100.0,0,409,Low,NO_ACTION,Healthy,71.76,2,Marketing,Medium,Operational health is 71.8/100 with 2 component(s) below 70. The weakest area is marketing; the current inventory action is no action.,"Review campaign ROI and engagement by campaign type, and reallocate spend to the strongest conversion sources."
OUT0548,Franchise Outlet 0548,57.61,Needs Improvement,High,Overstaffed,50.24,Moderate,Medium,1.34,35.0,0,254,Medium,REORDER,Low,48.25,3,Inventory,High,Operational health is 48.2/100 with 3 component(s) below 70. The weakest area is inventory; the current inventory action is reorder.,Complete the inventory action and plan 254 replenishment units before the next demand cycle.
OUT0549,Franchise Outlet 0549,79.55,Meets Expectations,Medium,Understaffed,53.41,Moderate,Medium,2.21,100.0,0,699,Low,NO_ACTION,Healthy,76.54,1,Marketing,Medium,Operational health is 76.5/100 with 1 component(s) below 70. The weakest area is marketing; the current inventory action is no action.,"Review campaign ROI and engagement by campaign type, and reallocate spend to the strongest conversion sources."
OUT0550,Franchise Outlet 0550,91.13,Top Performer,Medium,Understaffed,60.71,Moderate,Medium,1.63,35.0,0,1727,Medium,REORDER,Low,63.64,2,Inventory,Medium,Operational health is 63.6/100 with 2 component(s) below 70. The weakest area is inventory; the current inventory action is reorder.,"Complete the inventory action and plan 1,727 replenishment units before the next demand cycle."
OUT0551,Franchise Outlet 0551,61.28,Needs Improvement,High,Overstaffed,52.02,Moderate,Medium,1.23,35.0,0,492,Medium,REORDER,Low,50.16,3,Inventory,High,Operational health is 50.2/100 with 3 component(s) below 70. The weakest area is inventory; the current inventory action is reorder.,Complete the inventory action and plan 492 replenishment units before the next demand cycle.
OUT0552,Franchise Outlet 0552,62.04,Needs Improvement,High,Overstaffed,57.03,Moderate,Low,1.68,35.0,0,654,Medium,REORDER,Low,52.17,3,Inventory,High,Operational health is 52.2/100 with 3 component(s) below 70. The weakest area is inventory; the current inventory action is reorder.,Complete the inventory action and plan 654 replenishment units before the next demand cycle.
OUT0553,Franchise Outlet 0553,70.18,Meets Expectations,Low,Balanced,54.36,Moderate,Medium,1.55,100.0,0,423,Medium,MONITOR_WASTAGE,Healthy,73.59,1,Marketing,Medium,Operational health is 73.6/100 with 1 component(s) below 70. The weakest area is marketing; the current inventory action is monitor wastage.,"Review campaign ROI and engagement by campaign type, and reallocate spend to the strongest conversion sources."
OUT0554,Franchise Outlet 0554,94.52,Top Performer,Medium,Understaffed,73.07,Moderate,Medium,2.13,35.0,0,3892,Medium,REORDER,Low,69.16,1,Inventory,Medium,Operational health is 69.2/100 with 1 component(s) below 70. The weakest area is inventory; the current inventory action is reorder.,"Complete the inventory action and plan 3,892 replenishment units before the next demand cycle."
OUT0555,Franchise Outlet 0555,61.88,Needs Improvement,High,Overstaffed,50.33,Moderate,Medium,1.49,35.0,0,510,Medium,REORDER,Low,49.77,3,Inventory,High,Operational health is 49.8/100 with 3 component(s) below 70. The weakest area is inventory; the current inventory action is reorder.,Complete the inventory action and plan 510 replenishment units before the next demand cycle.
OUT0556,Franchise Outlet 0556,84.4,Meets Expectations,Medium,Understaffed,73.12,Moderate,Low,2.09,100.0,0,1136,Medium,MONITOR_WASTAGE,Healthy,85.13,0,Marketing,Medium,Operational health is 85.1/100 with 0 component(s) below 70. The weakest area is marketing; the current inventory action is monitor wastage.,"Review campaign ROI and engagement by campaign type, and reallocate spend to the strongest conversion sources."
OUT0557,Franchise Outlet 0557,79.55,Meets Expectations,Medium,Understaffed,48.62,Moderate,Medium,1.5,35.0,0,1034,Medium,REORDER,Low,55.36,2,Inventory,High,Operational health is 55.4/100 with 2 component(s) below 70. The weakest area is inventory; the current inventory action is reorder.,"Complete the inventory action and plan 1,034 replenishment units before the next demand cycle."
OUT0558,Franchise Outlet 0558,82.8,Meets Expectations,Medium,Understaffed,63.62,Moderate,Medium,2.22,100.0,0,853,Medium,MONITOR_WASTAGE,Healthy,81.25,1,Marketing,Medium,Operational health is 81.2/100 with 1 component(s) below 70. The weakest area is marketing; the current inventory action is monitor wastage.,"Review campaign ROI and engagement by campaign type, and reallocate spend to the strongest conversion sources."
OUT0559,Franchise Outlet 0559,71.1,Meets Expectations,Medium,Overstaffed,48.2,Moderate,Medium,1.35,100.0,0,476,Low,NO_ACTION,Healthy,71.76,1,Marketing,Medium,Operational health is 71.8/100 with 1 component(s) below 70. The weakest area is marketing; the current inventory action is no action.,"Review campaign ROI and engagement by campaign type, and reallocate spend to the strongest conversion sources."
OUT0560,Franchise Outlet 0560,92.68,Top Performer,Medium,Understaffed,73.29,Moderate,Medium,2.31,100.0,0,2021,Low,NO_ACTION,Healthy,88.09,0,Marketing,Low,Operational health is 88.1/100 with 0 component(s) below 70. The weakest area is marketing; the current inventory action is no action.,"Review campaign ROI and engagement by campaign type, and reallocate spend to the strongest conversion sources."
OUT0561,Franchise Outlet 0561,94.28,Top Performer,Medium,Understaffed,76.84,High Performing,Low,2.79,35.0,0,2865,Medium,REORDER,Low,70.39,1,Inventory,Medium,Operational health is 70.4/100 with 1 component(s) below 70. The weakest area is inventory; the current inventory action is reorder.,"Complete the inventory action and plan 2,865 replenishment units before the next demand cycle."
OUT0562,Franchise Outlet 0562,92.65,Top Performer,Medium,Understaffed,69.34,Moderate,Low,2.72,100.0,0,1922,Low,NO_ACTION,Healthy,86.7,1,Marketing,Medium,Operational health is 86.7/100 with 1 component(s) below 70. The weakest area is marketing; the current inventory action is no action.,"Review campaign ROI and engagement by campaign type, and reallocate spend to the strongest conversion sources."
OUT0563,Franchise Outlet 0563,94.09,Top Performer,Medium,Understaffed,71.95,Moderate,Medium,1.9,100.0,0,2194,Medium,MONITOR_WASTAGE,Healthy,88.11,0,Marketing,Medium,Operational health is 88.1/100 with 0 component(s) below 70. The weakest area is marketing; the current inventory action is monitor wastage.,"Review campaign ROI and engagement by campaign type, and reallocate spend to the strongest conversion sources."
OUT0564,Franchise Outlet 0564,79.74,Meets Expectations,Medium,Understaffed,48.32,Moderate,Medium,1.61,35.0,0,791,Medium,REORDER,Low,55.32,2,Inventory,High,Operational health is 55.3/100 with 2 component(s) below 70. The weakest area is inventory; the current inventory action is reorder.,Complete the inventory action and plan 791 replenishment units before the next demand cycle.
OUT0565,Franchise Outlet 0565,76.7,Meets Expectations,Medium,Understaffed,53.4,Moderate,Medium,2.1,100.0,0,553,Low,NO_ACTION,Healthy,75.54,1,Marketing,Medium,Operational health is 75.5/100 with 1 component(s) below 70. The weakest area is marketing; the current inventory action is no action.,"Review campaign ROI and engagement by campaign type, and reallocate spend to the strongest conversion sources."
OUT0566,Franchise Outlet 0566,67.53,Meets Expectations,Medium,Overstaffed,52.23,Moderate,Medium,1.49,100.0,0,1085,Medium,MONITOR_WASTAGE,Healthy,71.92,2,Marketing,Medium,Operational health is 71.9/100 with 2 component(s) below 70. The weakest area is marketing; the current inventory action is monitor wastage.,"Review campaign ROI and engagement by campaign type, and reallocate spend to the strongest conversion sources."
OUT0567,Franchise Outlet 0567,63.64,Needs Improvement,High,Overstaffed,52.33,Moderate,Medium,0.97,35.0,0,776,Medium,REORDER,Low,51.09,3,Inventory,High,Operational health is 51.1/100 with 3 component(s) below 70. The weakest area is inventory; the current inventory action is reorder.,Complete the inventory action and plan 776 replenishment units before the next demand cycle.
OUT0568,Franchise Outlet 0568,70.82,Meets Expectations,Low,Balanced,57.49,Moderate,Medium,2.25,100.0,0,925,Medium,MONITOR_WASTAGE,Healthy,74.91,1,Marketing,Medium,Operational health is 74.9/100 with 1 component(s) below 70. The weakest area is marketing; the current inventory action is monitor wastage.,"Review campaign ROI and engagement by campaign type, and reallocate spend to the strongest conversion sources."
OUT0569,Franchise Outlet 0569,56.25,Needs Improvement,High,Overstaffed,48.22,Moderate,Medium,1.35,35.0,0,340,Medium,REORDER,Low,47.06,3,Inventory,High,Operational health is 47.1/100 with 3 component(s) below 70. The weakest area is inventory; the current inventory action is reorder.,Complete the inventory action and plan 340 replenishment units before the next demand cycle.
OUT0570,Franchise Outlet 0570,72.72,Meets Expectations,Medium,Overstaffed,58.98,Moderate,Low,1.48,100.0,0,387,Low,NO_ACTION,Healthy,76.1,1,Marketing,Medium,Operational health is 76.1/100 with 1 component(s) below 70. The weakest area is marketing; the current inventory action is no action.,"Review campaign ROI and engagement by campaign type, and reallocate spend to the strongest conversion sources."
OUT0571,Franchise Outlet 0571,95.63,Top Performer,Medium,Understaffed,81.14,High Performing,Low,2.51,35.0,0,2340,Medium,REORDER,Low,72.37,1,Inventory,Medium,Operational health is 72.4/100 with 1 component(s) below 70. The weakest area is inventory; the current inventory action is reorder.,"Complete the inventory action and plan 2,340 replenishment units before the next demand cycle."
OUT0572,Franchise Outlet 0572,79.94,Meets Expectations,Medium,Understaffed,67.06,Moderate,Low,2.55,100.0,0,1492,Low,NO_ACTION,Healthy,81.45,1,Marketing,Medium,Operational health is 81.5/100 with 1 component(s) below 70. The weakest area is marketing; the current inventory action is no action.,"Review campaign ROI and engagement by campaign type, and reallocate spend to the strongest conversion sources."
OUT0573,Franchise Outlet 0573,73.66,Meets Expectations,Medium,Overstaffed,57.53,Moderate,Low,2.03,100.0,0,798,Medium,MONITOR_WASTAGE,Healthy,75.92,1,Marketing,Medium,Operational health is 75.9/100 with 1 component(s) below 70. The weakest area is marketing; the current inventory action is monitor wastage.,"Review campaign ROI and engagement by campaign type, and reallocate spend to the strongest conversion sources."
OUT0574,Franchise Outlet 0574,90.39,Meets Expectations,Medium,Understaffed,56.15,Moderate,Low,2.13,35.0,0,1857,Medium,REORDER,Low,61.79,2,Inventory,Medium,Operational health is 61.8/100 with 2 component(s) below 70. The weakest area is inventory; the current inventory action is reorder.,"Complete the inventory action and plan 1,857 replenishment units before the next demand cycle."
OUT0575,Franchise Outlet 0575,63.62,Needs Improvement,High,Overstaffed,54.4,Moderate,Low,1.85,100.0,0,819,Low,NO_ACTION,Healthy,71.31,2,Marketing,Medium,Operational health is 71.3/100 with 2 component(s) below 70. The weakest area is marketing; the current inventory action is no action.,"Review campaign ROI and engagement by campaign type, and reallocate spend to the strongest conversion sources."
OUT0576,Franchise Outlet 0576,80.28,Meets Expectations,Medium,Understaffed,60.84,Moderate,Low,2.44,100.0,0,1139,Medium,MONITOR_WASTAGE,Healthy,79.39,1,Marketing,Medium,Operational health is 79.4/100 with 1 component(s) below 70. The weakest area is marketing; the current inventory action is monitor wastage.,"Review campaign ROI and engagement by campaign type, and reallocate spend to the strongest conversion sources."
OUT0577,Franchise Outlet 0577,83.39,Meets Expectations,Medium,Understaffed,60.76,Moderate,Low,2.68,100.0,0,713,Low,NO_ACTION,Healthy,80.45,1,Marketing,Medium,Operational health is 80.5/100 with 1 component(s) below 70. The weakest area is marketing; the current inventory action is no action.,"Review campaign ROI and engagement by campaign type, and reallocate spend to the strongest conversion sources."
OUT0578,Franchise Outlet 0578,87.88,Meets Expectations,Medium,Understaffed,59.7,Moderate,Low,1.41,100.0,0,529,Medium,MONITOR_WASTAGE,Healthy,81.65,1,Marketing,Medium,Operational health is 81.7/100 with 1 component(s) below 70. The weakest area is marketing; the current inventory action is monitor wastage.,"Review campaign ROI and engagement by campaign type, and reallocate spend to the strongest conversion sources."
OUT0579,Franchise Outlet 0579,94.23,Top Performer,Medium,Understaffed,85.38,High Performing,Low,2.77,100.0,0,1585,Low,NO_ACTION,Healthy,92.86,0,Marketing,Low,Operational health is 92.9/100 with 0 component(s) below 70. The weakest area is marketing; the current inventory action is no action.,"Review campaign ROI and engagement by campaign type, and reallocate spend to the strongest conversion sources."
OUT0580,Franchise Outlet 0580,94.21,Top Performer,Medium,Understaffed,69.72,Moderate,Low,1.83,100.0,0,793,Low,NO_ACTION,Healthy,87.38,1,Marketing,Medium,Operational health is 87.4/100 with 1 component(s) below 70. The weakest area is marketing; the current inventory action is no action.,"Review campaign ROI and engagement by campaign type, and reallocate spend to the strongest conversion sources."
OUT0581,Franchise Outlet 0581,92.72,Top Performer,Medium,Understaffed,62.33,Moderate,Low,2.56,35.0,0,2485,Medium,REORDER,Low,64.77,2,Inventory,Medium,Operational health is 64.8/100 with 2 component(s) below 70. The weakest area is inventory; the current inventory action is reorder.,"Complete the inventory action and plan 2,485 replenishment units before the next demand cycle."
OUT0582,Franchise Outlet 0582,90.01,Meets Expectations,Medium,Understaffed,66.66,Moderate,Low,2.91,100.0,0,418,Low,NO_ACTION,Healthy,84.83,1,Marketing,Medium,Operational health is 84.8/100 with 1 component(s) below 70. The weakest area is marketing; the current inventory action is no action.,"Review campaign ROI and engagement by campaign type, and reallocate spend to the strongest conversion sources."
OUT0583,Franchise Outlet 0583,56.66,Needs Improvement,High,Overstaffed,42.0,Moderate,High,0.82,100.0,0,244,Medium,MONITOR_WASTAGE,Healthy,64.53,2,Marketing,Medium,Operational health is 64.5/100 with 2 component(s) below 70. The weakest area is marketing; the current inventory action is monitor wastage.,"Review campaign ROI and engagement by campaign type, and reallocate spend to the strongest conversion sources."
OUT0584,Franchise Outlet 0584,66.18,Meets Expectations,Medium,Overstaffed,51.09,Moderate,Medium,1.76,35.0,0,869,Medium,REORDER,Low,51.54,3,Inventory,High,Operational health is 51.5/100 with 3 component(s) below 70. The weakest area is inventory; the current inventory action is reorder.,Complete the inventory action and plan 869 replenishment units before the next demand cycle.
OUT0585,Franchise Outlet 0585,64.59,Needs Improvement,High,Overstaffed,49.88,Moderate,High,1.44,35.0,0,693,Medium,REORDER,Low,50.56,3,Inventory,High,Operational health is 50.6/100 with 3 component(s) below 70. The weakest area is inventory; the current inventory action is reorder.,Complete the inventory action and plan 693 replenishment units before the next demand cycle.
OUT0586,Franchise Outlet 0586,65.77,Needs Improvement,High,Overstaffed,49.12,Moderate,High,0.93,100.0,0,223,Medium,MONITOR_WASTAGE,Healthy,70.21,2,Marketing,Medium,Operational health is 70.2/100 with 2 component(s) below 70. The weakest area is marketing; the current inventory action is monitor wastage.,"Review campaign ROI and engagement by campaign type, and reallocate spend to the strongest conversion sources."
OUT0587,Franchise Outlet 0587,54.18,Needs Improvement,High,Overstaffed,47.1,Moderate,Medium,0.95,35.0,0,147,Medium,REORDER,Low,45.95,3,Inventory,High,Operational health is 46.0/100 with 3 component(s) below 70. The weakest area is inventory; the current inventory action is reorder.,Complete the inventory action and plan 147 replenishment units before the next demand cycle.
OUT0588,Franchise Outlet 0588,57.23,Needs Improvement,High,Overstaffed,44.57,Moderate,High,0.93,100.0,0,317,Medium,MONITOR_WASTAGE,Healthy,65.63,2,Marketing,Medium,Operational health is 65.6/100 with 2 component(s) below 70. The weakest area is marketing; the current inventory action is monitor wastage.,"Review campaign ROI and engagement by campaign type, and reallocate spend to the strongest conversion sources."
OUT0589,Franchise Outlet 0589,92.37,Top Performer,Medium,Understaffed,58.16,Moderate,Medium,1.26,100.0,0,275,Low,NO_ACTION,Healthy,82.69,1,Marketing,Medium,Operational health is 82.7/100 with 1 component(s) below 70. The weakest area is marketing; the current inventory action is no action.,"Review campaign ROI and engagement by campaign type, and reallocate spend to the strongest conversion sources."
OUT0590,Franchise Outlet 0590,92.01,Top Performer,Medium,Understaffed,55.91,Moderate,Low,1.91,100.0,0,648,Low,NO_ACTION,Healthy,81.77,1,Marketing,Medium,Operational health is 81.8/100 with 1 component(s) below 70. The weakest area is marketing; the current inventory action is no action.,"Review campaign ROI and engagement by campaign type, and reallocate spend to the strongest conversion sources."
OUT0591,Franchise Outlet 0591,86.46,Meets Expectations,Medium,Understaffed,63.53,Moderate,Low,2.51,100.0,0,535,Medium,MONITOR_WASTAGE,Healthy,82.5,1,Marketing,Medium,Operational health is 82.5/100 with 1 component(s) below 70. The weakest area is marketing; the current inventory action is monitor wastage.,"Review campaign ROI and engagement by campaign type, and reallocate spend to the strongest conversion sources."
OUT0592,Franchise Outlet 0592,87.12,Meets Expectations,Medium,Understaffed,65.58,Moderate,Medium,2.55,35.0,0,2136,Medium,REORDER,Low,63.94,2,Inventory,Medium,Operational health is 63.9/100 with 2 component(s) below 70. The weakest area is inventory; the current inventory action is reorder.,"Complete the inventory action and plan 2,136 replenishment units before the next demand cycle."
OUT0593,Franchise Outlet 0593,76.32,Meets Expectations,Medium,Understaffed,52.54,Moderate,Low,1.17,100.0,0,319,Medium,MONITOR_WASTAGE,Healthy,75.1,1,Marketing,Medium,Operational health is 75.1/100 with 1 component(s) below 70. The weakest area is marketing; the current inventory action is monitor wastage.,"Review campaign ROI and engagement by campaign type, and reallocate spend to the strongest conversion sources."
OUT0594,Franchise Outlet 0594,92.68,Top Performer,Medium,Understaffed,75.72,High Performing,Low,2.85,35.0,0,3691,Medium,REORDER,Low,69.44,1,Inventory,Medium,Operational health is 69.4/100 with 1 component(s) below 70. The weakest area is inventory; the current inventory action is reorder.,"Complete the inventory action and plan 3,691 replenishment units before the next demand cycle."
OUT0595,Franchise Outlet 0595,95.13,Top Performer,Medium,Understaffed,81.56,High Performing,Low,2.88,100.0,0,2515,Low,NO_ACTION,Healthy,91.84,0,Marketing,Low,Operational health is 91.8/100 with 0 component(s) below 70. The weakest area is marketing; the current inventory action is no action.,"Review campaign ROI and engagement by campaign type, and reallocate spend to the strongest conversion sources."
OUT0596,Franchise Outlet 0596,62.51,Needs Improvement,High,Overstaffed,53.87,Moderate,Medium,1.42,35.0,0,787,Medium,REORDER,Low,51.23,3,Inventory,High,Operational health is 51.2/100 with 3 component(s) below 70. The weakest area is inventory; the current inventory action is reorder.,Complete the inventory action and plan 787 replenishment units before the next demand cycle.
OUT0597,Franchise Outlet 0597,91.38,Top Performer,Medium,Understaffed,65.99,Moderate,Low,2.67,35.0,0,2140,Medium,REORDER,Low,65.58,2,Inventory,Medium,Operational health is 65.6/100 with 2 component(s) below 70. The weakest area is inventory; the current inventory action is reorder.,"Complete the inventory action and plan 2,140 replenishment units before the next demand cycle."
OUT0598,Franchise Outlet 0598,57.87,Needs Improvement,High,Overstaffed,50.33,Moderate,Medium,1.08,100.0,0,114,Medium,MONITOR_WASTAGE,Healthy,67.87,2,Marketing,Medium,Operational health is 67.9/100 with 2 component(s) below 70. The weakest area is marketing; the current inventory action is monitor wastage.,"Review campaign ROI and engagement by campaign type, and reallocate spend to the strongest conversion sources."
OUT0599,Franchise Outlet 0599,81.26,Meets Expectations,Medium,Understaffed,62.07,Moderate,Low,1.33,100.0,0,664,Low,NO_ACTION,Healthy,80.17,1,Marketing,Medium,Operational health is 80.2/100 with 1 component(s) below 70. The weakest area is marketing; the current inventory action is no action.,"Review campaign ROI and engagement by campaign type, and reallocate spend to the strongest conversion sources."
OUT0600,Franchise Outlet 0600,66.56,Meets Expectations,Medium,Overstaffed,48.76,Moderate,High,1.09,35.0,0,432,Medium,REORDER,Low,50.86,3,Inventory,High,Operational health is 50.9/100 with 3 component(s) below 70. The weakest area is inventory; the current inventory action is reorder.,Complete the inventory action and plan 432 replenishment units before the next demand cycle.
OUT0601,Franchise Outlet 0601,58.63,Needs Improvement,High,Overstaffed,45.4,Moderate,Medium,1.45,35.0,0,519,Medium,REORDER,Low,46.91,3,Inventory,High,Operational health is 46.9/100 with 3 component(s) below 70. The weakest area is inventory; the current inventory action is reorder.,Complete the inventory action and plan 519 replenishment units before the next demand cycle.
OUT0602,Franchise Outlet 0602,73.64,Meets Expectations,Medium,Understaffed,51.85,Moderate,Low,1.09,10.0,1,676,High,URGENT_REORDER,Critical,46.92,2,Inventory,High,Operational health is 46.9/100 with 2 component(s) below 70. The weakest area is inventory; the current inventory action is urgent reorder.,Complete the inventory action and plan 676 replenishment units before the next demand cycle.
OUT0603,Franchise Outlet 0603,69.61,Meets Expectations,Medium,Overstaffed,64.3,Moderate,Medium,1.26,100.0,0,294,Medium,MONITOR_WASTAGE,Healthy,76.87,2,Marketing,Medium,Operational health is 76.9/100 with 2 component(s) below 70. The weakest area is marketing; the current inventory action is monitor wastage.,"Review campaign ROI and engagement by campaign type, and reallocate spend to the strongest conversion sources."
OUT0604,Franchise Outlet 0604,95.09,Top Performer,Medium,Understaffed,79.77,High Performing,Low,2.88,100.0,0,2563,Low,NO_ACTION,Healthy,91.2,0,Marketing,Low,Operational health is 91.2/100 with 0 component(s) below 70. The weakest area is marketing; the current inventory action is no action.,"Review campaign ROI and engagement by campaign type, and reallocate spend to the strongest conversion sources."
OUT0605,Franchise Outlet 0605,77.9,Meets Expectations,Medium,Understaffed,54.84,Moderate,Medium,1.18,100.0,0,587,Low,NO_ACTION,Healthy,76.46,1,Marketing,Medium,Operational health is 76.5/100 with 1 component(s) below 70. The weakest area is marketing; the current inventory action is no action.,"Review campaign ROI and engagement by campaign type, and reallocate spend to the strongest conversion sources."
OUT0606,Franchise Outlet 0606,95.12,Top Performer,Medium,Understaffed,75.53,High Performing,Low,2.7,100.0,0,2434,Medium,MONITOR_WASTAGE,Healthy,89.73,0,Marketing,Medium,Operational health is 89.7/100 with 0 component(s) below 70. The weakest area is marketing; the current inventory action is monitor wastage.,"Review campaign ROI and engagement by campaign type, and reallocate spend to the strongest conversion sources."
OUT0607,Franchise Outlet 0607,64.05,Needs Improvement,High,Overstaffed,49.35,Moderate,Medium,1.82,35.0,0,889,Medium,REORDER,Low,50.19,3,Inventory,High,Operational health is 50.2/100 with 3 component(s) below 70. The weakest area is inventory; the current inventory action is reorder.,Complete the inventory action and plan 889 replenishment units before the next demand cycle.
OUT0608,Franchise Outlet 0608,93.86,Top Performer,Medium,Understaffed,71.64,Moderate,Low,2.59,100.0,0,2174,Medium,MONITOR_WASTAGE,Healthy,87.92,0,Marketing,Medium,Operational health is 87.9/100 with 0 component(s) below 70. The weakest area is marketing; the current inventory action is monitor wastage.,"Review campaign ROI and engagement by campaign type, and reallocate spend to the strongest conversion sources."
OUT0609,Franchise Outlet 0609,63.67,Needs Improvement,High,Overstaffed,58.57,Moderate,Low,1.45,100.0,0,188,Low,NO_ACTION,Healthy,72.78,2,Marketing,Medium,Operational health is 72.8/100 with 2 component(s) below 70. The weakest area is marketing; the current inventory action is no action.,"Review campaign ROI and engagement by campaign type, and reallocate spend to the strongest conversion sources."
OUT0610,Franchise Outlet 0610,63.39,Needs Improvement,High,Overstaffed,47.05,Moderate,Medium,1.39,100.0,0,354,Low,NO_ACTION,Healthy,68.65,2,Marketing,Medium,Operational health is 68.7/100 with 2 component(s) below 70. The weakest area is marketing; the current inventory action is no action.,"Review campaign ROI and engagement by campaign type, and reallocate spend to the strongest conversion sources."
OUT0611,Franchise Outlet 0611,92.0,Top Performer,Medium,Understaffed,70.87,Moderate,Low,2.38,100.0,0,1176,Medium,MONITOR_WASTAGE,Healthy,87.0,0,Marketing,Medium,Operational health is 87.0/100 with 0 component(s) below 70. The weakest area is marketing; the current inventory action is monitor wastage.,"Review campaign ROI and engagement by campaign type, and reallocate spend to the strongest conversion sources."
OUT0612,Franchise Outlet 0612,69.35,Meets Expectations,Medium,Overstaffed,53.39,Moderate,Medium,2.22,35.0,0,1164,Medium,REORDER,Low,53.46,3,Inventory,High,Operational health is 53.5/100 with 3 component(s) below 70. The weakest area is inventory; the current inventory action is reorder.,"Complete the inventory action and plan 1,164 replenishment units before the next demand cycle."
OUT0613,Franchise Outlet 0613,82.15,Meets Expectations,Medium,Understaffed,58.89,Moderate,Medium,1.12,35.0,0,1219,Medium,REORDER,Low,59.86,2,Inventory,Medium,Operational health is 59.9/100 with 2 component(s) below 70. The weakest area is inventory; the current inventory action is reorder.,"Complete the inventory action and plan 1,219 replenishment units before the next demand cycle."
OUT0614,Franchise Outlet 0614,59.15,Needs Improvement,High,Overstaffed,52.01,Moderate,Low,1.09,10.0,1,420,High,URGENT_REORDER,Critical,41.91,3,Inventory,High,Operational health is 41.9/100 with 3 component(s) below 70. The weakest area is inventory; the current inventory action is urgent reorder.,Complete the inventory action and plan 420 replenishment units before the next demand cycle.
OUT0615,Franchise Outlet 0615,94.4,Top Performer,Medium,Understaffed,85.0,High Performing,Medium,2.92,35.0,0,4634,Medium,REORDER,Low,73.29,1,Inventory,Medium,Operational health is 73.3/100 with 1 component(s) below 70. The weakest area is inventory; the current inventory action is reorder.,"Complete the inventory action and plan 4,634 replenishment units before the next demand cycle."
OUT0616,Franchise Outlet 0616,75.33,Meets Expectations,Medium,Understaffed,59.8,Moderate,Low,2.4,100.0,0,905,Medium,MONITOR_WASTAGE,Healthy,77.3,1,Marketing,Medium,Operational health is 77.3/100 with 1 component(s) below 70. The weakest area is marketing; the current inventory action is monitor wastage.,"Review campaign ROI and engagement by campaign type, and reallocate spend to the strongest conversion sources."
OUT0617,Franchise Outlet 0617,92.43,Top Performer,Medium,Understaffed,73.44,Moderate,Low,2.55,100.0,0,1473,Low,NO_ACTION,Healthy,88.05,0,Marketing,Low,Operational health is 88.0/100 with 0 component(s) below 70. The weakest area is marketing; the current inventory action is no action.,"Review campaign ROI and engagement by campaign type, and reallocate spend to the strongest conversion sources."
OUT0618,Franchise Outlet 0618,72.24,Meets Expectations,Low,Balanced,58.46,Moderate,Low,1.83,35.0,0,1405,Medium,REORDER,Low,56.24,2,Inventory,Medium,Operational health is 56.2/100 with 2 component(s) below 70. The weakest area is inventory; the current inventory action is reorder.,"Complete the inventory action and plan 1,405 replenishment units before the next demand cycle."
OUT0619,Franchise Outlet 0619,57.07,Needs Improvement,High,Overstaffed,49.61,Moderate,Low,1.19,100.0,0,349,Low,NO_ACTION,Healthy,67.34,2,Marketing,Medium,Operational health is 67.3/100 with 2 component(s) below 70. The weakest area is marketing; the current inventory action is no action.,"Review campaign ROI and engagement by campaign type, and reallocate spend to the strongest conversion sources."
OUT0620,Franchise Outlet 0620,92.48,Top Performer,Medium,Understaffed,64.69,Moderate,Low,2.42,100.0,0,2252,Low,NO_ACTION,Healthy,85.01,1,Marketing,Medium,Operational health is 85.0/100 with 1 component(s) below 70. The weakest area is marketing; the current inventory action is no action.,"Review campaign ROI and engagement by campaign type, and reallocate spend to the strongest conversion sources."
OUT0621,Franchise Outlet 0621,66.22,Meets Expectations,Medium,Overstaffed,58.76,Moderate,Low,1.31,100.0,0,412,Medium,MONITOR_WASTAGE,Healthy,73.74,2,Marketing,Medium,Operational health is 73.7/100 with 2 component(s) below 70. The weakest area is marketing; the current inventory action is monitor wastage.,"Review campaign ROI and engagement by campaign type, and reallocate spend to the strongest conversion sources."
OUT0622,Franchise Outlet 0622,63.9,Needs Improvement,High,Overstaffed,46.65,Moderate,High,1.15,10.0,1,667,High,URGENT_REORDER,Critical,41.69,3,Inventory,High,Operational health is 41.7/100 with 3 component(s) below 70. The weakest area is inventory; the current inventory action is urgent reorder.,Complete the inventory action and plan 667 replenishment units before the next demand cycle.
OUT0623,Franchise Outlet 0623,90.55,Meets Expectations,Medium,Understaffed,61.81,Moderate,Low,2.29,100.0,0,1414,Medium,MONITOR_WASTAGE,Healthy,83.33,1,Marketing,Medium,Operational health is 83.3/100 with 1 component(s) below 70. The weakest area is marketing; the current inventory action is monitor wastage.,"Review campaign ROI and engagement by campaign type, and reallocate spend to the strongest conversion sources."
OUT0624,Franchise Outlet 0624,92.58,Top Performer,Medium,Understaffed,70.88,Moderate,Low,2.47,35.0,0,2698,Medium,REORDER,Low,67.71,1,Inventory,Medium,Operational health is 67.7/100 with 1 component(s) below 70. The weakest area is inventory; the current inventory action is reorder.,"Complete the inventory action and plan 2,698 replenishment units before the next demand cycle."
OUT0625,Franchise Outlet 0625,69.04,Meets Expectations,Low,Balanced,46.78,Moderate,High,1.17,100.0,0,418,Low,NO_ACTION,Healthy,70.54,2,Marketing,Medium,Operational health is 70.5/100 with 2 component(s) below 70. The weakest area is marketing; the current inventory action is no action.,"Review campaign ROI and engagement by campaign type, and reallocate spend to the strongest conversion sources."
OUT0626,Franchise Outlet 0626,91.17,Top Performer,Medium,Understaffed,59.0,Moderate,Low,1.91,35.0,0,2151,Medium,REORDER,Low,63.06,2,Inventory,Medium,Operational health is 63.1/100 with 2 component(s) below 70. The weakest area is inventory; the current inventory action is reorder.,"Complete the inventory action and plan 2,151 replenishment units before the next demand cycle."
OUT0627,Franchise Outlet 0627,93.56,Top Performer,Medium,Understaffed,77.42,High Performing,Low,2.9,35.0,0,2972,Medium,REORDER,Low,70.34,1,Inventory,Medium,Operational health is 70.3/100 with 1 component(s) below 70. The weakest area is inventory; the current inventory action is reorder.,"Complete the inventory action and plan 2,972 replenishment units before the next demand cycle."
OUT0628,Franchise Outlet 0628,57.46,Needs Improvement,High,Overstaffed,48.3,Moderate,Medium,1.01,100.0,0,130,Medium,MONITOR_WASTAGE,Healthy,67.02,2,Marketing,Medium,Operational health is 67.0/100 with 2 component(s) below 70. The weakest area is marketing; the current inventory action is monitor wastage.,"Review campaign ROI and engagement by campaign type, and reallocate spend to the strongest conversion sources."
OUT0629,Franchise Outlet 0629,65.83,Needs Improvement,High,Overstaffed,54.1,Moderate,Low,1.67,35.0,0,748,Medium,REORDER,Low,52.48,3,Inventory,High,Operational health is 52.5/100 with 3 component(s) below 70. The weakest area is inventory; the current inventory action is reorder.,Complete the inventory action and plan 748 replenishment units before the next demand cycle.
OUT0630,Franchise Outlet 0630,65.5,Needs Improvement,High,Overstaffed,50.33,Moderate,High,1.22,35.0,0,966,Medium,REORDER,Low,51.04,3,Inventory,High,Operational health is 51.0/100 with 3 component(s) below 70. The weakest area is inventory; the current inventory action is reorder.,Complete the inventory action and plan 966 replenishment units before the next demand cycle.
OUT0631,Franchise Outlet 0631,85.61,Meets Expectations,Medium,Understaffed,61.64,Moderate,Low,1.99,35.0,0,1496,Medium,REORDER,Low,62.04,2,Inventory,Medium,Operational health is 62.0/100 with 2 component(s) below 70. The weakest area is inventory; the current inventory action is reorder.,"Complete the inventory action and plan 1,496 replenishment units before the next demand cycle."
OUT0632,Franchise Outlet 0632,91.27,Top Performer,Medium,Understaffed,65.12,Moderate,Medium,2.2,100.0,0,1655,Low,NO_ACTION,Healthy,84.74,1,Marketing,Medium,Operational health is 84.7/100 with 1 component(s) below 70. The weakest area is marketing; the current inventory action is no action.,"Review campaign ROI and engagement by campaign type, and reallocate spend to the strongest conversion sources."
OUT0633,Franchise Outlet 0633,64.99,Needs Improvement,High,Overstaffed,53.94,Moderate,Medium,1.44,100.0,0,452,Medium,MONITOR_WASTAGE,Healthy,71.63,2,Marketing,Medium,Operational health is 71.6/100 with 2 component(s) below 70. The weakest area is marketing; the current inventory action is monitor wastage.,"Review campaign ROI and engagement by campaign type, and reallocate spend to the strongest conversion sources."
OUT0634,Franchise Outlet 0634,68.01,Meets Expectations,Medium,Overstaffed,48.23,Moderate,Medium,1.93,100.0,0,783,Low,NO_ACTION,Healthy,70.68,2,Marketing,Medium,Operational health is 70.7/100 with 2 component(s) below 70. The weakest area is marketing; the current inventory action is no action.,"Review campaign ROI and engagement by campaign type, and reallocate spend to the strongest conversion sources."
OUT0635,Franchise Outlet 0635,82.13,Meets Expectations,Medium,Understaffed,55.08,Moderate,Low,1.83,35.0,0,1169,Medium,REORDER,Low,58.52,2,Inventory,Medium,Operational health is 58.5/100 with 2 component(s) below 70. The weakest area is inventory; the current inventory action is reorder.,"Complete the inventory action and plan 1,169 replenishment units before the next demand cycle."
OUT0636,Franchise Outlet 0636,68.55,Meets Expectations,Medium,Overstaffed,55.77,Moderate,Low,2.12,100.0,0,440,Medium,MONITOR_WASTAGE,Healthy,73.51,2,Marketing,Medium,Operational health is 73.5/100 with 2 component(s) below 70. The weakest area is marketing; the current inventory action is monitor wastage.,"Review campaign ROI and engagement by campaign type, and reallocate spend to the strongest conversion sources."
OUT0637,Franchise Outlet 0637,91.88,Top Performer,Medium,Understaffed,70.24,Moderate,Low,2.19,35.0,0,3067,Medium,REORDER,Low,67.24,1,Inventory,Medium,Operational health is 67.2/100 with 1 component(s) below 70. The weakest area is inventory; the current inventory action is reorder.,"Complete the inventory action and plan 3,067 replenishment units before the next demand cycle."
OUT0638,Franchise Outlet 0638,73.31,Meets Expectations,Low,Balanced,63.7,Moderate,Low,1.99,35.0,0,1583,Medium,REORDER,Low,58.45,2,Inventory,Medium,Operational health is 58.5/100 with 2 component(s) below 70. The weakest area is inventory; the current inventory action is reorder.,"Complete the inventory action and plan 1,583 replenishment units before the next demand cycle."
OUT0639,Franchise Outlet 0639,73.88,Meets Expectations,Medium,Overstaffed,60.95,Moderate,Medium,1.63,100.0,0,224,Low,NO_ACTION,Healthy,77.19,1,Marketing,Medium,Operational health is 77.2/100 with 1 component(s) below 70. The weakest area is marketing; the current inventory action is no action.,"Review campaign ROI and engagement by campaign type, and reallocate spend to the strongest conversion sources."
OUT0640,Franchise Outlet 0640,92.96,Top Performer,Medium,Understaffed,72.98,Moderate,Low,2.65,100.0,0,1859,Low,NO_ACTION,Healthy,88.08,0,Marketing,Low,Operational health is 88.1/100 with 0 component(s) below 70. The weakest area is marketing; the current inventory action is no action.,"Review campaign ROI and engagement by campaign type, and reallocate spend to the strongest conversion sources."
OUT0641,Franchise Outlet 0641,91.34,Top Performer,Medium,Understaffed,76.6,High Performing,Low,2.73,100.0,0,1381,Medium,MONITOR_WASTAGE,Healthy,88.78,0,Marketing,Medium,Operational health is 88.8/100 with 0 component(s) below 70. The weakest area is marketing; the current inventory action is monitor wastage.,"Review campaign ROI and engagement by campaign type, and reallocate spend to the strongest conversion sources."
OUT0642,Franchise Outlet 0642,92.81,Top Performer,Medium,Understaffed,64.2,Moderate,Low,2.65,35.0,0,2285,Medium,REORDER,Low,65.45,2,Inventory,Medium,Operational health is 65.5/100 with 2 component(s) below 70. The weakest area is inventory; the current inventory action is reorder.,"Complete the inventory action and plan 2,285 replenishment units before the next demand cycle."
OUT0643,Franchise Outlet 0643,89.57,Meets Expectations,Medium,Understaffed,62.24,Moderate,Medium,1.79,100.0,0,1288,Medium,MONITOR_WASTAGE,Healthy,83.13,1,Marketing,Medium,Operational health is 83.1/100 with 1 component(s) below 70. The weakest area is marketing; the current inventory action is monitor wastage.,"Review campaign ROI and engagement by campaign type, and reallocate spend to the strongest conversion sources."
OUT0644,Franchise Outlet 0644,93.98,Top Performer,Medium,Understaffed,67.13,Moderate,Low,1.92,35.0,0,2731,Medium,REORDER,Low,66.89,2,Inventory,Medium,Operational health is 66.9/100 with 2 component(s) below 70. The weakest area is inventory; the current inventory action is reorder.,"Complete the inventory action and plan 2,731 replenishment units before the next demand cycle."
OUT0645,Franchise Outlet 0645,61.25,Needs Improvement,High,Overstaffed,54.93,Moderate,Low,1.12,35.0,0,369,Medium,REORDER,Low,51.16,3,Inventory,High,Operational health is 51.2/100 with 3 component(s) below 70. The weakest area is inventory; the current inventory action is reorder.,Complete the inventory action and plan 369 replenishment units before the next demand cycle.
OUT0646,Franchise Outlet 0646,94.7,Top Performer,Medium,Understaffed,74.18,Moderate,Medium,2.29,100.0,0,2253,Medium,MONITOR_WASTAGE,Healthy,89.11,0,Marketing,Medium,Operational health is 89.1/100 with 0 component(s) below 70. The weakest area is marketing; the current inventory action is monitor wastage.,"Review campaign ROI and engagement by campaign type, and reallocate spend to the strongest conversion sources."
OUT0647,Franchise Outlet 0647,82.93,Meets Expectations,Medium,Understaffed,62.62,Moderate,Low,2.51,35.0,0,2095,Medium,REORDER,Low,61.44,2,Inventory,Medium,Operational health is 61.4/100 with 2 component(s) below 70. The weakest area is inventory; the current inventory action is reorder.,"Complete the inventory action and plan 2,095 replenishment units before the next demand cycle."
OUT0648,Franchise Outlet 0648,87.84,Meets Expectations,Medium,Understaffed,58.19,Moderate,Medium,1.6,35.0,0,2013,Medium,REORDER,Low,61.61,2,Inventory,Medium,Operational health is 61.6/100 with 2 component(s) below 70. The weakest area is inventory; the current inventory action is reorder.,"Complete the inventory action and plan 2,013 replenishment units before the next demand cycle."
OUT0649,Franchise Outlet 0649,71.34,Meets Expectations,Low,Balanced,52.94,Moderate,Medium,1.33,35.0,0,821,Medium,REORDER,Low,54.0,2,Inventory,High,Operational health is 54.0/100 with 2 component(s) below 70. The weakest area is inventory; the current inventory action is reorder.,Complete the inventory action and plan 821 replenishment units before the next demand cycle.
OUT0650,Franchise Outlet 0650,57.87,Needs Improvement,High,Overstaffed,46.42,Moderate,Medium,1.24,100.0,0,112,Low,NO_ACTION,Healthy,66.5,2,Marketing,Medium,Operational health is 66.5/100 with 2 component(s) below 70. The weakest area is marketing; the current inventory action is no action.,"Review campaign ROI and engagement by campaign type, and reallocate spend to the strongest conversion sources."
OUT0651,Franchise Outlet 0651,80.78,Meets Expectations,Medium,Understaffed,63.73,Moderate,Low,1.64,100.0,0,1014,Medium,MONITOR_WASTAGE,Healthy,80.58,1,Marketing,Medium,Operational health is 80.6/100 with 1 component(s) below 70. The weakest area is marketing; the current inventory action is monitor wastage.,"Review campaign ROI and engagement by campaign type, and reallocate spend to the strongest conversion sources."
OUT0652,Franchise Outlet 0652,91.85,Top Performer,Medium,Understaffed,58.72,Moderate,Medium,2.11,100.0,0,1146,Low,NO_ACTION,Healthy,82.7,1,Marketing,Medium,Operational health is 82.7/100 with 1 component(s) below 70. The weakest area is marketing; the current inventory action is no action.,"Review campaign ROI and engagement by campaign type, and reallocate spend to the strongest conversion sources."
OUT0653,Franchise Outlet 0653,64.06,Needs Improvement,High,Overstaffed,50.9,Moderate,Medium,1.45,100.0,0,572,Medium,MONITOR_WASTAGE,Healthy,70.24,2,Marketing,Medium,Operational health is 70.2/100 with 2 component(s) below 70. The weakest area is marketing; the current inventory action is monitor wastage.,"Review campaign ROI and engagement by campaign type, and reallocate spend to the strongest conversion sources."
OUT0654,Franchise Outlet 0654,80.2,Meets Expectations,Medium,Understaffed,62.33,Moderate,Medium,1.96,35.0,0,1202,Medium,REORDER,Low,60.39,2,Inventory,Medium,Operational health is 60.4/100 with 2 component(s) below 70. The weakest area is inventory; the current inventory action is reorder.,"Complete the inventory action and plan 1,202 replenishment units before the next demand cycle."
OUT0655,Franchise Outlet 0655,94.82,Top Performer,Medium,Understaffed,60.12,Moderate,Low,1.75,100.0,0,887,Low,NO_ACTION,Healthy,84.23,1,Marketing,Medium,Operational health is 84.2/100 with 1 component(s) below 70. The weakest area is marketing; the current inventory action is no action.,"Review campaign ROI and engagement by campaign type, and reallocate spend to the strongest conversion sources."
OUT0656,Franchise Outlet 0656,94.76,Top Performer,Medium,Understaffed,69.04,Moderate,Medium,2.05,35.0,0,2985,Medium,REORDER,Low,67.83,2,Inventory,Medium,Operational health is 67.8/100 with 2 component(s) below 70. The weakest area is inventory; the current inventory action is reorder.,"Complete the inventory action and plan 2,985 replenishment units before the next demand cycle."
OUT0657,Franchise Outlet 0657,68.38,Meets Expectations,Medium,Overstaffed,61.1,Moderate,Low,1.73,35.0,0,1256,Medium,REORDER,Low,55.82,3,Inventory,Medium,Operational health is 55.8/100 with 3 component(s) below 70. The weakest area is inventory; the current inventory action is reorder.,"Complete the inventory action and plan 1,256 replenishment units before the next demand cycle."
OUT0658,Franchise Outlet 0658,72.06,Meets Expectations,Low,Balanced,50.12,Moderate,Medium,1.53,100.0,0,472,Medium,MONITOR_WASTAGE,Healthy,72.76,1,Marketing,Medium,Operational health is 72.8/100 with 1 component(s) below 70. The weakest area is marketing; the current inventory action is monitor wastage.,"Review campaign ROI and engagement by campaign type, and reallocate spend to the strongest conversion sources."
OUT0659,Franchise Outlet 0659,54.17,Needs Improvement,High,Overstaffed,45.83,Moderate,Medium,1.03,100.0,0,130,Low,NO_ACTION,Healthy,65.0,2,Marketing,High,Operational health is 65.0/100 with 2 component(s) below 70. The weakest area is marketing; the current inventory action is no action.,"Review campaign ROI and engagement by campaign type, and reallocate spend to the strongest conversion sources."
OUT0660,Franchise Outlet 0660,92.49,Top Performer,Medium,Understaffed,70.54,Moderate,Low,2.83,100.0,0,2430,Low,NO_ACTION,Healthy,87.06,0,Marketing,Low,Operational health is 87.1/100 with 0 component(s) below 70. The weakest area is marketing; the current inventory action is no action.,"Review campaign ROI and engagement by campaign type, and reallocate spend to the strongest conversion sources."
OUT0661,Franchise Outlet 0661,87.89,Meets Expectations,Medium,Understaffed,57.91,Moderate,Medium,2.04,35.0,0,1881,Medium,REORDER,Low,61.53,2,Inventory,Medium,Operational health is 61.5/100 with 2 component(s) below 70. The weakest area is inventory; the current inventory action is reorder.,"Complete the inventory action and plan 1,881 replenishment units before the next demand cycle."
OUT0662,Franchise Outlet 0662,62.78,Needs Improvement,High,Overstaffed,42.88,Moderate,High,1.09,100.0,0,48,Low,NO_ACTION,Healthy,66.98,2,Marketing,Medium,Operational health is 67.0/100 with 2 component(s) below 70. The weakest area is marketing; the current inventory action is no action.,"Review campaign ROI and engagement by campaign type, and reallocate spend to the strongest conversion sources."
OUT0663,Franchise Outlet 0663,73.7,Meets Expectations,Low,Balanced,55.78,Moderate,Medium,1.32,35.0,0,1231,Medium,REORDER,Low,55.82,2,Inventory,Medium,Operational health is 55.8/100 with 2 component(s) below 70. The weakest area is inventory; the current inventory action is reorder.,"Complete the inventory action and plan 1,231 replenishment units before the next demand cycle."
OUT0664,Franchise Outlet 0664,73.7,Meets Expectations,Low,Balanced,61.3,Moderate,Low,1.61,100.0,0,924,Low,NO_ACTION,Healthy,77.25,1,Marketing,Medium,Operational health is 77.2/100 with 1 component(s) below 70. The weakest area is marketing; the current inventory action is no action.,"Review campaign ROI and engagement by campaign type, and reallocate spend to the strongest conversion sources."
OUT0665,Franchise Outlet 0665,64.93,Needs Improvement,High,Overstaffed,48.63,Moderate,Medium,1.45,35.0,0,628,Medium,REORDER,Low,50.25,3,Inventory,High,Operational health is 50.2/100 with 3 component(s) below 70. The weakest area is inventory; the current inventory action is reorder.,Complete the inventory action and plan 628 replenishment units before the next demand cycle.
OUT0666,Franchise Outlet 0666,84.87,Meets Expectations,Medium,Understaffed,57.12,Moderate,Medium,2.19,100.0,0,663,Medium,MONITOR_WASTAGE,Healthy,79.7,1,Marketing,Medium,Operational health is 79.7/100 with 1 component(s) below 70. The weakest area is marketing; the current inventory action is monitor wastage.,"Review campaign ROI and engagement by campaign type, and reallocate spend to the strongest conversion sources."
OUT0667,Franchise Outlet 0667,94.19,Top Performer,Medium,Understaffed,80.01,High Performing,Low,2.92,100.0,0,1404,Low,NO_ACTION,Healthy,90.97,0,Marketing,Low,Operational health is 91.0/100 with 0 component(s) below 70. The weakest area is marketing; the current inventory action is no action.,"Review campaign ROI and engagement by campaign type, and reallocate spend to the strongest conversion sources."
OUT0668,Franchise Outlet 0668,66.88,Meets Expectations,Medium,Overstaffed,54.63,Moderate,Medium,2.05,100.0,0,667,Medium,MONITOR_WASTAGE,Healthy,72.53,2,Marketing,Medium,Operational health is 72.5/100 with 2 component(s) below 70. The weakest area is marketing; the current inventory action is monitor wastage.,"Review campaign ROI and engagement by campaign type, and reallocate spend to the strongest conversion sources."
OUT0669,Franchise Outlet 0669,86.78,Meets Expectations,Medium,Understaffed,73.79,Moderate,Low,2.37,100.0,0,345,Low,NO_ACTION,Healthy,86.2,0,Marketing,Low,Operational health is 86.2/100 with 0 component(s) below 70. The weakest area is marketing; the current inventory action is no action.,"Review campaign ROI and engagement by campaign type, and reallocate spend to the strongest conversion sources."
OUT0670,Franchise Outlet 0670,63.02,Needs Improvement,High,Overstaffed,48.09,Moderate,Medium,1.17,100.0,0,388,Low,NO_ACTION,Healthy,68.89,2,Marketing,Medium,Operational health is 68.9/100 with 2 component(s) below 70. The weakest area is marketing; the current inventory action is no action.,"Review campaign ROI and engagement by campaign type, and reallocate spend to the strongest conversion sources."
OUT0671,Franchise Outlet 0671,93.21,Top Performer,Medium,Understaffed,68.28,Moderate,Low,2.79,100.0,0,692,Medium,MONITOR_WASTAGE,Healthy,86.52,1,Marketing,Medium,Operational health is 86.5/100 with 1 component(s) below 70. The weakest area is marketing; the current inventory action is monitor wastage.,"Review campaign ROI and engagement by campaign type, and reallocate spend to the strongest conversion sources."
OUT0672,Franchise Outlet 0672,85.82,Meets Expectations,Medium,Understaffed,61.43,Moderate,Low,2.46,35.0,0,1453,Medium,REORDER,Low,62.04,2,Inventory,Medium,Operational health is 62.0/100 with 2 component(s) below 70. The weakest area is inventory; the current inventory action is reorder.,"Complete the inventory action and plan 1,453 replenishment units before the next demand cycle."
OUT0673,Franchise Outlet 0673,72.8,Meets Expectations,Medium,Overstaffed,59.12,Moderate,Low,2.07,100.0,0,460,Medium,MONITOR_WASTAGE,Healthy,76.17,1,Marketing,Medium,Operational health is 76.2/100 with 1 component(s) below 70. The weakest area is marketing; the current inventory action is monitor wastage.,"Review campaign ROI and engagement by campaign type, and reallocate spend to the strongest conversion sources."
OUT0674,Franchise Outlet 0674,55.23,Needs Improvement,High,Overstaffed,45.81,Moderate,High,0.88,35.0,0,345,Medium,REORDER,Low,45.86,3,Inventory,High,Operational health is 45.9/100 with 3 component(s) below 70. The weakest area is inventory; the current inventory action is reorder.,Complete the inventory action and plan 345 replenishment units before the next demand cycle.
OUT0675,Franchise Outlet 0675,87.51,Meets Expectations,Medium,Understaffed,61.79,Moderate,Medium,1.88,35.0,0,1216,Medium,REORDER,Low,62.76,2,Inventory,Medium,Operational health is 62.8/100 with 2 component(s) below 70. The weakest area is inventory; the current inventory action is reorder.,"Complete the inventory action and plan 1,216 replenishment units before the next demand cycle."
OUT0676,Franchise Outlet 0676,69.17,Meets Expectations,Medium,Overstaffed,62.2,Moderate,Low,1.51,100.0,0,402,Medium,MONITOR_WASTAGE,Healthy,75.98,2,Marketing,Medium,Operational health is 76.0/100 with 2 component(s) below 70. The weakest area is marketing; the current inventory action is monitor wastage.,"Review campaign ROI and engagement by campaign type, and reallocate spend to the strongest conversion sources."
OUT0677,Franchise Outlet 0677,79.05,Meets Expectations,Medium,Understaffed,58.05,Moderate,Medium,2.23,10.0,1,2349,High,URGENT_REORDER,Critical,50.98,2,Inventory,High,Operational health is 51.0/100 with 2 component(s) below 70. The weakest area is inventory; the current inventory action is urgent reorder.,"Complete the inventory action and plan 2,349 replenishment units before the next demand cycle."
OUT0678,Franchise Outlet 0678,61.16,Needs Improvement,High,Overstaffed,53.7,Moderate,Low,1.34,10.0,1,621,High,URGENT_REORDER,Critical,43.2,3,Inventory,High,Operational health is 43.2/100 with 3 component(s) below 70. The weakest area is inventory; the current inventory action is urgent reorder.,Complete the inventory action and plan 621 replenishment units before the next demand cycle.
OUT0679,Franchise Outlet 0679,90.0,Meets Expectations,Medium,Understaffed,64.84,Moderate,Low,1.91,100.0,0,979,Low,NO_ACTION,Healthy,84.19,1,Marketing,Medium,Operational health is 84.2/100 with 1 component(s) below 70. The weakest area is marketing; the current inventory action is no action.,"Review campaign ROI and engagement by campaign type, and reallocate spend to the strongest conversion sources."
OUT0680,Franchise Outlet 0680,94.2,Top Performer,Medium,Understaffed,77.01,High Performing,Low,2.04,10.0,1,3376,High,URGENT_REORDER,Critical,62.92,1,Inventory,High,Operational health is 62.9/100 with 1 component(s) below 70. The weakest area is inventory; the current inventory action is urgent reorder.,"Complete the inventory action and plan 3,376 replenishment units before the next demand cycle."
OUT0681,Franchise Outlet 0681,61.81,Needs Improvement,High,Overstaffed,45.71,Moderate,Medium,1.09,100.0,0,405,Medium,MONITOR_WASTAGE,Healthy,67.63,2,Marketing,Medium,Operational health is 67.6/100 with 2 component(s) below 70. The weakest area is marketing; the current inventory action is monitor wastage.,"Review campaign ROI and engagement by campaign type, and reallocate spend to the strongest conversion sources."
OUT0682,Franchise Outlet 0682,66.9,Meets Expectations,Medium,Overstaffed,58.95,Moderate,Low,1.65,100.0,0,668,Low,NO_ACTION,Healthy,74.05,2,Marketing,Medium,Operational health is 74.0/100 with 2 component(s) below 70. The weakest area is marketing; the current inventory action is no action.,"Review campaign ROI and engagement by campaign type, and reallocate spend to the strongest conversion sources."
OUT0683,Franchise Outlet 0683,79.25,Meets Expectations,Low,Balanced,63.85,Moderate,Low,1.44,35.0,0,900,Medium,REORDER,Low,60.58,2,Inventory,Medium,Operational health is 60.6/100 with 2 component(s) below 70. The weakest area is inventory; the current inventory action is reorder.,Complete the inventory action and plan 900 replenishment units before the next demand cycle.
OUT0684,Franchise Outlet 0684,58.07,Needs Improvement,High,Overstaffed,48.4,Moderate,High,1.19,100.0,0,195,Low,NO_ACTION,Healthy,67.26,2,Marketing,Medium,Operational health is 67.3/100 with 2 component(s) below 70. The weakest area is marketing; the current inventory action is no action.,"Review campaign ROI and engagement by campaign type, and reallocate spend to the strongest conversion sources."
OUT0685,Franchise Outlet 0685,91.71,Top Performer,Medium,Understaffed,76.23,High Performing,Low,2.96,100.0,0,2347,Low,NO_ACTION,Healthy,88.78,0,Marketing,Low,Operational health is 88.8/100 with 0 component(s) below 70. The weakest area is marketing; the current inventory action is no action.,"Review campaign ROI and engagement by campaign type, and reallocate spend to the strongest conversion sources."
OUT0686,Franchise Outlet 0686,54.44,Needs Improvement,High,Overstaffed,54.14,Moderate,Low,0.89,100.0,0,211,Medium,MONITOR_WASTAGE,Healthy,68.0,2,Marketing,High,Operational health is 68.0/100 with 2 component(s) below 70. The weakest area is marketing; the current inventory action is monitor wastage.,"Review campaign ROI and engagement by campaign type, and reallocate spend to the strongest conversion sources."
OUT0687,Franchise Outlet 0687,72.4,Meets Expectations,Low,Balanced,60.62,Moderate,Low,1.65,10.0,1,1513,High,URGENT_REORDER,Critical,49.56,2,Inventory,High,Operational health is 49.6/100 with 2 component(s) below 70. The weakest area is inventory; the current inventory action is urgent reorder.,"Complete the inventory action and plan 1,513 replenishment units before the next demand cycle."
OUT0688,Franchise Outlet 0688,60.4,Needs Improvement,High,Overstaffed,44.81,Moderate,Medium,1.34,100.0,0,256,Medium,MONITOR_WASTAGE,Healthy,66.82,2,Marketing,Medium,Operational health is 66.8/100 with 2 component(s) below 70. The weakest area is marketing; the current inventory action is monitor wastage.,"Review campaign ROI and engagement by campaign type, and reallocate spend to the strongest conversion sources."
OUT0689,Franchise Outlet 0689,61.04,Needs Improvement,High,Overstaffed,48.91,Moderate,Medium,1.06,100.0,0,274,Low,NO_ACTION,Healthy,68.48,2,Marketing,Medium,Operational health is 68.5/100 with 2 component(s) below 70. The weakest area is marketing; the current inventory action is no action.,"Review campaign ROI and engagement by campaign type, and reallocate spend to the strongest conversion sources."
OUT0690,Franchise Outlet 0690,92.74,Top Performer,Medium,Understaffed,74.88,Moderate,Low,2.75,35.0,0,2484,Medium,REORDER,Low,69.17,1,Inventory,Medium,Operational health is 69.2/100 with 1 component(s) below 70. The weakest area is inventory; the current inventory action is reorder.,"Complete the inventory action and plan 2,484 replenishment units before the next demand cycle."
OUT0691,Franchise Outlet 0691,79.53,Meets Expectations,Medium,Understaffed,56.87,Moderate,Low,2.23,100.0,0,730,Medium,MONITOR_WASTAGE,Healthy,77.74,1,Marketing,Medium,Operational health is 77.7/100 with 1 component(s) below 70. The weakest area is marketing; the current inventory action is monitor wastage.,"Review campaign ROI and engagement by campaign type, and reallocate spend to the strongest conversion sources."
OUT0692,Franchise Outlet 0692,89.84,Meets Expectations,Medium,Understaffed,55.28,Moderate,Low,1.45,100.0,0,125,Low,NO_ACTION,Healthy,80.79,1,Marketing,Medium,Operational health is 80.8/100 with 1 component(s) below 70. The weakest area is marketing; the current inventory action is no action.,"Review campaign ROI and engagement by campaign type, and reallocate spend to the strongest conversion sources."
OUT0693,Franchise Outlet 0693,93.23,Top Performer,Medium,Understaffed,73.2,Moderate,Medium,2.44,100.0,0,478,Medium,MONITOR_WASTAGE,Healthy,88.25,0,Marketing,Medium,Operational health is 88.2/100 with 0 component(s) below 70. The weakest area is marketing; the current inventory action is monitor wastage.,"Review campaign ROI and engagement by campaign type, and reallocate spend to the strongest conversion sources."
OUT0694,Franchise Outlet 0694,90.79,Meets Expectations,Medium,Understaffed,56.9,Moderate,Low,1.83,10.0,1,1424,High,URGENT_REORDER,Critical,54.69,2,Inventory,High,Operational health is 54.7/100 with 2 component(s) below 70. The weakest area is inventory; the current inventory action is urgent reorder.,"Complete the inventory action and plan 1,424 replenishment units before the next demand cycle."
OUT0695,Franchise Outlet 0695,95.25,Top Performer,Medium,Understaffed,55.16,Moderate,Medium,2.04,35.0,0,2130,Medium,REORDER,Low,63.14,2,Inventory,Medium,Operational health is 63.1/100 with 2 component(s) below 70. The weakest area is inventory; the current inventory action is reorder.,"Complete the inventory action and plan 2,130 replenishment units before the next demand cycle."
OUT0696,Franchise Outlet 0696,67.09,Meets Expectations,Medium,Overstaffed,51.07,Moderate,Medium,1.7,35.0,0,749,Medium,REORDER,Low,51.86,3,Inventory,High,Operational health is 51.9/100 with 3 component(s) below 70. The weakest area is inventory; the current inventory action is reorder.,Complete the inventory action and plan 749 replenishment units before the next demand cycle.
OUT0697,Franchise Outlet 0697,81.39,Meets Expectations,Medium,Understaffed,58.15,Moderate,Medium,2.05,35.0,0,1403,Medium,REORDER,Low,59.34,2,Inventory,Medium,Operational health is 59.3/100 with 2 component(s) below 70. The weakest area is inventory; the current inventory action is reorder.,"Complete the inventory action and plan 1,403 replenishment units before the next demand cycle."
OUT0698,Franchise Outlet 0698,78.36,Meets Expectations,Low,Balanced,65.7,Moderate,Low,2.23,35.0,0,1925,Medium,REORDER,Low,60.92,2,Inventory,Medium,Operational health is 60.9/100 with 2 component(s) below 70. The weakest area is inventory; the current inventory action is reorder.,"Complete the inventory action and plan 1,925 replenishment units before the next demand cycle."
OUT0699,Franchise Outlet 0699,95.48,Top Performer,Medium,Understaffed,80.06,High Performing,Low,2.43,100.0,0,2586,Low,NO_ACTION,Healthy,91.44,0,Marketing,Low,Operational health is 91.4/100 with 0 component(s) below 70. The weakest area is marketing; the current inventory action is no action.,"Review campaign ROI and engagement by campaign type, and reallocate spend to the strongest conversion sources."
OUT0700,Franchise Outlet 0700,61.95,Needs Improvement,High,Overstaffed,47.56,Moderate,Medium,1.04,100.0,0,491,Low,NO_ACTION,Healthy,68.33,2,Marketing,Medium,Operational health is 68.3/100 with 2 component(s) below 70. The weakest area is marketing; the current inventory action is no action.,"Review campaign ROI and engagement by campaign type, and reallocate spend to the strongest conversion sources."
OUT0701,Franchise Outlet 0701,79.72,Meets Expectations,Medium,Understaffed,62.28,Moderate,Low,2.01,35.0,0,1486,Medium,REORDER,Low,60.2,2,Inventory,Medium,Operational health is 60.2/100 with 2 component(s) below 70. The weakest area is inventory; the current inventory action is reorder.,"Complete the inventory action and plan 1,486 replenishment units before the next demand cycle."
OUT0702,Franchise Outlet 0702,95.13,Top Performer,Medium,Understaffed,70.51,Moderate,Medium,2.15,100.0,0,2191,Low,NO_ACTION,Healthy,87.97,0,Marketing,Low,Operational health is 88.0/100 with 0 component(s) below 70. The weakest area is marketing; the current inventory action is no action.,"Review campaign ROI and engagement by campaign type, and reallocate spend to the strongest conversion sources."
OUT0703,Franchise Outlet 0703,89.13,Meets Expectations,Medium,Understaffed,67.6,Moderate,Low,2.25,100.0,0,1268,Medium,MONITOR_WASTAGE,Healthy,84.86,1,Marketing,Medium,Operational health is 84.9/100 with 1 component(s) below 70. The weakest area is marketing; the current inventory action is monitor wastage.,"Review campaign ROI and engagement by campaign type, and reallocate spend to the strongest conversion sources."
OUT0704,Franchise Outlet 0704,58.07,Needs Improvement,High,Overstaffed,56.89,Moderate,Low,1.3,35.0,0,434,Medium,REORDER,Low,50.74,3,Inventory,High,Operational health is 50.7/100 with 3 component(s) below 70. The weakest area is inventory; the current inventory action is reorder.,Complete the inventory action and plan 434 replenishment units before the next demand cycle.
OUT0705,Franchise Outlet 0705,70.0,Meets Expectations,Medium,Overstaffed,64.23,Moderate,Low,1.46,35.0,0,1057,Medium,REORDER,Low,57.48,2,Inventory,Medium,Operational health is 57.5/100 with 2 component(s) below 70. The weakest area is inventory; the current inventory action is reorder.,"Complete the inventory action and plan 1,057 replenishment units before the next demand cycle."
OUT0706,Franchise Outlet 0706,91.7,Top Performer,Medium,Understaffed,57.82,Moderate,Low,1.57,35.0,0,1414,Medium,REORDER,Low,62.83,2,Inventory,Medium,Operational health is 62.8/100 with 2 component(s) below 70. The weakest area is inventory; the current inventory action is reorder.,"Complete the inventory action and plan 1,414 replenishment units before the next demand cycle."
OUT0707,Franchise Outlet 0707,94.86,Top Performer,Medium,Understaffed,70.75,Moderate,Low,2.86,35.0,0,3825,Medium,REORDER,Low,68.46,1,Inventory,Medium,Operational health is 68.5/100 with 1 component(s) below 70. The weakest area is inventory; the current inventory action is reorder.,"Complete the inventory action and plan 3,825 replenishment units before the next demand cycle."
OUT0708,Franchise Outlet 0708,82.17,Meets Expectations,Medium,Understaffed,62.87,Moderate,Low,2.34,10.0,1,2377,High,URGENT_REORDER,Critical,53.76,2,Inventory,High,Operational health is 53.8/100 with 2 component(s) below 70. The weakest area is inventory; the current inventory action is urgent reorder.,"Complete the inventory action and plan 2,377 replenishment units before the next demand cycle."
OUT0709,Franchise Outlet 0709,85.09,Meets Expectations,Medium,Understaffed,58.54,Moderate,Low,1.48,100.0,0,973,Low,NO_ACTION,Healthy,80.27,1,Marketing,Medium,Operational health is 80.3/100 with 1 component(s) below 70. The weakest area is marketing; the current inventory action is no action.,"Review campaign ROI and engagement by campaign type, and reallocate spend to the strongest conversion sources."
OUT0710,Franchise Outlet 0710,82.66,Meets Expectations,Medium,Understaffed,57.94,Moderate,Low,1.82,100.0,0,629,Low,NO_ACTION,Healthy,79.21,1,Marketing,Medium,Operational health is 79.2/100 with 1 component(s) below 70. The weakest area is marketing; the current inventory action is no action.,"Review campaign ROI and engagement by campaign type, and reallocate spend to the strongest conversion sources."
OUT0711,Franchise Outlet 0711,90.96,Top Performer,Medium,Understaffed,65.2,Moderate,Low,2.41,100.0,0,620,Medium,MONITOR_WASTAGE,Healthy,84.66,1,Marketing,Medium,Operational health is 84.7/100 with 1 component(s) below 70. The weakest area is marketing; the current inventory action is monitor wastage.,"Review campaign ROI and engagement by campaign type, and reallocate spend to the strongest conversion sources."
OUT0712,Franchise Outlet 0712,89.35,Meets Expectations,Medium,Understaffed,73.81,Moderate,Low,2.32,100.0,0,1841,Low,NO_ACTION,Healthy,87.11,0,Marketing,Low,Operational health is 87.1/100 with 0 component(s) below 70. The weakest area is marketing; the current inventory action is no action.,"Review campaign ROI and engagement by campaign type, and reallocate spend to the strongest conversion sources."
OUT0713,Franchise Outlet 0713,95.05,Top Performer,Medium,Understaffed,68.72,Moderate,Medium,2.38,100.0,0,1003,Medium,MONITOR_WASTAGE,Healthy,87.32,1,Marketing,Medium,Operational health is 87.3/100 with 1 component(s) below 70. The weakest area is marketing; the current inventory action is monitor wastage.,"Review campaign ROI and engagement by campaign type, and reallocate spend to the strongest conversion sources."
OUT0714,Franchise Outlet 0714,89.47,Meets Expectations,Medium,Understaffed,63.09,Moderate,Low,2.02,35.0,0,1389,Medium,REORDER,Low,63.9,2,Inventory,Medium,Operational health is 63.9/100 with 2 component(s) below 70. The weakest area is inventory; the current inventory action is reorder.,"Complete the inventory action and plan 1,389 replenishment units before the next demand cycle."
OUT0715,Franchise Outlet 0715,56.32,Needs Improvement,High,Overstaffed,49.71,Moderate,Medium,1.02,35.0,0,300,Medium,REORDER,Low,47.61,3,Inventory,High,Operational health is 47.6/100 with 3 component(s) below 70. The weakest area is inventory; the current inventory action is reorder.,Complete the inventory action and plan 300 replenishment units before the next demand cycle.
OUT0716,Franchise Outlet 0716,95.25,Top Performer,Medium,Understaffed,84.62,High Performing,Low,2.85,100.0,0,2328,Medium,MONITOR_WASTAGE,Healthy,92.95,0,Marketing,Medium,Operational health is 93.0/100 with 0 component(s) below 70. The weakest area is marketing; the current inventory action is monitor wastage.,"Review campaign ROI and engagement by campaign type, and reallocate spend to the strongest conversion sources."
OUT0717,Franchise Outlet 0717,93.88,Top Performer,Medium,Understaffed,63.19,Moderate,Low,2.24,35.0,0,1661,Medium,REORDER,Low,65.47,2,Inventory,Medium,Operational health is 65.5/100 with 2 component(s) below 70. The weakest area is inventory; the current inventory action is reorder.,"Complete the inventory action and plan 1,661 replenishment units before the next demand cycle."
OUT0718,Franchise Outlet 0718,89.11,Meets Expectations,Medium,Understaffed,63.84,Moderate,Medium,2.4,10.0,1,3496,High,URGENT_REORDER,Critical,56.53,2,Inventory,High,Operational health is 56.5/100 with 2 component(s) below 70. The weakest area is inventory; the current inventory action is urgent reorder.,"Complete the inventory action and plan 3,496 replenishment units before the next demand cycle."
OUT0719,Franchise Outlet 0719,78.59,Meets Expectations,Medium,Understaffed,58.32,Moderate,Low,2.11,35.0,0,1171,Medium,REORDER,Low,58.42,2,Inventory,Medium,Operational health is 58.4/100 with 2 component(s) below 70. The weakest area is inventory; the current inventory action is reorder.,"Complete the inventory action and plan 1,171 replenishment units before the next demand cycle."
OUT0720,Franchise Outlet 0720,65.31,Needs Improvement,High,Overstaffed,48.27,Moderate,Medium,1.02,35.0,0,556,Medium,REORDER,Low,50.25,3,Inventory,High,Operational health is 50.2/100 with 3 component(s) below 70. The weakest area is inventory; the current inventory action is reorder.,Complete the inventory action and plan 556 replenishment units before the next demand cycle.
OUT0721,Franchise Outlet 0721,94.06,Top Performer,Medium,Understaffed,69.87,Moderate,Low,2.32,35.0,0,2558,Medium,REORDER,Low,67.88,2,Inventory,Medium,Operational health is 67.9/100 with 2 component(s) below 70. The weakest area is inventory; the current inventory action is reorder.,"Complete the inventory action and plan 2,558 replenishment units before the next demand cycle."
OUT0722,Franchise Outlet 0722,71.2,Meets Expectations,Low,Balanced,55.98,Moderate,Low,1.64,10.0,1,1455,High,URGENT_REORDER,Critical,47.51,2,Inventory,High,Operational health is 47.5/100 with 2 component(s) below 70. The weakest area is inventory; the current inventory action is urgent reorder.,"Complete the inventory action and plan 1,455 replenishment units before the next demand cycle."
OUT0723,Franchise Outlet 0723,93.79,Top Performer,Medium,Understaffed,94.08,High Performing,Low,3.21,35.0,0,3227,Medium,REORDER,Low,76.25,1,Inventory,Medium,Operational health is 76.2/100 with 1 component(s) below 70. The weakest area is inventory; the current inventory action is reorder.,"Complete the inventory action and plan 3,227 replenishment units before the next demand cycle."
OUT0724,Franchise Outlet 0724,85.73,Meets Expectations,Medium,Understaffed,66.6,Moderate,Low,3.15,35.0,0,2184,Medium,REORDER,Low,63.82,2,Inventory,Medium,Operational health is 63.8/100 with 2 component(s) below 70. The weakest area is inventory; the current inventory action is reorder.,"Complete the inventory action and plan 2,184 replenishment units before the next demand cycle."
OUT0725,Franchise Outlet 0725,89.5,Meets Expectations,Medium,Understaffed,53.92,Moderate,Low,2.06,100.0,0,356,Low,NO_ACTION,Healthy,80.2,1,Marketing,Medium,Operational health is 80.2/100 with 1 component(s) below 70. The weakest area is marketing; the current inventory action is no action.,"Review campaign ROI and engagement by campaign type, and reallocate spend to the strongest conversion sources."
OUT0726,Franchise Outlet 0726,78.65,Meets Expectations,Medium,Understaffed,51.25,Moderate,High,1.96,35.0,0,1517,Medium,REORDER,Low,55.96,2,Inventory,High,Operational health is 56.0/100 with 2 component(s) below 70. The weakest area is inventory; the current inventory action is reorder.,"Complete the inventory action and plan 1,517 replenishment units before the next demand cycle."
OUT0727,Franchise Outlet 0727,57.71,Needs Improvement,High,Overstaffed,47.01,Moderate,High,1.25,35.0,0,387,Medium,REORDER,Low,47.15,3,Inventory,High,Operational health is 47.1/100 with 3 component(s) below 70. The weakest area is inventory; the current inventory action is reorder.,Complete the inventory action and plan 387 replenishment units before the next demand cycle.
OUT0728,Franchise Outlet 0728,77.14,Meets Expectations,Medium,Understaffed,61.39,Moderate,Low,2.43,35.0,0,1471,Medium,REORDER,Low,58.99,2,Inventory,Medium,Operational health is 59.0/100 with 2 component(s) below 70. The weakest area is inventory; the current inventory action is reorder.,"Complete the inventory action and plan 1,471 replenishment units before the next demand cycle."
OUT0729,Franchise Outlet 0729,88.07,Meets Expectations,Medium,Understaffed,55.67,Moderate,Low,1.53,100.0,0,730,Low,NO_ACTION,Healthy,80.31,1,Marketing,Medium,Operational health is 80.3/100 with 1 component(s) below 70. The weakest area is marketing; the current inventory action is no action.,"Review campaign ROI and engagement by campaign type, and reallocate spend to the strongest conversion sources."
OUT0730,Franchise Outlet 0730,67.82,Meets Expectations,Medium,Overstaffed,50.22,Moderate,Medium,1.41,100.0,0,350,Low,NO_ACTION,Healthy,71.31,2,Marketing,Medium,Operational health is 71.3/100 with 2 component(s) below 70. The weakest area is marketing; the current inventory action is no action.,"Review campaign ROI and engagement by campaign type, and reallocate spend to the strongest conversion sources."
OUT0731,Franchise Outlet 0731,74.33,Meets Expectations,Low,Balanced,48.7,Moderate,Medium,1.26,100.0,0,242,Medium,MONITOR_WASTAGE,Healthy,73.06,1,Marketing,Medium,Operational health is 73.1/100 with 1 component(s) below 70. The weakest area is marketing; the current inventory action is monitor wastage.,"Review campaign ROI and engagement by campaign type, and reallocate spend to the strongest conversion sources."
OUT0732,Franchise Outlet 0732,94.37,Top Performer,Medium,Understaffed,70.04,Moderate,Low,2.67,100.0,0,1943,Low,NO_ACTION,Healthy,87.54,0,Marketing,Low,Operational health is 87.5/100 with 0 component(s) below 70. The weakest area is marketing; the current inventory action is no action.,"Review campaign ROI and engagement by campaign type, and reallocate spend to the strongest conversion sources."
OUT0733,Franchise Outlet 0733,78.48,Meets Expectations,Low,Balanced,56.65,Moderate,Low,1.36,35.0,0,1068,Medium,REORDER,Low,57.8,2,Inventory,Medium,Operational health is 57.8/100 with 2 component(s) below 70. The weakest area is inventory; the current inventory action is reorder.,"Complete the inventory action and plan 1,068 replenishment units before the next demand cycle."
OUT0734,Franchise Outlet 0734,94.5,Top Performer,Medium,Understaffed,72.82,Moderate,Low,2.67,35.0,0,2147,Medium,REORDER,Low,69.06,1,Inventory,Medium,Operational health is 69.1/100 with 1 component(s) below 70. The weakest area is inventory; the current inventory action is reorder.,"Complete the inventory action and plan 2,147 replenishment units before the next demand cycle."
OUT0735,Franchise Outlet 0735,95.14,Top Performer,Medium,Understaffed,90.88,High Performing,Low,3.2,100.0,0,4907,Low,NO_ACTION,Healthy,95.11,0,Marketing,Low,Operational health is 95.1/100 with 0 component(s) below 70. The weakest area is marketing; the current inventory action is no action.,"Review campaign ROI and engagement by campaign type, and reallocate spend to the strongest conversion sources."
OUT0736,Franchise Outlet 0736,72.8,Meets Expectations,Medium,Overstaffed,61.16,Moderate,Low,1.84,35.0,0,1215,Medium,REORDER,Low,57.39,2,Inventory,Medium,Operational health is 57.4/100 with 2 component(s) below 70. The weakest area is inventory; the current inventory action is reorder.,"Complete the inventory action and plan 1,215 replenishment units before the next demand cycle."
OUT0737,Franchise Outlet 0737,95.12,Top Performer,Medium,Understaffed,76.23,High Performing,Low,2.78,35.0,0,2031,Medium,REORDER,Low,70.47,1,Inventory,Medium,Operational health is 70.5/100 with 1 component(s) below 70. The weakest area is inventory; the current inventory action is reorder.,"Complete the inventory action and plan 2,031 replenishment units before the next demand cycle."
OUT0738,Franchise Outlet 0738,55.3,Needs Improvement,High,Overstaffed,42.05,Moderate,High,0.82,100.0,0,224,Medium,MONITOR_WASTAGE,Healthy,64.07,2,Marketing,Medium,Operational health is 64.1/100 with 2 component(s) below 70. The weakest area is marketing; the current inventory action is monitor wastage.,"Review campaign ROI and engagement by campaign type, and reallocate spend to the strongest conversion sources."
OUT0739,Franchise Outlet 0739,69.04,Meets Expectations,Low,Balanced,48.16,Moderate,Medium,1.86,10.0,1,1156,High,URGENT_REORDER,Critical,44.02,3,Inventory,High,Operational health is 44.0/100 with 3 component(s) below 70. The weakest area is inventory; the current inventory action is urgent reorder.,"Complete the inventory action and plan 1,156 replenishment units before the next demand cycle."
OUT0740,Franchise Outlet 0740,91.95,Top Performer,Medium,Understaffed,70.41,Moderate,Low,2.7,100.0,0,1100,Low,NO_ACTION,Healthy,86.83,0,Marketing,Low,Operational health is 86.8/100 with 0 component(s) below 70. The weakest area is marketing; the current inventory action is no action.,"Review campaign ROI and engagement by campaign type, and reallocate spend to the strongest conversion sources."
OUT0741,Franchise Outlet 0741,68.06,Meets Expectations,Medium,Overstaffed,55.98,Moderate,Low,2.07,100.0,0,760,Medium,MONITOR_WASTAGE,Healthy,73.41,2,Marketing,Medium,Operational health is 73.4/100 with 2 component(s) below 70. The weakest area is marketing; the current inventory action is monitor wastage.,"Review campaign ROI and engagement by campaign type, and reallocate spend to the strongest conversion sources."
OUT0742,Franchise Outlet 0742,69.84,Meets Expectations,Medium,Overstaffed,53.13,Moderate,Medium,2.04,100.0,0,575,Low,NO_ACTION,Healthy,73.04,2,Marketing,Medium,Operational health is 73.0/100 with 2 component(s) below 70. The weakest area is marketing; the current inventory action is no action.,"Review campaign ROI and engagement by campaign type, and reallocate spend to the strongest conversion sources."
OUT0743,Franchise Outlet 0743,94.86,Top Performer,Medium,Understaffed,78.33,High Performing,Medium,2.15,35.0,0,3279,Medium,REORDER,Low,71.12,1,Inventory,Medium,Operational health is 71.1/100 with 1 component(s) below 70. The weakest area is inventory; the current inventory action is reorder.,"Complete the inventory action and plan 3,279 replenishment units before the next demand cycle."
OUT0744,Franchise Outlet 0744,63.58,Needs Improvement,High,Overstaffed,61.18,Moderate,Low,1.27,35.0,0,675,Medium,REORDER,Low,54.17,3,Inventory,High,Operational health is 54.2/100 with 3 component(s) below 70. The weakest area is inventory; the current inventory action is reorder.,Complete the inventory action and plan 675 replenishment units before the next demand cycle.
OUT0745,Franchise Outlet 0745,77.07,Meets Expectations,Medium,Understaffed,56.87,Moderate,Medium,1.79,100.0,0,1023,Low,NO_ACTION,Healthy,76.88,1,Marketing,Medium,Operational health is 76.9/100 with 1 component(s) below 70. The weakest area is marketing; the current inventory action is no action.,"Review campaign ROI and engagement by campaign type, and reallocate spend to the strongest conversion sources."
OUT0746,Franchise Outlet 0746,70.35,Meets Expectations,Low,Balanced,51.43,Moderate,Low,1.44,35.0,0,625,Medium,REORDER,Low,53.12,2,Inventory,High,Operational health is 53.1/100 with 2 component(s) below 70. The weakest area is inventory; the current inventory action is reorder.,Complete the inventory action and plan 625 replenishment units before the next demand cycle.
OUT0747,Franchise Outlet 0747,63.29,Needs Improvement,High,Overstaffed,50.17,Moderate,Medium,1.3,35.0,0,627,Medium,REORDER,Low,50.21,3,Inventory,High,Operational health is 50.2/100 with 3 component(s) below 70. The weakest area is inventory; the current inventory action is reorder.,Complete the inventory action and plan 627 replenishment units before the next demand cycle.
OUT0748,Franchise Outlet 0748,91.86,Top Performer,Medium,Understaffed,66.63,Moderate,Medium,2.27,100.0,0,2244,Medium,MONITOR_WASTAGE,Healthy,85.47,1,Marketing,Medium,Operational health is 85.5/100 with 1 component(s) below 70. The weakest area is marketing; the current inventory action is monitor wastage.,"Review campaign ROI and engagement by campaign type, and reallocate spend to the strongest conversion sources."
OUT0749,Franchise Outlet 0749,69.63,Meets Expectations,Low,Balanced,51.37,Moderate,Medium,1.24,100.0,0,871,Low,NO_ACTION,Healthy,72.35,2,Marketing,Medium,Operational health is 72.3/100 with 2 component(s) below 70. The weakest area is marketing; the current inventory action is no action.,"Review campaign ROI and engagement by campaign type, and reallocate spend to the strongest conversion sources."
OUT0750,Franchise Outlet 0750,82.08,Meets Expectations,Medium,Understaffed,72.49,Moderate,Medium,1.58,35.0,0,2078,Medium,REORDER,Low,64.6,1,Inventory,Medium,Operational health is 64.6/100 with 1 component(s) below 70. The weakest area is inventory; the current inventory action is reorder.,"Complete the inventory action and plan 2,078 replenishment units before the next demand cycle."
