Outlet_ID,Outlet_Name,Records,Average_Employees,Average_Productivity_Score,Average_Attendance_Rate,Average_Staff_Performance_Score,Top_Performer_Months,Needs_Improvement_Months,Balanced_Months,Understaffed_Months,Overstaffed_Months,Latest_Month,Latest_Staff_Performance_Score,Latest_Staff_Category,Latest_Scheduling_Status,Workforce_Category,Workforce_Alert_Level,Workforce_Insight,Workforce_Recommendation
OUT0001,Franchise Outlet 0001,40,20.0,50.21,94.0,66.38,0,20,0,0,40,2026-04-01,71.09,Meets Expectations,Overstaffed,Meets Expectations,Medium,"Average staff performance is 66.4/100 with 94.0% attendance. The latest workforce schedule is overstaffed, and 20 of 40 months were classified as needing improvement.",Align staffing hours with demand and move spare capacity to busier periods.
OUT0002,Franchise Outlet 0002,40,22.0,41.48,93.95,62.74,0,39,0,0,40,2026-04-01,61.11,Needs Improvement,Overstaffed,Needs Improvement,High,"Average staff performance is 62.7/100 with 93.9% attendance. The latest workforce schedule is overstaffed, and 39 of 40 months were classified as needing improvement.",Rebalance excess shift coverage and use coaching or role changes to improve staff productivity.
OUT0003,Franchise Outlet 0003,40,8.0,100.0,95.53,95.03,39,0,0,40,0,2026-04-01,95.1,Top Performer,Understaffed,Top Performer,Medium,"Average staff performance is 95.0/100 with 95.5% attendance. The latest workforce schedule is understaffed, and 0 of 40 months were classified as needing improvement.",Review demand-based rosters and add coverage during peak periods.
OUT0004,Franchise Outlet 0004,40,20.0,35.91,94.9,61.83,0,40,0,0,40,2026-04-01,61.85,Needs Improvement,Overstaffed,Needs Improvement,High,"Average staff performance is 61.8/100 with 94.9% attendance. The latest workforce schedule is overstaffed, and 40 of 40 months were classified as needing improvement.",Rebalance excess shift coverage and use coaching or role changes to improve staff productivity.
OUT0005,Franchise Outlet 0005,40,17.0,76.73,93.34,78.53,0,0,10,30,0,2026-04-01,80.15,Meets Expectations,Understaffed,Meets Expectations,Medium,"Average staff performance is 78.5/100 with 93.3% attendance. The latest workforce schedule is understaffed, and 0 of 40 months were classified as needing improvement.",Review demand-based rosters and add coverage during peak periods.
OUT0006,Franchise Outlet 0006,40,18.0,43.86,93.12,61.77,0,37,3,0,37,2026-04-01,64.05,Needs Improvement,Overstaffed,Needs Improvement,High,"Average staff performance is 61.8/100 with 93.1% attendance. The latest workforce schedule is overstaffed, and 37 of 40 months were classified as needing improvement.",Rebalance excess shift coverage and use coaching or role changes to improve staff productivity.
OUT0007,Franchise Outlet 0007,40,12.0,65.55,95.48,77.95,1,0,32,3,5,2026-04-01,81.13,Meets Expectations,Balanced,Meets Expectations,Low,"Average staff performance is 77.9/100 with 95.5% attendance. The latest workforce schedule is balanced, and 0 of 40 months were classified as needing improvement.",Maintain the current schedule and continue monitoring attendance and productivity.
OUT0008,Franchise Outlet 0008,40,25.0,37.29,94.01,60.25,0,39,0,0,40,2026-04-01,60.26,Needs Improvement,Overstaffed,Needs Improvement,High,"Average staff performance is 60.3/100 with 94.0% attendance. The latest workforce schedule is overstaffed, and 39 of 40 months were classified as needing improvement.",Rebalance excess shift coverage and use coaching or role changes to improve staff productivity.
OUT0009,Franchise Outlet 0009,40,23.0,99.98,94.69,93.14,34,0,0,40,0,2026-04-01,94.79,Top Performer,Understaffed,Top Performer,Medium,"Average staff performance is 93.1/100 with 94.7% attendance. The latest workforce schedule is understaffed, and 0 of 40 months were classified as needing improvement.",Review demand-based rosters and add coverage during peak periods.
OUT0010,Franchise Outlet 0010,40,23.0,66.78,94.67,77.08,0,0,37,2,1,2026-04-01,79.53,Meets Expectations,Balanced,Meets Expectations,Low,"Average staff performance is 77.1/100 with 94.7% attendance. The latest workforce schedule is balanced, and 0 of 40 months were classified as needing improvement.",Maintain the current schedule and continue monitoring attendance and productivity.
OUT0011,Franchise Outlet 0011,40,24.0,35.7,93.56,58.45,0,40,0,0,40,2026-04-01,59.91,Needs Improvement,Overstaffed,Needs Improvement,High,"Average staff performance is 58.4/100 with 93.6% attendance. The latest workforce schedule is overstaffed, and 40 of 40 months were classified as needing improvement.",Rebalance excess shift coverage and use coaching or role changes to improve staff productivity.
OUT0012,Franchise Outlet 0012,40,4.0,100.0,94.72,93.56,39,0,0,40,0,2026-04-01,94.64,Top Performer,Understaffed,Top Performer,Medium,"Average staff performance is 93.6/100 with 94.7% attendance. The latest workforce schedule is understaffed, and 0 of 40 months were classified as needing improvement.",Review demand-based rosters and add coverage during peak periods.
OUT0013,Franchise Outlet 0013,40,11.0,94.79,94.7,91.16,21,0,0,40,0,2026-04-01,91.49,Top Performer,Understaffed,Top Performer,Medium,"Average staff performance is 91.2/100 with 94.7% attendance. The latest workforce schedule is understaffed, and 0 of 40 months were classified as needing improvement.",Review demand-based rosters and add coverage during peak periods.
OUT0014,Franchise Outlet 0014,40,22.0,43.34,94.49,64.52,0,32,0,0,40,2026-04-01,64.02,Needs Improvement,Overstaffed,Needs Improvement,High,"Average staff performance is 64.5/100 with 94.5% attendance. The latest workforce schedule is overstaffed, and 32 of 40 months were classified as needing improvement.",Rebalance excess shift coverage and use coaching or role changes to improve staff productivity.
OUT0015,Franchise Outlet 0015,40,13.0,83.24,93.65,82.3,0,0,1,39,0,2026-04-01,80.62,Meets Expectations,Understaffed,Meets Expectations,Medium,"Average staff performance is 82.3/100 with 93.7% attendance. The latest workforce schedule is understaffed, and 0 of 40 months were classified as needing improvement.",Review demand-based rosters and add coverage during peak periods.
OUT0016,Franchise Outlet 0016,40,22.0,80.81,95.06,85.03,5,0,5,34,1,2026-04-01,71.69,Meets Expectations,Overstaffed,Meets Expectations,Medium,"Average staff performance is 85.0/100 with 95.1% attendance. The latest workforce schedule is overstaffed, and 0 of 40 months were classified as needing improvement.",Align staffing hours with demand and move spare capacity to busier periods.
OUT0017,Franchise Outlet 0017,40,21.0,97.22,94.29,90.6,19,0,0,40,0,2026-04-01,92.23,Top Performer,Understaffed,Meets Expectations,Medium,"Average staff performance is 90.6/100 with 94.3% attendance. The latest workforce schedule is understaffed, and 0 of 40 months were classified as needing improvement.",Review demand-based rosters and add coverage during peak periods.
OUT0018,Franchise Outlet 0018,40,15.0,65.8,95.2,77.74,0,0,27,3,10,2026-04-01,78.63,Meets Expectations,Understaffed,Meets Expectations,Medium,"Average staff performance is 77.7/100 with 95.2% attendance. The latest workforce schedule is understaffed, and 0 of 40 months were classified as needing improvement.",Review demand-based rosters and add coverage during peak periods.
OUT0019,Franchise Outlet 0019,40,22.0,56.72,94.56,71.28,0,0,2,0,38,2026-04-01,69.83,Meets Expectations,Overstaffed,Meets Expectations,Medium,"Average staff performance is 71.3/100 with 94.6% attendance. The latest workforce schedule is overstaffed, and 0 of 40 months were classified as needing improvement.",Align staffing hours with demand and move spare capacity to busier periods.
OUT0020,Franchise Outlet 0020,40,21.0,37.3,92.69,57.65,0,39,0,0,40,2026-04-01,55.98,Needs Improvement,Overstaffed,Needs Improvement,High,"Average staff performance is 57.7/100 with 92.7% attendance. The latest workforce schedule is overstaffed, and 39 of 40 months were classified as needing improvement.",Rebalance excess shift coverage and use coaching or role changes to improve staff productivity.
OUT0021,Franchise Outlet 0021,40,21.0,100.0,95.55,95.63,40,0,0,40,0,2026-04-01,95.35,Top Performer,Understaffed,Top Performer,Medium,"Average staff performance is 95.6/100 with 95.5% attendance. The latest workforce schedule is understaffed, and 0 of 40 months were classified as needing improvement.",Review demand-based rosters and add coverage during peak periods.
OUT0022,Franchise Outlet 0022,40,19.0,46.86,92.8,62.82,0,40,0,0,40,2026-04-01,64.65,Needs Improvement,Overstaffed,Needs Improvement,High,"Average staff performance is 62.8/100 with 92.8% attendance. The latest workforce schedule is overstaffed, and 40 of 40 months were classified as needing improvement.",Rebalance excess shift coverage and use coaching or role changes to improve staff productivity.
OUT0023,Franchise Outlet 0023,40,10.0,56.18,93.71,69.16,0,5,1,1,38,2026-04-01,70.16,Meets Expectations,Overstaffed,Meets Expectations,Medium,"Average staff performance is 69.2/100 with 93.7% attendance. The latest workforce schedule is overstaffed, and 5 of 40 months were classified as needing improvement.",Align staffing hours with demand and move spare capacity to busier periods.
OUT0024,Franchise Outlet 0024,40,14.0,68.98,94.12,76.44,0,0,25,12,3,2026-04-01,74.02,Meets Expectations,Balanced,Meets Expectations,Low,"Average staff performance is 76.4/100 with 94.1% attendance. The latest workforce schedule is balanced, and 0 of 40 months were classified as needing improvement.",Maintain the current schedule and continue monitoring attendance and productivity.
OUT0025,Franchise Outlet 0025,40,11.0,92.79,95.34,91.59,26,0,0,40,0,2026-04-01,95.81,Top Performer,Understaffed,Top Performer,Medium,"Average staff performance is 91.6/100 with 95.3% attendance. The latest workforce schedule is understaffed, and 0 of 40 months were classified as needing improvement.",Review demand-based rosters and add coverage during peak periods.
OUT0026,Franchise Outlet 0026,40,18.0,100.0,94.8,93.29,39,0,0,40,0,2026-04-01,95.08,Top Performer,Understaffed,Top Performer,Medium,"Average staff performance is 93.3/100 with 94.8% attendance. The latest workforce schedule is understaffed, and 0 of 40 months were classified as needing improvement.",Review demand-based rosters and add coverage during peak periods.
OUT0027,Franchise Outlet 0027,40,16.0,64.61,93.84,73.62,0,0,29,4,7,2026-04-01,75.72,Meets Expectations,Balanced,Meets Expectations,Low,"Average staff performance is 73.6/100 with 93.8% attendance. The latest workforce schedule is balanced, and 0 of 40 months were classified as needing improvement.",Maintain the current schedule and continue monitoring attendance and productivity.
OUT0028,Franchise Outlet 0028,40,22.0,100.0,95.48,95.04,40,0,0,40,0,2026-04-01,94.9,Top Performer,Understaffed,Top Performer,Medium,"Average staff performance is 95.0/100 with 95.5% attendance. The latest workforce schedule is understaffed, and 0 of 40 months were classified as needing improvement.",Review demand-based rosters and add coverage during peak periods.
OUT0029,Franchise Outlet 0029,40,17.0,58.18,93.13,69.16,0,3,12,0,28,2026-04-01,67.97,Meets Expectations,Overstaffed,Meets Expectations,Medium,"Average staff performance is 69.2/100 with 93.1% attendance. The latest workforce schedule is overstaffed, and 3 of 40 months were classified as needing improvement.",Align staffing hours with demand and move spare capacity to busier periods.
OUT0030,Franchise Outlet 0030,40,17.0,32.98,93.35,56.58,0,40,0,0,40,2026-04-01,56.63,Needs Improvement,Overstaffed,Needs Improvement,High,"Average staff performance is 56.6/100 with 93.3% attendance. The latest workforce schedule is overstaffed, and 40 of 40 months were classified as needing improvement.",Rebalance excess shift coverage and use coaching or role changes to improve staff productivity.
OUT0031,Franchise Outlet 0031,40,22.0,78.78,95.17,83.75,0,0,5,34,1,2026-04-01,81.34,Meets Expectations,Understaffed,Meets Expectations,Medium,"Average staff performance is 83.7/100 with 95.2% attendance. The latest workforce schedule is understaffed, and 0 of 40 months were classified as needing improvement.",Review demand-based rosters and add coverage during peak periods.
OUT0032,Franchise Outlet 0032,40,24.0,46.91,92.63,62.99,0,38,0,0,40,2026-04-01,63.91,Needs Improvement,Overstaffed,Needs Improvement,High,"Average staff performance is 63.0/100 with 92.6% attendance. The latest workforce schedule is overstaffed, and 38 of 40 months were classified as needing improvement.",Rebalance excess shift coverage and use coaching or role changes to improve staff productivity.
OUT0033,Franchise Outlet 0033,40,18.0,100.0,95.14,94.73,40,0,0,40,0,2026-04-01,95.97,Top Performer,Understaffed,Top Performer,Medium,"Average staff performance is 94.7/100 with 95.1% attendance. The latest workforce schedule is understaffed, and 0 of 40 months were classified as needing improvement.",Review demand-based rosters and add coverage during peak periods.
OUT0034,Franchise Outlet 0034,40,15.0,94.25,94.46,89.9,20,0,0,40,0,2026-04-01,92.25,Top Performer,Understaffed,Meets Expectations,Medium,"Average staff performance is 89.9/100 with 94.5% attendance. The latest workforce schedule is understaffed, and 0 of 40 months were classified as needing improvement.",Review demand-based rosters and add coverage during peak periods.
OUT0035,Franchise Outlet 0035,40,15.0,88.17,94.96,87.69,8,0,0,40,0,2026-04-01,89.25,Meets Expectations,Understaffed,Meets Expectations,Medium,"Average staff performance is 87.7/100 with 95.0% attendance. The latest workforce schedule is understaffed, and 0 of 40 months were classified as needing improvement.",Review demand-based rosters and add coverage during peak periods.
OUT0036,Franchise Outlet 0036,40,22.0,64.26,93.6,72.97,0,0,26,0,14,2026-04-01,77.31,Meets Expectations,Balanced,Meets Expectations,Low,"Average staff performance is 73.0/100 with 93.6% attendance. The latest workforce schedule is balanced, and 0 of 40 months were classified as needing improvement.",Maintain the current schedule and continue monitoring attendance and productivity.
OUT0037,Franchise Outlet 0037,40,12.0,59.47,93.1,69.23,0,6,16,0,24,2026-04-01,71.35,Meets Expectations,Balanced,Meets Expectations,Low,"Average staff performance is 69.2/100 with 93.1% attendance. The latest workforce schedule is balanced, and 6 of 40 months were classified as needing improvement.",Maintain the current schedule and continue monitoring attendance and productivity.
OUT0038,Franchise Outlet 0038,40,31.0,45.3,93.08,62.41,0,39,0,0,40,2026-04-01,63.52,Needs Improvement,Overstaffed,Needs Improvement,High,"Average staff performance is 62.4/100 with 93.1% attendance. The latest workforce schedule is overstaffed, and 39 of 40 months were classified as needing improvement.",Rebalance excess shift coverage and use coaching or role changes to improve staff productivity.
OUT0039,Franchise Outlet 0039,40,17.0,98.22,95.11,93.45,36,0,1,39,0,2026-04-01,93.17,Top Performer,Understaffed,Top Performer,Medium,"Average staff performance is 93.4/100 with 95.1% attendance. The latest workforce schedule is understaffed, and 0 of 40 months were classified as needing improvement.",Review demand-based rosters and add coverage during peak periods.
OUT0040,Franchise Outlet 0040,40,19.0,66.79,92.67,72.33,0,1,35,2,3,2026-04-01,76.25,Meets Expectations,Balanced,Meets Expectations,Low,"Average staff performance is 72.3/100 with 92.7% attendance. The latest workforce schedule is balanced, and 1 of 40 months were classified as needing improvement.",Maintain the current schedule and continue monitoring attendance and productivity.
OUT0041,Franchise Outlet 0041,40,13.0,100.0,93.79,91.64,29,0,0,40,0,2026-04-01,89.72,Meets Expectations,Understaffed,Top Performer,Medium,"Average staff performance is 91.6/100 with 93.8% attendance. The latest workforce schedule is understaffed, and 0 of 40 months were classified as needing improvement.",Review demand-based rosters and add coverage during peak periods.
OUT0042,Franchise Outlet 0042,40,18.0,33.53,92.82,55.59,0,40,0,0,40,2026-04-01,56.71,Needs Improvement,Overstaffed,Needs Improvement,High,"Average staff performance is 55.6/100 with 92.8% attendance. The latest workforce schedule is overstaffed, and 40 of 40 months were classified as needing improvement.",Rebalance excess shift coverage and use coaching or role changes to improve staff productivity.
OUT0043,Franchise Outlet 0043,40,12.0,52.78,93.7,67.66,0,11,0,0,40,2026-04-01,68.92,Meets Expectations,Overstaffed,Meets Expectations,Medium,"Average staff performance is 67.7/100 with 93.7% attendance. The latest workforce schedule is overstaffed, and 11 of 40 months were classified as needing improvement.",Align staffing hours with demand and move spare capacity to busier periods.
OUT0044,Franchise Outlet 0044,40,19.0,99.86,94.1,91.66,31,0,0,40,0,2026-04-01,88.86,Meets Expectations,Understaffed,Top Performer,Medium,"Average staff performance is 91.7/100 with 94.1% attendance. The latest workforce schedule is understaffed, and 0 of 40 months were classified as needing improvement.",Review demand-based rosters and add coverage during peak periods.
OUT0045,Franchise Outlet 0045,40,19.0,32.17,92.38,54.79,0,40,0,0,40,2026-04-01,52.03,Needs Improvement,Overstaffed,Needs Improvement,High,"Average staff performance is 54.8/100 with 92.4% attendance. The latest workforce schedule is overstaffed, and 40 of 40 months were classified as needing improvement.",Rebalance excess shift coverage and use coaching or role changes to improve staff productivity.
OUT0046,Franchise Outlet 0046,40,17.0,74.51,94.07,78.94,0,0,10,30,0,2026-04-01,82.65,Meets Expectations,Understaffed,Meets Expectations,Medium,"Average staff performance is 78.9/100 with 94.1% attendance. The latest workforce schedule is understaffed, and 0 of 40 months were classified as needing improvement.",Review demand-based rosters and add coverage during peak periods.
OUT0047,Franchise Outlet 0047,40,14.0,60.46,94.62,73.26,0,0,7,1,32,2026-04-01,73.93,Meets Expectations,Overstaffed,Meets Expectations,Medium,"Average staff performance is 73.3/100 with 94.6% attendance. The latest workforce schedule is overstaffed, and 0 of 40 months were classified as needing improvement.",Align staffing hours with demand and move spare capacity to busier periods.
OUT0048,Franchise Outlet 0048,40,10.0,96.4,94.7,91.49,26,0,0,40,0,2026-04-01,93.12,Top Performer,Understaffed,Top Performer,Medium,"Average staff performance is 91.5/100 with 94.7% attendance. The latest workforce schedule is understaffed, and 0 of 40 months were classified as needing improvement.",Review demand-based rosters and add coverage during peak periods.
OUT0049,Franchise Outlet 0049,40,16.0,100.0,95.54,95.3,40,0,0,40,0,2026-04-01,95.73,Top Performer,Understaffed,Top Performer,Medium,"Average staff performance is 95.3/100 with 95.5% attendance. The latest workforce schedule is understaffed, and 0 of 40 months were classified as needing improvement.",Review demand-based rosters and add coverage during peak periods.
OUT0050,Franchise Outlet 0050,40,13.0,45.85,94.53,65.83,0,23,0,0,40,2026-04-01,62.31,Needs Improvement,Overstaffed,Needs Improvement,High,"Average staff performance is 65.8/100 with 94.5% attendance. The latest workforce schedule is overstaffed, and 23 of 40 months were classified as needing improvement.",Rebalance excess shift coverage and use coaching or role changes to improve staff productivity.
OUT0051,Franchise Outlet 0051,40,15.0,100.0,94.58,92.77,37,0,0,40,0,2026-04-01,91.04,Top Performer,Understaffed,Top Performer,Medium,"Average staff performance is 92.8/100 with 94.6% attendance. The latest workforce schedule is understaffed, and 0 of 40 months were classified as needing improvement.",Review demand-based rosters and add coverage during peak periods.
OUT0052,Franchise Outlet 0052,40,26.0,47.36,93.98,65.15,0,27,0,0,40,2026-04-01,64.23,Needs Improvement,Overstaffed,Needs Improvement,High,"Average staff performance is 65.2/100 with 94.0% attendance. The latest workforce schedule is overstaffed, and 27 of 40 months were classified as needing improvement.",Rebalance excess shift coverage and use coaching or role changes to improve staff productivity.
OUT0053,Franchise Outlet 0053,40,14.0,67.93,92.74,73.18,0,0,31,5,4,2026-04-01,74.86,Meets Expectations,Balanced,Meets Expectations,Low,"Average staff performance is 73.2/100 with 92.7% attendance. The latest workforce schedule is balanced, and 0 of 40 months were classified as needing improvement.",Maintain the current schedule and continue monitoring attendance and productivity.
OUT0054,Franchise Outlet 0054,40,28.0,40.01,92.89,59.27,0,40,0,0,40,2026-04-01,58.17,Needs Improvement,Overstaffed,Needs Improvement,High,"Average staff performance is 59.3/100 with 92.9% attendance. The latest workforce schedule is overstaffed, and 40 of 40 months were classified as needing improvement.",Rebalance excess shift coverage and use coaching or role changes to improve staff productivity.
OUT0055,Franchise Outlet 0055,40,21.0,46.45,94.19,65.23,0,27,0,0,40,2026-04-01,63.39,Needs Improvement,Overstaffed,Needs Improvement,High,"Average staff performance is 65.2/100 with 94.2% attendance. The latest workforce schedule is overstaffed, and 27 of 40 months were classified as needing improvement.",Rebalance excess shift coverage and use coaching or role changes to improve staff productivity.
OUT0056,Franchise Outlet 0056,40,31.0,44.17,92.67,61.37,0,40,0,0,40,2026-04-01,59.66,Needs Improvement,Overstaffed,Needs Improvement,High,"Average staff performance is 61.4/100 with 92.7% attendance. The latest workforce schedule is overstaffed, and 40 of 40 months were classified as needing improvement.",Rebalance excess shift coverage and use coaching or role changes to improve staff productivity.
OUT0057,Franchise Outlet 0057,40,19.0,81.44,94.42,83.73,0,0,3,37,0,2026-04-01,84.48,Meets Expectations,Understaffed,Meets Expectations,Medium,"Average staff performance is 83.7/100 with 94.4% attendance. The latest workforce schedule is understaffed, and 0 of 40 months were classified as needing improvement.",Review demand-based rosters and add coverage during peak periods.
OUT0058,Franchise Outlet 0058,40,13.0,73.14,93.58,77.14,0,0,17,23,0,2026-04-01,73.68,Meets Expectations,Understaffed,Meets Expectations,Medium,"Average staff performance is 77.1/100 with 93.6% attendance. The latest workforce schedule is understaffed, and 0 of 40 months were classified as needing improvement.",Review demand-based rosters and add coverage during peak periods.
OUT0059,Franchise Outlet 0059,40,25.0,69.17,94.44,77.31,0,0,28,10,2,2026-04-01,79.11,Meets Expectations,Balanced,Meets Expectations,Low,"Average staff performance is 77.3/100 with 94.4% attendance. The latest workforce schedule is balanced, and 0 of 40 months were classified as needing improvement.",Maintain the current schedule and continue monitoring attendance and productivity.
OUT0060,Franchise Outlet 0060,40,20.0,73.36,94.47,79.56,0,0,18,21,1,2026-04-01,80.84,Meets Expectations,Understaffed,Meets Expectations,Medium,"Average staff performance is 79.6/100 with 94.5% attendance. The latest workforce schedule is understaffed, and 0 of 40 months were classified as needing improvement.",Review demand-based rosters and add coverage during peak periods.
OUT0061,Franchise Outlet 0061,40,21.0,95.18,95.18,92.09,25,0,0,40,0,2026-04-01,90.77,Meets Expectations,Understaffed,Top Performer,Medium,"Average staff performance is 92.1/100 with 95.2% attendance. The latest workforce schedule is understaffed, and 0 of 40 months were classified as needing improvement.",Review demand-based rosters and add coverage during peak periods.
OUT0062,Franchise Outlet 0062,40,15.0,52.29,94.01,68.37,0,6,0,0,40,2026-04-01,70.97,Meets Expectations,Overstaffed,Meets Expectations,Medium,"Average staff performance is 68.4/100 with 94.0% attendance. The latest workforce schedule is overstaffed, and 6 of 40 months were classified as needing improvement.",Align staffing hours with demand and move spare capacity to busier periods.
OUT0063,Franchise Outlet 0063,40,16.0,71.21,93.89,77.19,0,0,23,17,0,2026-04-01,76.82,Meets Expectations,Understaffed,Meets Expectations,Medium,"Average staff performance is 77.2/100 with 93.9% attendance. The latest workforce schedule is understaffed, and 0 of 40 months were classified as needing improvement.",Review demand-based rosters and add coverage during peak periods.
OUT0064,Franchise Outlet 0064,40,26.0,51.81,94.4,68.27,0,10,0,0,40,2026-04-01,72.42,Meets Expectations,Overstaffed,Meets Expectations,Medium,"Average staff performance is 68.3/100 with 94.4% attendance. The latest workforce schedule is overstaffed, and 10 of 40 months were classified as needing improvement.",Align staffing hours with demand and move spare capacity to busier periods.
OUT0065,Franchise Outlet 0065,40,14.0,99.33,94.96,93.29,37,0,0,40,0,2026-04-01,92.95,Top Performer,Understaffed,Top Performer,Medium,"Average staff performance is 93.3/100 with 95.0% attendance. The latest workforce schedule is understaffed, and 0 of 40 months were classified as needing improvement.",Review demand-based rosters and add coverage during peak periods.
OUT0066,Franchise Outlet 0066,40,7.0,86.76,95.42,88.25,9,0,0,40,0,2026-04-01,87.13,Meets Expectations,Understaffed,Meets Expectations,Medium,"Average staff performance is 88.3/100 with 95.4% attendance. The latest workforce schedule is understaffed, and 0 of 40 months were classified as needing improvement.",Review demand-based rosters and add coverage during peak periods.
OUT0067,Franchise Outlet 0067,40,16.0,99.26,94.4,92.58,37,0,1,39,0,2026-04-01,96.02,Top Performer,Understaffed,Top Performer,Medium,"Average staff performance is 92.6/100 with 94.4% attendance. The latest workforce schedule is understaffed, and 0 of 40 months were classified as needing improvement.",Review demand-based rosters and add coverage during peak periods.
OUT0068,Franchise Outlet 0068,40,21.0,66.23,93.5,73.7,0,0,36,1,3,2026-04-01,76.5,Meets Expectations,Balanced,Meets Expectations,Low,"Average staff performance is 73.7/100 with 93.5% attendance. The latest workforce schedule is balanced, and 0 of 40 months were classified as needing improvement.",Maintain the current schedule and continue monitoring attendance and productivity.
OUT0069,Franchise Outlet 0069,40,24.0,52.98,93.88,67.86,0,10,0,0,40,2026-04-01,69.39,Meets Expectations,Overstaffed,Meets Expectations,Medium,"Average staff performance is 67.9/100 with 93.9% attendance. The latest workforce schedule is overstaffed, and 10 of 40 months were classified as needing improvement.",Align staffing hours with demand and move spare capacity to busier periods.
OUT0070,Franchise Outlet 0070,40,23.0,56.85,95.1,72.63,0,0,6,0,34,2026-04-01,70.92,Meets Expectations,Overstaffed,Meets Expectations,Medium,"Average staff performance is 72.6/100 with 95.1% attendance. The latest workforce schedule is overstaffed, and 0 of 40 months were classified as needing improvement.",Align staffing hours with demand and move spare capacity to busier periods.
OUT0071,Franchise Outlet 0071,40,16.0,61.17,93.43,70.63,0,1,24,0,16,2026-04-01,70.89,Meets Expectations,Balanced,Meets Expectations,Low,"Average staff performance is 70.6/100 with 93.4% attendance. The latest workforce schedule is balanced, and 1 of 40 months were classified as needing improvement.",Maintain the current schedule and continue monitoring attendance and productivity.
OUT0072,Franchise Outlet 0072,40,22.0,61.98,92.96,70.33,0,2,18,0,22,2026-04-01,68.5,Meets Expectations,Overstaffed,Meets Expectations,Medium,"Average staff performance is 70.3/100 with 93.0% attendance. The latest workforce schedule is overstaffed, and 2 of 40 months were classified as needing improvement.",Align staffing hours with demand and move spare capacity to busier periods.
OUT0073,Franchise Outlet 0073,40,13.0,41.7,93.25,61.31,0,38,0,2,38,2026-04-01,59.16,Needs Improvement,Overstaffed,Needs Improvement,High,"Average staff performance is 61.3/100 with 93.3% attendance. The latest workforce schedule is overstaffed, and 38 of 40 months were classified as needing improvement.",Rebalance excess shift coverage and use coaching or role changes to improve staff productivity.
OUT0074,Franchise Outlet 0074,40,14.0,99.43,94.59,92.47,35,0,0,40,0,2026-04-01,94.89,Top Performer,Understaffed,Top Performer,Medium,"Average staff performance is 92.5/100 with 94.6% attendance. The latest workforce schedule is understaffed, and 0 of 40 months were classified as needing improvement.",Review demand-based rosters and add coverage during peak periods.
OUT0075,Franchise Outlet 0075,40,13.0,67.41,94.05,75.39,0,0,30,5,5,2026-04-01,78.77,Meets Expectations,Understaffed,Meets Expectations,Medium,"Average staff performance is 75.4/100 with 94.0% attendance. The latest workforce schedule is understaffed, and 0 of 40 months were classified as needing improvement.",Review demand-based rosters and add coverage during peak periods.
OUT0076,Franchise Outlet 0076,40,16.0,60.5,92.94,69.95,0,1,18,0,22,2026-04-01,68.57,Meets Expectations,Overstaffed,Meets Expectations,Medium,"Average staff performance is 70.0/100 with 92.9% attendance. The latest workforce schedule is overstaffed, and 1 of 40 months were classified as needing improvement.",Align staffing hours with demand and move spare capacity to busier periods.
OUT0077,Franchise Outlet 0077,40,12.0,97.66,95.57,93.97,35,0,0,40,0,2026-04-01,94.97,Top Performer,Understaffed,Top Performer,Medium,"Average staff performance is 94.0/100 with 95.6% attendance. The latest workforce schedule is understaffed, and 0 of 40 months were classified as needing improvement.",Review demand-based rosters and add coverage during peak periods.
OUT0078,Franchise Outlet 0078,40,20.0,58.97,92.23,67.95,0,10,9,0,31,2026-04-01,69.99,Meets Expectations,Balanced,Meets Expectations,Low,"Average staff performance is 68.0/100 with 92.2% attendance. The latest workforce schedule is balanced, and 10 of 40 months were classified as needing improvement.",Maintain the current schedule and continue monitoring attendance and productivity.
OUT0079,Franchise Outlet 0079,40,22.0,100.0,94.66,93.05,36,0,0,40,0,2026-04-01,93.7,Top Performer,Understaffed,Top Performer,Medium,"Average staff performance is 93.1/100 with 94.7% attendance. The latest workforce schedule is understaffed, and 0 of 40 months were classified as needing improvement.",Review demand-based rosters and add coverage during peak periods.
OUT0080,Franchise Outlet 0080,40,18.0,63.01,93.03,70.8,0,1,27,0,13,2026-04-01,76.26,Meets Expectations,Balanced,Meets Expectations,Low,"Average staff performance is 70.8/100 with 93.0% attendance. The latest workforce schedule is balanced, and 1 of 40 months were classified as needing improvement.",Maintain the current schedule and continue monitoring attendance and productivity.
OUT0081,Franchise Outlet 0081,40,17.0,66.47,95.42,78.63,0,0,31,5,4,2026-04-01,86.9,Meets Expectations,Understaffed,Meets Expectations,Medium,"Average staff performance is 78.6/100 with 95.4% attendance. The latest workforce schedule is understaffed, and 0 of 40 months were classified as needing improvement.",Review demand-based rosters and add coverage during peak periods.
OUT0082,Franchise Outlet 0082,40,20.0,98.1,95.2,93.51,34,0,0,40,0,2026-04-01,94.59,Top Performer,Understaffed,Top Performer,Medium,"Average staff performance is 93.5/100 with 95.2% attendance. The latest workforce schedule is understaffed, and 0 of 40 months were classified as needing improvement.",Review demand-based rosters and add coverage during peak periods.
OUT0083,Franchise Outlet 0083,40,19.0,79.37,95.26,84.35,0,0,5,35,0,2026-04-01,83.9,Meets Expectations,Understaffed,Meets Expectations,Medium,"Average staff performance is 84.3/100 with 95.3% attendance. The latest workforce schedule is understaffed, and 0 of 40 months were classified as needing improvement.",Review demand-based rosters and add coverage during peak periods.
OUT0084,Franchise Outlet 0084,40,21.0,42.96,93.41,61.99,0,40,0,0,40,2026-04-01,63.78,Needs Improvement,Overstaffed,Needs Improvement,High,"Average staff performance is 62.0/100 with 93.4% attendance. The latest workforce schedule is overstaffed, and 40 of 40 months were classified as needing improvement.",Rebalance excess shift coverage and use coaching or role changes to improve staff productivity.
OUT0085,Franchise Outlet 0085,40,19.0,88.78,94.74,88.1,8,0,0,40,0,2026-04-01,87.35,Meets Expectations,Understaffed,Meets Expectations,Medium,"Average staff performance is 88.1/100 with 94.7% attendance. The latest workforce schedule is understaffed, and 0 of 40 months were classified as needing improvement.",Review demand-based rosters and add coverage during peak periods.
OUT0086,Franchise Outlet 0086,40,12.0,100.0,95.35,94.62,39,0,0,40,0,2026-04-01,95.74,Top Performer,Understaffed,Top Performer,Medium,"Average staff performance is 94.6/100 with 95.3% attendance. The latest workforce schedule is understaffed, and 0 of 40 months were classified as needing improvement.",Review demand-based rosters and add coverage during peak periods.
OUT0087,Franchise Outlet 0087,40,18.0,86.62,94.55,85.88,3,0,0,40,0,2026-04-01,85.54,Meets Expectations,Understaffed,Meets Expectations,Medium,"Average staff performance is 85.9/100 with 94.5% attendance. The latest workforce schedule is understaffed, and 0 of 40 months were classified as needing improvement.",Review demand-based rosters and add coverage during peak periods.
OUT0088,Franchise Outlet 0088,40,17.0,71.39,92.74,75.09,0,0,19,21,0,2026-04-01,79.5,Meets Expectations,Understaffed,Meets Expectations,Medium,"Average staff performance is 75.1/100 with 92.7% attendance. The latest workforce schedule is understaffed, and 0 of 40 months were classified as needing improvement.",Review demand-based rosters and add coverage during peak periods.
OUT0089,Franchise Outlet 0089,40,13.0,51.55,93.34,65.99,0,25,0,1,39,2026-04-01,65.54,Needs Improvement,Overstaffed,Needs Improvement,High,"Average staff performance is 66.0/100 with 93.3% attendance. The latest workforce schedule is overstaffed, and 25 of 40 months were classified as needing improvement.",Rebalance excess shift coverage and use coaching or role changes to improve staff productivity.
OUT0090,Franchise Outlet 0090,40,23.0,50.57,92.82,64.69,0,32,0,0,40,2026-04-01,64.76,Needs Improvement,Overstaffed,Needs Improvement,High,"Average staff performance is 64.7/100 with 92.8% attendance. The latest workforce schedule is overstaffed, and 32 of 40 months were classified as needing improvement.",Rebalance excess shift coverage and use coaching or role changes to improve staff productivity.
OUT0091,Franchise Outlet 0091,40,19.0,100.0,94.87,93.71,40,0,0,40,0,2026-04-01,92.29,Top Performer,Understaffed,Top Performer,Medium,"Average staff performance is 93.7/100 with 94.9% attendance. The latest workforce schedule is understaffed, and 0 of 40 months were classified as needing improvement.",Review demand-based rosters and add coverage during peak periods.
OUT0092,Franchise Outlet 0092,40,24.0,39.49,92.65,58.33,0,39,0,0,40,2026-04-01,59.24,Needs Improvement,Overstaffed,Needs Improvement,High,"Average staff performance is 58.3/100 with 92.7% attendance. The latest workforce schedule is overstaffed, and 39 of 40 months were classified as needing improvement.",Rebalance excess shift coverage and use coaching or role changes to improve staff productivity.
OUT0093,Franchise Outlet 0093,40,21.0,43.17,93.29,61.64,0,40,0,0,40,2026-04-01,63.93,Needs Improvement,Overstaffed,Needs Improvement,High,"Average staff performance is 61.6/100 with 93.3% attendance. The latest workforce schedule is overstaffed, and 40 of 40 months were classified as needing improvement.",Rebalance excess shift coverage and use coaching or role changes to improve staff productivity.
OUT0094,Franchise Outlet 0094,40,33.0,32.06,92.73,55.27,0,40,0,0,40,2026-04-01,55.85,Needs Improvement,Overstaffed,Needs Improvement,High,"Average staff performance is 55.3/100 with 92.7% attendance. The latest workforce schedule is overstaffed, and 40 of 40 months were classified as needing improvement.",Rebalance excess shift coverage and use coaching or role changes to improve staff productivity.
OUT0095,Franchise Outlet 0095,40,17.0,57.71,94.75,72.27,0,0,6,0,34,2026-04-01,71.77,Meets Expectations,Balanced,Meets Expectations,Low,"Average staff performance is 72.3/100 with 94.8% attendance. The latest workforce schedule is balanced, and 0 of 40 months were classified as needing improvement.",Maintain the current schedule and continue monitoring attendance and productivity.
OUT0096,Franchise Outlet 0096,40,15.0,98.68,95.62,95.14,38,0,0,40,0,2026-04-01,97.16,Top Performer,Understaffed,Top Performer,Medium,"Average staff performance is 95.1/100 with 95.6% attendance. The latest workforce schedule is understaffed, and 0 of 40 months were classified as needing improvement.",Review demand-based rosters and add coverage during peak periods.
OUT0097,Franchise Outlet 0097,40,22.0,70.24,94.48,77.89,0,0,26,13,1,2026-04-01,80.93,Meets Expectations,Understaffed,Meets Expectations,Medium,"Average staff performance is 77.9/100 with 94.5% attendance. The latest workforce schedule is understaffed, and 0 of 40 months were classified as needing improvement.",Review demand-based rosters and add coverage during peak periods.
OUT0098,Franchise Outlet 0098,40,22.0,44.94,92.38,61.1,0,40,0,0,40,2026-04-01,63.08,Needs Improvement,Overstaffed,Needs Improvement,High,"Average staff performance is 61.1/100 with 92.4% attendance. The latest workforce schedule is overstaffed, and 40 of 40 months were classified as needing improvement.",Rebalance excess shift coverage and use coaching or role changes to improve staff productivity.
OUT0099,Franchise Outlet 0099,40,12.0,100.0,94.36,92.96,35,0,0,40,0,2026-04-01,92.83,Top Performer,Understaffed,Top Performer,Medium,"Average staff performance is 93.0/100 with 94.4% attendance. The latest workforce schedule is understaffed, and 0 of 40 months were classified as needing improvement.",Review demand-based rosters and add coverage during peak periods.
OUT0100,Franchise Outlet 0100,40,17.0,99.94,94.05,91.99,29,0,0,40,0,2026-04-01,91.42,Top Performer,Understaffed,Top Performer,Medium,"Average staff performance is 92.0/100 with 94.0% attendance. The latest workforce schedule is understaffed, and 0 of 40 months were classified as needing improvement.",Review demand-based rosters and add coverage during peak periods.
OUT0101,Franchise Outlet 0101,40,20.0,62.54,94.92,75.26,0,0,24,0,16,2026-04-01,74.98,Meets Expectations,Balanced,Meets Expectations,Low,"Average staff performance is 75.3/100 with 94.9% attendance. The latest workforce schedule is balanced, and 0 of 40 months were classified as needing improvement.",Maintain the current schedule and continue monitoring attendance and productivity.
OUT0102,Franchise Outlet 0102,40,15.0,88.16,93.12,84.05,0,0,0,40,0,2026-04-01,87.19,Meets Expectations,Understaffed,Meets Expectations,Medium,"Average staff performance is 84.0/100 with 93.1% attendance. The latest workforce schedule is understaffed, and 0 of 40 months were classified as needing improvement.",Review demand-based rosters and add coverage during peak periods.
OUT0103,Franchise Outlet 0103,40,16.0,100.0,95.59,96.0,40,0,0,40,0,2026-04-01,95.0,Top Performer,Understaffed,Top Performer,Medium,"Average staff performance is 96.0/100 with 95.6% attendance. The latest workforce schedule is understaffed, and 0 of 40 months were classified as needing improvement.",Review demand-based rosters and add coverage during peak periods.
OUT0104,Franchise Outlet 0104,40,20.0,75.18,93.94,79.45,0,0,12,27,1,2026-04-01,79.04,Meets Expectations,Understaffed,Meets Expectations,Medium,"Average staff performance is 79.5/100 with 93.9% attendance. The latest workforce schedule is understaffed, and 0 of 40 months were classified as needing improvement.",Review demand-based rosters and add coverage during peak periods.
OUT0105,Franchise Outlet 0105,40,25.0,70.71,94.66,78.7,0,0,22,16,2,2026-04-01,80.03,Meets Expectations,Understaffed,Meets Expectations,Medium,"Average staff performance is 78.7/100 with 94.7% attendance. The latest workforce schedule is understaffed, and 0 of 40 months were classified as needing improvement.",Review demand-based rosters and add coverage during peak periods.
OUT0106,Franchise Outlet 0106,40,15.0,95.79,95.26,92.97,31,0,0,40,0,2026-04-01,92.88,Top Performer,Understaffed,Top Performer,Medium,"Average staff performance is 93.0/100 with 95.3% attendance. The latest workforce schedule is understaffed, and 0 of 40 months were classified as needing improvement.",Review demand-based rosters and add coverage during peak periods.
OUT0107,Franchise Outlet 0107,40,16.0,68.0,94.44,77.25,0,0,29,10,1,2026-04-01,78.26,Meets Expectations,Understaffed,Meets Expectations,Medium,"Average staff performance is 77.2/100 with 94.4% attendance. The latest workforce schedule is understaffed, and 0 of 40 months were classified as needing improvement.",Review demand-based rosters and add coverage during peak periods.
OUT0108,Franchise Outlet 0108,40,6.0,100.0,94.48,92.64,35,0,0,40,0,2026-04-01,92.19,Top Performer,Understaffed,Top Performer,Medium,"Average staff performance is 92.6/100 with 94.5% attendance. The latest workforce schedule is understaffed, and 0 of 40 months were classified as needing improvement.",Review demand-based rosters and add coverage during peak periods.
OUT0109,Franchise Outlet 0109,40,16.0,99.87,94.12,92.4,33,0,0,40,0,2026-04-01,95.25,Top Performer,Understaffed,Top Performer,Medium,"Average staff performance is 92.4/100 with 94.1% attendance. The latest workforce schedule is understaffed, and 0 of 40 months were classified as needing improvement.",Review demand-based rosters and add coverage during peak periods.
OUT0110,Franchise Outlet 0110,40,12.0,100.0,93.9,91.63,27,0,0,40,0,2026-04-01,92.1,Top Performer,Understaffed,Top Performer,Medium,"Average staff performance is 91.6/100 with 93.9% attendance. The latest workforce schedule is understaffed, and 0 of 40 months were classified as needing improvement.",Review demand-based rosters and add coverage during peak periods.
OUT0111,Franchise Outlet 0111,40,9.0,100.0,94.95,94.02,39,0,0,40,0,2026-04-01,97.94,Top Performer,Understaffed,Top Performer,Medium,"Average staff performance is 94.0/100 with 94.9% attendance. The latest workforce schedule is understaffed, and 0 of 40 months were classified as needing improvement.",Review demand-based rosters and add coverage during peak periods.
OUT0112,Franchise Outlet 0112,40,18.0,64.46,95.36,76.6,0,0,30,0,10,2026-04-01,79.55,Meets Expectations,Balanced,Meets Expectations,Low,"Average staff performance is 76.6/100 with 95.4% attendance. The latest workforce schedule is balanced, and 0 of 40 months were classified as needing improvement.",Maintain the current schedule and continue monitoring attendance and productivity.
OUT0113,Franchise Outlet 0113,40,26.0,35.47,93.92,59.54,0,40,0,0,40,2026-04-01,59.78,Needs Improvement,Overstaffed,Needs Improvement,High,"Average staff performance is 59.5/100 with 93.9% attendance. The latest workforce schedule is overstaffed, and 40 of 40 months were classified as needing improvement.",Rebalance excess shift coverage and use coaching or role changes to improve staff productivity.
OUT0114,Franchise Outlet 0114,40,24.0,36.09,94.41,60.82,0,40,0,0,40,2026-04-01,60.88,Needs Improvement,Overstaffed,Needs Improvement,High,"Average staff performance is 60.8/100 with 94.4% attendance. The latest workforce schedule is overstaffed, and 40 of 40 months were classified as needing improvement.",Rebalance excess shift coverage and use coaching or role changes to improve staff productivity.
OUT0115,Franchise Outlet 0115,40,4.0,100.0,93.22,90.12,8,0,0,40,0,2026-04-01,90.32,Meets Expectations,Understaffed,Meets Expectations,Medium,"Average staff performance is 90.1/100 with 93.2% attendance. The latest workforce schedule is understaffed, and 0 of 40 months were classified as needing improvement.",Review demand-based rosters and add coverage during peak periods.
OUT0116,Franchise Outlet 0116,40,24.0,94.83,94.92,91.55,26,0,0,39,1,2026-04-01,97.0,Top Performer,Understaffed,Top Performer,Medium,"Average staff performance is 91.6/100 with 94.9% attendance. The latest workforce schedule is understaffed, and 0 of 40 months were classified as needing improvement.",Review demand-based rosters and add coverage during peak periods.
OUT0117,Franchise Outlet 0117,40,15.0,62.81,92.62,70.67,0,1,24,0,16,2026-04-01,75.95,Meets Expectations,Balanced,Meets Expectations,Low,"Average staff performance is 70.7/100 with 92.6% attendance. The latest workforce schedule is balanced, and 1 of 40 months were classified as needing improvement.",Maintain the current schedule and continue monitoring attendance and productivity.
OUT0118,Franchise Outlet 0118,40,17.0,98.44,94.88,92.95,36,0,1,39,0,2026-04-01,93.29,Top Performer,Understaffed,Top Performer,Medium,"Average staff performance is 92.9/100 with 94.9% attendance. The latest workforce schedule is understaffed, and 0 of 40 months were classified as needing improvement.",Review demand-based rosters and add coverage during peak periods.
OUT0119,Franchise Outlet 0119,40,21.0,81.05,94.15,82.77,0,0,3,37,0,2026-04-01,81.99,Meets Expectations,Understaffed,Meets Expectations,Medium,"Average staff performance is 82.8/100 with 94.1% attendance. The latest workforce schedule is understaffed, and 0 of 40 months were classified as needing improvement.",Review demand-based rosters and add coverage during peak periods.
OUT0120,Franchise Outlet 0120,40,16.0,40.43,92.76,59.19,0,40,0,0,40,2026-04-01,59.77,Needs Improvement,Overstaffed,Needs Improvement,High,"Average staff performance is 59.2/100 with 92.8% attendance. The latest workforce schedule is overstaffed, and 40 of 40 months were classified as needing improvement.",Rebalance excess shift coverage and use coaching or role changes to improve staff productivity.
OUT0121,Franchise Outlet 0121,40,15.0,36.99,92.89,57.93,0,40,0,0,40,2026-04-01,55.78,Needs Improvement,Overstaffed,Needs Improvement,High,"Average staff performance is 57.9/100 with 92.9% attendance. The latest workforce schedule is overstaffed, and 40 of 40 months were classified as needing improvement.",Rebalance excess shift coverage and use coaching or role changes to improve staff productivity.
OUT0122,Franchise Outlet 0122,40,19.0,53.67,93.18,67.52,0,11,0,0,40,2026-04-01,69.7,Meets Expectations,Overstaffed,Meets Expectations,Medium,"Average staff performance is 67.5/100 with 93.2% attendance. The latest workforce schedule is overstaffed, and 11 of 40 months were classified as needing improvement.",Align staffing hours with demand and move spare capacity to busier periods.
OUT0123,Franchise Outlet 0123,40,28.0,48.74,94.57,67.14,0,13,0,0,40,2026-04-01,68.55,Meets Expectations,Overstaffed,Meets Expectations,Medium,"Average staff performance is 67.1/100 with 94.6% attendance. The latest workforce schedule is overstaffed, and 13 of 40 months were classified as needing improvement.",Align staffing hours with demand and move spare capacity to busier periods.
OUT0124,Franchise Outlet 0124,40,19.0,38.01,93.36,59.03,0,40,0,0,40,2026-04-01,59.28,Needs Improvement,Overstaffed,Needs Improvement,High,"Average staff performance is 59.0/100 with 93.4% attendance. The latest workforce schedule is overstaffed, and 40 of 40 months were classified as needing improvement.",Rebalance excess shift coverage and use coaching or role changes to improve staff productivity.
OUT0125,Franchise Outlet 0125,40,25.0,42.34,92.68,60.34,0,40,0,0,40,2026-04-01,60.91,Needs Improvement,Overstaffed,Needs Improvement,High,"Average staff performance is 60.3/100 with 92.7% attendance. The latest workforce schedule is overstaffed, and 40 of 40 months were classified as needing improvement.",Rebalance excess shift coverage and use coaching or role changes to improve staff productivity.
OUT0126,Franchise Outlet 0126,40,13.0,97.07,93.92,89.67,16,0,0,40,0,2026-04-01,91.0,Top Performer,Understaffed,Meets Expectations,Medium,"Average staff performance is 89.7/100 with 93.9% attendance. The latest workforce schedule is understaffed, and 0 of 40 months were classified as needing improvement.",Review demand-based rosters and add coverage during peak periods.
OUT0127,Franchise Outlet 0127,40,16.0,98.68,94.41,91.89,31,0,1,39,0,2026-04-01,93.26,Top Performer,Understaffed,Top Performer,Medium,"Average staff performance is 91.9/100 with 94.4% attendance. The latest workforce schedule is understaffed, and 0 of 40 months were classified as needing improvement.",Review demand-based rosters and add coverage during peak periods.
OUT0128,Franchise Outlet 0128,40,17.0,56.6,92.84,67.38,0,13,4,0,36,2026-04-01,72.08,Meets Expectations,Balanced,Meets Expectations,Low,"Average staff performance is 67.4/100 with 92.8% attendance. The latest workforce schedule is balanced, and 13 of 40 months were classified as needing improvement.",Maintain the current schedule and continue monitoring attendance and productivity.
OUT0129,Franchise Outlet 0129,40,14.0,100.0,95.19,94.14,40,0,0,40,0,2026-04-01,93.31,Top Performer,Understaffed,Top Performer,Medium,"Average staff performance is 94.1/100 with 95.2% attendance. The latest workforce schedule is understaffed, and 0 of 40 months were classified as needing improvement.",Review demand-based rosters and add coverage during peak periods.
OUT0130,Franchise Outlet 0130,40,26.0,45.73,95.24,67.58,0,6,0,0,40,2026-04-01,67.77,Meets Expectations,Overstaffed,Meets Expectations,Medium,"Average staff performance is 67.6/100 with 95.2% attendance. The latest workforce schedule is overstaffed, and 6 of 40 months were classified as needing improvement.",Align staffing hours with demand and move spare capacity to busier periods.
OUT0131,Franchise Outlet 0131,40,22.0,41.68,93.24,61.24,0,39,0,0,40,2026-04-01,60.46,Needs Improvement,Overstaffed,Needs Improvement,High,"Average staff performance is 61.2/100 with 93.2% attendance. The latest workforce schedule is overstaffed, and 39 of 40 months were classified as needing improvement.",Rebalance excess shift coverage and use coaching or role changes to improve staff productivity.
OUT0132,Franchise Outlet 0132,40,22.0,62.68,93.69,72.8,0,0,20,0,20,2026-04-01,74.91,Meets Expectations,Balanced,Meets Expectations,Low,"Average staff performance is 72.8/100 with 93.7% attendance. The latest workforce schedule is balanced, and 0 of 40 months were classified as needing improvement.",Maintain the current schedule and continue monitoring attendance and productivity.
OUT0133,Franchise Outlet 0133,40,12.0,51.32,94.02,67.3,0,12,0,0,40,2026-04-01,68.91,Meets Expectations,Overstaffed,Meets Expectations,Medium,"Average staff performance is 67.3/100 with 94.0% attendance. The latest workforce schedule is overstaffed, and 12 of 40 months were classified as needing improvement.",Align staffing hours with demand and move spare capacity to busier periods.
OUT0134,Franchise Outlet 0134,40,21.0,50.18,95.35,70.4,0,1,0,0,40,2026-04-01,70.54,Meets Expectations,Overstaffed,Meets Expectations,Medium,"Average staff performance is 70.4/100 with 95.4% attendance. The latest workforce schedule is overstaffed, and 1 of 40 months were classified as needing improvement.",Align staffing hours with demand and move spare capacity to busier periods.
OUT0135,Franchise Outlet 0135,40,20.0,39.51,93.05,60.15,0,40,0,0,40,2026-04-01,58.93,Needs Improvement,Overstaffed,Needs Improvement,High,"Average staff performance is 60.2/100 with 93.1% attendance. The latest workforce schedule is overstaffed, and 40 of 40 months were classified as needing improvement.",Rebalance excess shift coverage and use coaching or role changes to improve staff productivity.
OUT0136,Franchise Outlet 0136,40,11.0,52.51,93.52,67.05,0,19,0,2,38,2026-04-01,67.04,Meets Expectations,Overstaffed,Meets Expectations,Medium,"Average staff performance is 67.1/100 with 93.5% attendance. The latest workforce schedule is overstaffed, and 19 of 40 months were classified as needing improvement.",Align staffing hours with demand and move spare capacity to busier periods.
OUT0137,Franchise Outlet 0137,40,16.0,100.0,94.37,92.62,35,0,0,40,0,2026-04-01,94.65,Top Performer,Understaffed,Top Performer,Medium,"Average staff performance is 92.6/100 with 94.4% attendance. The latest workforce schedule is understaffed, and 0 of 40 months were classified as needing improvement.",Review demand-based rosters and add coverage during peak periods.
OUT0138,Franchise Outlet 0138,40,18.0,72.66,93.79,77.51,0,0,22,17,1,2026-04-01,81.17,Meets Expectations,Understaffed,Meets Expectations,Medium,"Average staff performance is 77.5/100 with 93.8% attendance. The latest workforce schedule is understaffed, and 0 of 40 months were classified as needing improvement.",Review demand-based rosters and add coverage during peak periods.
OUT0139,Franchise Outlet 0139,40,18.0,73.54,93.74,78.24,0,0,17,22,1,2026-04-01,83.83,Meets Expectations,Understaffed,Meets Expectations,Medium,"Average staff performance is 78.2/100 with 93.7% attendance. The latest workforce schedule is understaffed, and 0 of 40 months were classified as needing improvement.",Review demand-based rosters and add coverage during peak periods.
OUT0140,Franchise Outlet 0140,40,15.0,99.71,94.36,92.94,38,0,0,40,0,2026-04-01,92.07,Top Performer,Understaffed,Top Performer,Medium,"Average staff performance is 92.9/100 with 94.4% attendance. The latest workforce schedule is understaffed, and 0 of 40 months were classified as needing improvement.",Review demand-based rosters and add coverage during peak periods.
OUT0141,Franchise Outlet 0141,40,14.0,75.09,93.91,78.57,0,0,11,29,0,2026-04-01,82.76,Meets Expectations,Understaffed,Meets Expectations,Medium,"Average staff performance is 78.6/100 with 93.9% attendance. The latest workforce schedule is understaffed, and 0 of 40 months were classified as needing improvement.",Review demand-based rosters and add coverage during peak periods.
OUT0142,Franchise Outlet 0142,40,6.0,76.48,93.59,79.59,0,0,2,38,0,2026-04-01,80.22,Meets Expectations,Understaffed,Meets Expectations,Medium,"Average staff performance is 79.6/100 with 93.6% attendance. The latest workforce schedule is understaffed, and 0 of 40 months were classified as needing improvement.",Review demand-based rosters and add coverage during peak periods.
OUT0143,Franchise Outlet 0143,40,16.0,47.58,93.13,64.02,0,36,0,0,40,2026-04-01,64.2,Needs Improvement,Overstaffed,Needs Improvement,High,"Average staff performance is 64.0/100 with 93.1% attendance. The latest workforce schedule is overstaffed, and 36 of 40 months were classified as needing improvement.",Rebalance excess shift coverage and use coaching or role changes to improve staff productivity.
OUT0144,Franchise Outlet 0144,40,4.0,100.0,93.52,90.77,18,0,0,40,0,2026-04-01,88.58,Meets Expectations,Understaffed,Meets Expectations,Medium,"Average staff performance is 90.8/100 with 93.5% attendance. The latest workforce schedule is understaffed, and 0 of 40 months were classified as needing improvement.",Review demand-based rosters and add coverage during peak periods.
OUT0145,Franchise Outlet 0145,40,18.0,48.15,92.48,62.41,0,40,0,0,40,2026-04-01,63.28,Needs Improvement,Overstaffed,Needs Improvement,High,"Average staff performance is 62.4/100 with 92.5% attendance. The latest workforce schedule is overstaffed, and 40 of 40 months were classified as needing improvement.",Rebalance excess shift coverage and use coaching or role changes to improve staff productivity.
OUT0146,Franchise Outlet 0146,40,25.0,71.69,94.07,77.62,0,0,20,19,1,2026-04-01,76.65,Meets Expectations,Balanced,Meets Expectations,Low,"Average staff performance is 77.6/100 with 94.1% attendance. The latest workforce schedule is balanced, and 0 of 40 months were classified as needing improvement.",Maintain the current schedule and continue monitoring attendance and productivity.
OUT0147,Franchise Outlet 0147,40,8.0,92.16,94.4,88.48,14,0,0,40,0,2026-04-01,85.43,Meets Expectations,Understaffed,Meets Expectations,Medium,"Average staff performance is 88.5/100 with 94.4% attendance. The latest workforce schedule is understaffed, and 0 of 40 months were classified as needing improvement.",Review demand-based rosters and add coverage during peak periods.
OUT0148,Franchise Outlet 0148,40,19.0,44.73,93.0,61.97,0,40,0,0,40,2026-04-01,63.55,Needs Improvement,Overstaffed,Needs Improvement,High,"Average staff performance is 62.0/100 with 93.0% attendance. The latest workforce schedule is overstaffed, and 40 of 40 months were classified as needing improvement.",Rebalance excess shift coverage and use coaching or role changes to improve staff productivity.
OUT0149,Franchise Outlet 0149,40,20.0,92.24,94.47,88.7,13,0,0,40,0,2026-04-01,88.13,Meets Expectations,Understaffed,Meets Expectations,Medium,"Average staff performance is 88.7/100 with 94.5% attendance. The latest workforce schedule is understaffed, and 0 of 40 months were classified as needing improvement.",Review demand-based rosters and add coverage during peak periods.
OUT0150,Franchise Outlet 0150,40,18.0,41.14,92.64,60.04,0,40,0,0,40,2026-04-01,61.87,Needs Improvement,Overstaffed,Needs Improvement,High,"Average staff performance is 60.0/100 with 92.6% attendance. The latest workforce schedule is overstaffed, and 40 of 40 months were classified as needing improvement.",Rebalance excess shift coverage and use coaching or role changes to improve staff productivity.
OUT0151,Franchise Outlet 0151,40,26.0,51.82,94.63,69.31,0,2,0,0,40,2026-04-01,70.05,Meets Expectations,Overstaffed,Meets Expectations,Medium,"Average staff performance is 69.3/100 with 94.6% attendance. The latest workforce schedule is overstaffed, and 2 of 40 months were classified as needing improvement.",Align staffing hours with demand and move spare capacity to busier periods.
OUT0152,Franchise Outlet 0152,40,17.0,71.75,93.36,75.99,0,0,16,24,0,2026-04-01,75.21,Meets Expectations,Balanced,Meets Expectations,Low,"Average staff performance is 76.0/100 with 93.4% attendance. The latest workforce schedule is balanced, and 0 of 40 months were classified as needing improvement.",Maintain the current schedule and continue monitoring attendance and productivity.
OUT0153,Franchise Outlet 0153,40,22.0,66.07,95.27,78.3,0,0,27,3,10,2026-04-01,78.06,Meets Expectations,Balanced,Meets Expectations,Low,"Average staff performance is 78.3/100 with 95.3% attendance. The latest workforce schedule is balanced, and 0 of 40 months were classified as needing improvement.",Maintain the current schedule and continue monitoring attendance and productivity.
OUT0154,Franchise Outlet 0154,40,26.0,41.48,92.77,60.02,0,40,0,0,40,2026-04-01,58.73,Needs Improvement,Overstaffed,Needs Improvement,High,"Average staff performance is 60.0/100 with 92.8% attendance. The latest workforce schedule is overstaffed, and 40 of 40 months were classified as needing improvement.",Rebalance excess shift coverage and use coaching or role changes to improve staff productivity.
OUT0155,Franchise Outlet 0155,40,15.0,99.57,94.21,91.53,25,0,0,40,0,2026-04-01,90.64,Meets Expectations,Understaffed,Top Performer,Medium,"Average staff performance is 91.5/100 with 94.2% attendance. The latest workforce schedule is understaffed, and 0 of 40 months were classified as needing improvement.",Review demand-based rosters and add coverage during peak periods.
OUT0156,Franchise Outlet 0156,40,17.0,68.99,93.26,74.38,0,0,31,9,0,2026-04-01,71.96,Meets Expectations,Balanced,Meets Expectations,Low,"Average staff performance is 74.4/100 with 93.3% attendance. The latest workforce schedule is balanced, and 0 of 40 months were classified as needing improvement.",Maintain the current schedule and continue monitoring attendance and productivity.
OUT0157,Franchise Outlet 0157,40,10.0,99.95,95.29,94.86,40,0,0,40,0,2026-04-01,97.33,Top Performer,Understaffed,Top Performer,Medium,"Average staff performance is 94.9/100 with 95.3% attendance. The latest workforce schedule is understaffed, and 0 of 40 months were classified as needing improvement.",Review demand-based rosters and add coverage during peak periods.
OUT0158,Franchise Outlet 0158,40,17.0,100.0,95.02,94.28,40,0,0,40,0,2026-04-01,94.62,Top Performer,Understaffed,Top Performer,Medium,"Average staff performance is 94.3/100 with 95.0% attendance. The latest workforce schedule is understaffed, and 0 of 40 months were classified as needing improvement.",Review demand-based rosters and add coverage during peak periods.
OUT0159,Franchise Outlet 0159,40,16.0,64.09,93.58,72.84,0,0,32,1,7,2026-04-01,77.15,Meets Expectations,Balanced,Meets Expectations,Low,"Average staff performance is 72.8/100 with 93.6% attendance. The latest workforce schedule is balanced, and 0 of 40 months were classified as needing improvement.",Maintain the current schedule and continue monitoring attendance and productivity.
OUT0160,Franchise Outlet 0160,40,26.0,52.48,93.53,67.47,0,8,0,0,40,2026-04-01,67.03,Meets Expectations,Overstaffed,Meets Expectations,Medium,"Average staff performance is 67.5/100 with 93.5% attendance. The latest workforce schedule is overstaffed, and 8 of 40 months were classified as needing improvement.",Align staffing hours with demand and move spare capacity to busier periods.
OUT0161,Franchise Outlet 0161,40,21.0,48.15,92.83,63.01,0,36,0,0,40,2026-04-01,63.81,Needs Improvement,Overstaffed,Needs Improvement,High,"Average staff performance is 63.0/100 with 92.8% attendance. The latest workforce schedule is overstaffed, and 36 of 40 months were classified as needing improvement.",Rebalance excess shift coverage and use coaching or role changes to improve staff productivity.
OUT0162,Franchise Outlet 0162,40,21.0,40.23,92.46,58.83,0,40,0,0,40,2026-04-01,58.42,Needs Improvement,Overstaffed,Needs Improvement,High,"Average staff performance is 58.8/100 with 92.5% attendance. The latest workforce schedule is overstaffed, and 40 of 40 months were classified as needing improvement.",Rebalance excess shift coverage and use coaching or role changes to improve staff productivity.
OUT0163,Franchise Outlet 0163,40,19.0,63.13,94.8,75.61,0,0,25,0,15,2026-04-01,76.38,Meets Expectations,Balanced,Meets Expectations,Low,"Average staff performance is 75.6/100 with 94.8% attendance. The latest workforce schedule is balanced, and 0 of 40 months were classified as needing improvement.",Maintain the current schedule and continue monitoring attendance and productivity.
OUT0164,Franchise Outlet 0164,40,16.0,60.16,92.55,69.11,0,5,19,0,21,2026-04-01,70.92,Meets Expectations,Balanced,Meets Expectations,Low,"Average staff performance is 69.1/100 with 92.6% attendance. The latest workforce schedule is balanced, and 5 of 40 months were classified as needing improvement.",Maintain the current schedule and continue monitoring attendance and productivity.
OUT0165,Franchise Outlet 0165,40,11.0,100.0,94.72,93.01,34,0,0,40,0,2026-04-01,91.93,Top Performer,Understaffed,Top Performer,Medium,"Average staff performance is 93.0/100 with 94.7% attendance. The latest workforce schedule is understaffed, and 0 of 40 months were classified as needing improvement.",Review demand-based rosters and add coverage during peak periods.
OUT0166,Franchise Outlet 0166,40,16.0,93.48,93.36,86.77,5,0,0,40,0,2026-04-01,88.84,Meets Expectations,Understaffed,Meets Expectations,Medium,"Average staff performance is 86.8/100 with 93.4% attendance. The latest workforce schedule is understaffed, and 0 of 40 months were classified as needing improvement.",Review demand-based rosters and add coverage during peak periods.
OUT0167,Franchise Outlet 0167,40,10.0,96.86,94.74,92.27,32,0,0,40,0,2026-04-01,92.97,Top Performer,Understaffed,Top Performer,Medium,"Average staff performance is 92.3/100 with 94.7% attendance. The latest workforce schedule is understaffed, and 0 of 40 months were classified as needing improvement.",Review demand-based rosters and add coverage during peak periods.
OUT0168,Franchise Outlet 0168,40,20.0,55.61,94.63,71.31,0,0,0,0,40,2026-04-01,71.29,Meets Expectations,Overstaffed,Meets Expectations,Medium,"Average staff performance is 71.3/100 with 94.6% attendance. The latest workforce schedule is overstaffed, and 0 of 40 months were classified as needing improvement.",Align staffing hours with demand and move spare capacity to busier periods.
OUT0169,Franchise Outlet 0169,40,17.0,63.7,92.7,71.09,0,1,26,2,12,2026-04-01,73.32,Meets Expectations,Balanced,Meets Expectations,Low,"Average staff performance is 71.1/100 with 92.7% attendance. The latest workforce schedule is balanced, and 1 of 40 months were classified as needing improvement.",Maintain the current schedule and continue monitoring attendance and productivity.
OUT0170,Franchise Outlet 0170,40,14.0,64.19,94.34,74.09,0,0,26,0,14,2026-04-01,76.42,Meets Expectations,Balanced,Meets Expectations,Low,"Average staff performance is 74.1/100 with 94.3% attendance. The latest workforce schedule is balanced, and 0 of 40 months were classified as needing improvement.",Maintain the current schedule and continue monitoring attendance and productivity.
OUT0171,Franchise Outlet 0171,40,11.0,100.0,94.68,93.62,40,0,0,40,0,2026-04-01,94.86,Top Performer,Understaffed,Top Performer,Medium,"Average staff performance is 93.6/100 with 94.7% attendance. The latest workforce schedule is understaffed, and 0 of 40 months were classified as needing improvement.",Review demand-based rosters and add coverage during peak periods.
OUT0172,Franchise Outlet 0172,40,16.0,51.71,92.81,65.14,0,26,0,0,40,2026-04-01,67.08,Meets Expectations,Overstaffed,Needs Improvement,High,"Average staff performance is 65.1/100 with 92.8% attendance. The latest workforce schedule is overstaffed, and 26 of 40 months were classified as needing improvement.",Rebalance excess shift coverage and use coaching or role changes to improve staff productivity.
OUT0173,Franchise Outlet 0173,40,20.0,44.19,92.53,61.36,0,39,0,0,40,2026-04-01,60.94,Needs Improvement,Overstaffed,Needs Improvement,High,"Average staff performance is 61.4/100 with 92.5% attendance. The latest workforce schedule is overstaffed, and 39 of 40 months were classified as needing improvement.",Rebalance excess shift coverage and use coaching or role changes to improve staff productivity.
OUT0174,Franchise Outlet 0174,40,22.0,72.5,93.82,77.67,0,0,21,19,0,2026-04-01,75.39,Meets Expectations,Balanced,Meets Expectations,Low,"Average staff performance is 77.7/100 with 93.8% attendance. The latest workforce schedule is balanced, and 0 of 40 months were classified as needing improvement.",Maintain the current schedule and continue monitoring attendance and productivity.
OUT0175,Franchise Outlet 0175,40,23.0,100.0,95.65,95.45,40,0,0,40,0,2026-04-01,96.84,Top Performer,Understaffed,Top Performer,Medium,"Average staff performance is 95.4/100 with 95.6% attendance. The latest workforce schedule is understaffed, and 0 of 40 months were classified as needing improvement.",Review demand-based rosters and add coverage during peak periods.
OUT0176,Franchise Outlet 0176,40,17.0,54.06,92.46,65.74,0,22,0,0,40,2026-04-01,68.51,Meets Expectations,Overstaffed,Needs Improvement,High,"Average staff performance is 65.7/100 with 92.5% attendance. The latest workforce schedule is overstaffed, and 22 of 40 months were classified as needing improvement.",Rebalance excess shift coverage and use coaching or role changes to improve staff productivity.
OUT0177,Franchise Outlet 0177,40,19.0,80.9,94.44,82.9,0,0,5,35,0,2026-04-01,84.74,Meets Expectations,Understaffed,Meets Expectations,Medium,"Average staff performance is 82.9/100 with 94.4% attendance. The latest workforce schedule is understaffed, and 0 of 40 months were classified as needing improvement.",Review demand-based rosters and add coverage during peak periods.
OUT0178,Franchise Outlet 0178,40,17.0,99.95,94.92,93.93,39,0,0,40,0,2026-04-01,97.43,Top Performer,Understaffed,Top Performer,Medium,"Average staff performance is 93.9/100 with 94.9% attendance. The latest workforce schedule is understaffed, and 0 of 40 months were classified as needing improvement.",Review demand-based rosters and add coverage during peak periods.
OUT0179,Franchise Outlet 0179,40,13.0,99.53,94.02,91.07,22,0,0,40,0,2026-04-01,84.15,Meets Expectations,Understaffed,Top Performer,Medium,"Average staff performance is 91.1/100 with 94.0% attendance. The latest workforce schedule is understaffed, and 0 of 40 months were classified as needing improvement.",Review demand-based rosters and add coverage during peak periods.
OUT0180,Franchise Outlet 0180,40,15.0,55.2,94.58,70.55,0,1,0,1,39,2026-04-01,68.17,Meets Expectations,Overstaffed,Meets Expectations,Medium,"Average staff performance is 70.5/100 with 94.6% attendance. The latest workforce schedule is overstaffed, and 1 of 40 months were classified as needing improvement.",Align staffing hours with demand and move spare capacity to busier periods.
OUT0181,Franchise Outlet 0181,40,21.0,90.43,94.85,89.03,15,0,0,39,1,2026-04-01,89.51,Meets Expectations,Understaffed,Meets Expectations,Medium,"Average staff performance is 89.0/100 with 94.9% attendance. The latest workforce schedule is understaffed, and 0 of 40 months were classified as needing improvement.",Review demand-based rosters and add coverage during peak periods.
OUT0182,Franchise Outlet 0182,40,13.0,81.35,92.95,80.29,0,0,4,36,0,2026-04-01,80.57,Meets Expectations,Understaffed,Meets Expectations,Medium,"Average staff performance is 80.3/100 with 93.0% attendance. The latest workforce schedule is understaffed, and 0 of 40 months were classified as needing improvement.",Review demand-based rosters and add coverage during peak periods.
OUT0183,Franchise Outlet 0183,40,19.0,62.66,93.85,72.64,0,0,25,0,15,2026-04-01,75.11,Meets Expectations,Balanced,Meets Expectations,Low,"Average staff performance is 72.6/100 with 93.8% attendance. The latest workforce schedule is balanced, and 0 of 40 months were classified as needing improvement.",Maintain the current schedule and continue monitoring attendance and productivity.
OUT0184,Franchise Outlet 0184,40,15.0,31.32,92.83,54.35,0,40,0,0,40,2026-04-01,51.7,Needs Improvement,Overstaffed,Needs Improvement,High,"Average staff performance is 54.3/100 with 92.8% attendance. The latest workforce schedule is overstaffed, and 40 of 40 months were classified as needing improvement.",Rebalance excess shift coverage and use coaching or role changes to improve staff productivity.
OUT0185,Franchise Outlet 0185,40,9.0,86.26,95.16,87.75,5,0,1,39,0,2026-04-01,93.48,Top Performer,Understaffed,Meets Expectations,Medium,"Average staff performance is 87.7/100 with 95.2% attendance. The latest workforce schedule is understaffed, and 0 of 40 months were classified as needing improvement.",Review demand-based rosters and add coverage during peak periods.
OUT0186,Franchise Outlet 0186,40,17.0,45.38,94.19,64.98,0,30,0,0,40,2026-04-01,66.52,Meets Expectations,Overstaffed,Needs Improvement,High,"Average staff performance is 65.0/100 with 94.2% attendance. The latest workforce schedule is overstaffed, and 30 of 40 months were classified as needing improvement.",Rebalance excess shift coverage and use coaching or role changes to improve staff productivity.
OUT0187,Franchise Outlet 0187,40,17.0,62.83,93.38,71.62,0,0,28,0,12,2026-04-01,73.0,Meets Expectations,Balanced,Meets Expectations,Low,"Average staff performance is 71.6/100 with 93.4% attendance. The latest workforce schedule is balanced, and 0 of 40 months were classified as needing improvement.",Maintain the current schedule and continue monitoring attendance and productivity.
OUT0188,Franchise Outlet 0188,40,13.0,45.31,93.26,62.62,0,39,0,0,40,2026-04-01,66.07,Needs Improvement,Overstaffed,Needs Improvement,High,"Average staff performance is 62.6/100 with 93.3% attendance. The latest workforce schedule is overstaffed, and 39 of 40 months were classified as needing improvement.",Rebalance excess shift coverage and use coaching or role changes to improve staff productivity.
OUT0189,Franchise Outlet 0189,40,21.0,33.07,92.96,56.39,0,39,0,0,40,2026-04-01,58.36,Needs Improvement,Overstaffed,Needs Improvement,High,"Average staff performance is 56.4/100 with 93.0% attendance. The latest workforce schedule is overstaffed, and 39 of 40 months were classified as needing improvement.",Rebalance excess shift coverage and use coaching or role changes to improve staff productivity.
OUT0190,Franchise Outlet 0190,40,19.0,59.44,94.44,72.6,0,1,11,0,29,2026-04-01,73.94,Meets Expectations,Balanced,Meets Expectations,Low,"Average staff performance is 72.6/100 with 94.4% attendance. The latest workforce schedule is balanced, and 1 of 40 months were classified as needing improvement.",Maintain the current schedule and continue monitoring attendance and productivity.
OUT0191,Franchise Outlet 0191,40,12.0,53.01,92.44,64.94,0,31,0,0,40,2026-04-01,64.76,Needs Improvement,Overstaffed,Needs Improvement,High,"Average staff performance is 64.9/100 with 92.4% attendance. The latest workforce schedule is overstaffed, and 31 of 40 months were classified as needing improvement.",Rebalance excess shift coverage and use coaching or role changes to improve staff productivity.
OUT0192,Franchise Outlet 0192,40,12.0,100.0,95.31,94.94,40,0,0,40,0,2026-04-01,96.73,Top Performer,Understaffed,Top Performer,Medium,"Average staff performance is 94.9/100 with 95.3% attendance. The latest workforce schedule is understaffed, and 0 of 40 months were classified as needing improvement.",Review demand-based rosters and add coverage during peak periods.
OUT0193,Franchise Outlet 0193,40,16.0,75.3,93.84,78.72,0,0,7,33,0,2026-04-01,76.5,Meets Expectations,Understaffed,Meets Expectations,Medium,"Average staff performance is 78.7/100 with 93.8% attendance. The latest workforce schedule is understaffed, and 0 of 40 months were classified as needing improvement.",Review demand-based rosters and add coverage during peak periods.
OUT0194,Franchise Outlet 0194,40,16.0,84.79,95.12,86.8,4,0,0,40,0,2026-04-01,83.85,Meets Expectations,Understaffed,Meets Expectations,Medium,"Average staff performance is 86.8/100 with 95.1% attendance. The latest workforce schedule is understaffed, and 0 of 40 months were classified as needing improvement.",Review demand-based rosters and add coverage during peak periods.
OUT0195,Franchise Outlet 0195,40,18.0,99.94,95.08,94.46,40,0,0,40,0,2026-04-01,94.91,Top Performer,Understaffed,Top Performer,Medium,"Average staff performance is 94.5/100 with 95.1% attendance. The latest workforce schedule is understaffed, and 0 of 40 months were classified as needing improvement.",Review demand-based rosters and add coverage during peak periods.
OUT0196,Franchise Outlet 0196,40,11.0,100.0,94.64,93.55,37,0,0,40,0,2026-04-01,91.91,Top Performer,Understaffed,Top Performer,Medium,"Average staff performance is 93.5/100 with 94.6% attendance. The latest workforce schedule is understaffed, and 0 of 40 months were classified as needing improvement.",Review demand-based rosters and add coverage during peak periods.
OUT0197,Franchise Outlet 0197,40,27.0,51.18,93.67,66.76,0,15,0,0,40,2026-04-01,66.22,Meets Expectations,Overstaffed,Meets Expectations,Medium,"Average staff performance is 66.8/100 with 93.7% attendance. The latest workforce schedule is overstaffed, and 15 of 40 months were classified as needing improvement.",Align staffing hours with demand and move spare capacity to busier periods.
OUT0198,Franchise Outlet 0198,40,9.0,100.0,93.68,91.02,21,0,0,40,0,2026-04-01,92.03,Top Performer,Understaffed,Top Performer,Medium,"Average staff performance is 91.0/100 with 93.7% attendance. The latest workforce schedule is understaffed, and 0 of 40 months were classified as needing improvement.",Review demand-based rosters and add coverage during peak periods.
OUT0199,Franchise Outlet 0199,40,5.0,100.0,93.72,91.22,23,0,0,40,0,2026-04-01,89.47,Meets Expectations,Understaffed,Top Performer,Medium,"Average staff performance is 91.2/100 with 93.7% attendance. The latest workforce schedule is understaffed, and 0 of 40 months were classified as needing improvement.",Review demand-based rosters and add coverage during peak periods.
OUT0200,Franchise Outlet 0200,40,16.0,62.49,95.3,76.53,0,0,27,1,12,2026-04-01,79.45,Meets Expectations,Balanced,Meets Expectations,Low,"Average staff performance is 76.5/100 with 95.3% attendance. The latest workforce schedule is balanced, and 0 of 40 months were classified as needing improvement.",Maintain the current schedule and continue monitoring attendance and productivity.
OUT0201,Franchise Outlet 0201,40,15.0,37.84,94.26,61.32,0,40,0,0,40,2026-04-01,62.72,Needs Improvement,Overstaffed,Needs Improvement,High,"Average staff performance is 61.3/100 with 94.3% attendance. The latest workforce schedule is overstaffed, and 40 of 40 months were classified as needing improvement.",Rebalance excess shift coverage and use coaching or role changes to improve staff productivity.
OUT0202,Franchise Outlet 0202,40,12.0,96.72,95.14,93.14,35,0,0,40,0,2026-04-01,91.66,Top Performer,Understaffed,Top Performer,Medium,"Average staff performance is 93.1/100 with 95.1% attendance. The latest workforce schedule is understaffed, and 0 of 40 months were classified as needing improvement.",Review demand-based rosters and add coverage during peak periods.
OUT0203,Franchise Outlet 0203,40,12.0,100.0,94.67,93.37,40,0,0,40,0,2026-04-01,92.3,Top Performer,Understaffed,Top Performer,Medium,"Average staff performance is 93.4/100 with 94.7% attendance. The latest workforce schedule is understaffed, and 0 of 40 months were classified as needing improvement.",Review demand-based rosters and add coverage during peak periods.
OUT0204,Franchise Outlet 0204,40,19.0,31.29,93.12,55.22,0,40,0,0,40,2026-04-01,56.5,Needs Improvement,Overstaffed,Needs Improvement,High,"Average staff performance is 55.2/100 with 93.1% attendance. The latest workforce schedule is overstaffed, and 40 of 40 months were classified as needing improvement.",Rebalance excess shift coverage and use coaching or role changes to improve staff productivity.
OUT0205,Franchise Outlet 0205,40,13.0,38.08,92.65,57.88,0,40,0,0,40,2026-04-01,60.5,Needs Improvement,Overstaffed,Needs Improvement,High,"Average staff performance is 57.9/100 with 92.7% attendance. The latest workforce schedule is overstaffed, and 40 of 40 months were classified as needing improvement.",Rebalance excess shift coverage and use coaching or role changes to improve staff productivity.
OUT0206,Franchise Outlet 0206,40,15.0,100.0,94.76,94.1,40,0,0,40,0,2026-04-01,93.88,Top Performer,Understaffed,Top Performer,Medium,"Average staff performance is 94.1/100 with 94.8% attendance. The latest workforce schedule is understaffed, and 0 of 40 months were classified as needing improvement.",Review demand-based rosters and add coverage during peak periods.
OUT0207,Franchise Outlet 0207,40,24.0,86.06,94.8,87.02,5,0,0,39,1,2026-04-01,88.6,Meets Expectations,Understaffed,Meets Expectations,Medium,"Average staff performance is 87.0/100 with 94.8% attendance. The latest workforce schedule is understaffed, and 0 of 40 months were classified as needing improvement.",Review demand-based rosters and add coverage during peak periods.
OUT0208,Franchise Outlet 0208,40,15.0,45.63,93.37,63.57,0,36,0,0,40,2026-04-01,63.01,Needs Improvement,Overstaffed,Needs Improvement,High,"Average staff performance is 63.6/100 with 93.4% attendance. The latest workforce schedule is overstaffed, and 36 of 40 months were classified as needing improvement.",Rebalance excess shift coverage and use coaching or role changes to improve staff productivity.
OUT0209,Franchise Outlet 0209,40,25.0,57.91,93.55,70.16,0,3,4,0,36,2026-04-01,69.86,Meets Expectations,Overstaffed,Meets Expectations,Medium,"Average staff performance is 70.2/100 with 93.6% attendance. The latest workforce schedule is overstaffed, and 3 of 40 months were classified as needing improvement.",Align staffing hours with demand and move spare capacity to busier periods.
OUT0210,Franchise Outlet 0210,40,10.0,79.45,94.59,83.08,0,0,4,36,0,2026-04-01,81.37,Meets Expectations,Understaffed,Meets Expectations,Medium,"Average staff performance is 83.1/100 with 94.6% attendance. The latest workforce schedule is understaffed, and 0 of 40 months were classified as needing improvement.",Review demand-based rosters and add coverage during peak periods.
OUT0211,Franchise Outlet 0211,40,11.0,86.45,93.97,84.73,1,0,0,40,0,2026-04-01,80.85,Meets Expectations,Understaffed,Meets Expectations,Medium,"Average staff performance is 84.7/100 with 94.0% attendance. The latest workforce schedule is understaffed, and 0 of 40 months were classified as needing improvement.",Review demand-based rosters and add coverage during peak periods.
OUT0212,Franchise Outlet 0212,40,25.0,72.5,94.62,78.98,0,0,22,18,0,2026-04-01,78.89,Meets Expectations,Balanced,Meets Expectations,Low,"Average staff performance is 79.0/100 with 94.6% attendance. The latest workforce schedule is balanced, and 0 of 40 months were classified as needing improvement.",Maintain the current schedule and continue monitoring attendance and productivity.
OUT0213,Franchise Outlet 0213,40,17.0,52.51,94.06,67.68,0,8,0,0,40,2026-04-01,67.44,Meets Expectations,Overstaffed,Meets Expectations,Medium,"Average staff performance is 67.7/100 with 94.1% attendance. The latest workforce schedule is overstaffed, and 8 of 40 months were classified as needing improvement.",Align staffing hours with demand and move spare capacity to busier periods.
OUT0214,Franchise Outlet 0214,40,10.0,68.03,92.48,72.32,0,0,31,8,1,2026-04-01,76.5,Meets Expectations,Understaffed,Meets Expectations,Medium,"Average staff performance is 72.3/100 with 92.5% attendance. The latest workforce schedule is understaffed, and 0 of 40 months were classified as needing improvement.",Review demand-based rosters and add coverage during peak periods.
OUT0215,Franchise Outlet 0215,40,13.0,100.0,95.06,94.25,40,0,0,40,0,2026-04-01,97.07,Top Performer,Understaffed,Top Performer,Medium,"Average staff performance is 94.2/100 with 95.1% attendance. The latest workforce schedule is understaffed, and 0 of 40 months were classified as needing improvement.",Review demand-based rosters and add coverage during peak periods.
OUT0216,Franchise Outlet 0216,40,19.0,56.67,94.75,72.05,0,0,2,0,38,2026-04-01,76.36,Meets Expectations,Balanced,Meets Expectations,Low,"Average staff performance is 72.0/100 with 94.7% attendance. The latest workforce schedule is balanced, and 0 of 40 months were classified as needing improvement.",Maintain the current schedule and continue monitoring attendance and productivity.
OUT0217,Franchise Outlet 0217,40,27.0,98.56,95.14,93.89,36,0,0,40,0,2026-04-01,93.49,Top Performer,Understaffed,Top Performer,Medium,"Average staff performance is 93.9/100 with 95.1% attendance. The latest workforce schedule is understaffed, and 0 of 40 months were classified as needing improvement.",Review demand-based rosters and add coverage during peak periods.
OUT0218,Franchise Outlet 0218,40,29.0,57.81,94.25,71.51,0,0,4,0,36,2026-04-01,74.98,Meets Expectations,Overstaffed,Meets Expectations,Medium,"Average staff performance is 71.5/100 with 94.3% attendance. The latest workforce schedule is overstaffed, and 0 of 40 months were classified as needing improvement.",Align staffing hours with demand and move spare capacity to busier periods.
OUT0219,Franchise Outlet 0219,40,10.0,99.85,94.08,92.28,31,0,0,40,0,2026-04-01,92.76,Top Performer,Understaffed,Top Performer,Medium,"Average staff performance is 92.3/100 with 94.1% attendance. The latest workforce schedule is understaffed, and 0 of 40 months were classified as needing improvement.",Review demand-based rosters and add coverage during peak periods.
OUT0220,Franchise Outlet 0220,40,11.0,62.2,95.62,76.6,0,0,29,0,11,2026-04-01,77.67,Meets Expectations,Overstaffed,Meets Expectations,Medium,"Average staff performance is 76.6/100 with 95.6% attendance. The latest workforce schedule is overstaffed, and 0 of 40 months were classified as needing improvement.",Align staffing hours with demand and move spare capacity to busier periods.
OUT0221,Franchise Outlet 0221,40,16.0,97.28,94.53,91.54,28,0,0,40,0,2026-04-01,93.03,Top Performer,Understaffed,Top Performer,Medium,"Average staff performance is 91.5/100 with 94.5% attendance. The latest workforce schedule is understaffed, and 0 of 40 months were classified as needing improvement.",Review demand-based rosters and add coverage during peak periods.
OUT0222,Franchise Outlet 0222,40,16.0,99.76,95.52,94.99,40,0,0,40,0,2026-04-01,92.17,Top Performer,Understaffed,Top Performer,Medium,"Average staff performance is 95.0/100 with 95.5% attendance. The latest workforce schedule is understaffed, and 0 of 40 months were classified as needing improvement.",Review demand-based rosters and add coverage during peak periods.
OUT0223,Franchise Outlet 0223,40,19.0,66.43,92.8,72.45,0,0,38,0,2,2026-04-01,75.15,Meets Expectations,Balanced,Meets Expectations,Low,"Average staff performance is 72.4/100 with 92.8% attendance. The latest workforce schedule is balanced, and 0 of 40 months were classified as needing improvement.",Maintain the current schedule and continue monitoring attendance and productivity.
OUT0224,Franchise Outlet 0224,40,18.0,99.34,95.6,94.96,40,0,0,40,0,2026-04-01,98.85,Top Performer,Understaffed,Top Performer,Medium,"Average staff performance is 95.0/100 with 95.6% attendance. The latest workforce schedule is understaffed, and 0 of 40 months were classified as needing improvement.",Review demand-based rosters and add coverage during peak periods.
OUT0225,Franchise Outlet 0225,40,7.0,100.0,93.21,90.09,16,0,0,40,0,2026-04-01,90.03,Meets Expectations,Understaffed,Meets Expectations,Medium,"Average staff performance is 90.1/100 with 93.2% attendance. The latest workforce schedule is understaffed, and 0 of 40 months were classified as needing improvement.",Review demand-based rosters and add coverage during peak periods.
OUT0226,Franchise Outlet 0226,40,17.0,55.82,93.12,67.65,0,10,4,0,36,2026-04-01,71.71,Meets Expectations,Balanced,Meets Expectations,Low,"Average staff performance is 67.6/100 with 93.1% attendance. The latest workforce schedule is balanced, and 10 of 40 months were classified as needing improvement.",Maintain the current schedule and continue monitoring attendance and productivity.
OUT0227,Franchise Outlet 0227,40,18.0,63.89,92.43,70.59,0,0,34,0,6,2026-04-01,71.72,Meets Expectations,Balanced,Meets Expectations,Low,"Average staff performance is 70.6/100 with 92.4% attendance. The latest workforce schedule is balanced, and 0 of 40 months were classified as needing improvement.",Maintain the current schedule and continue monitoring attendance and productivity.
OUT0228,Franchise Outlet 0228,40,15.0,79.28,94.92,83.3,0,0,2,38,0,2026-04-01,83.15,Meets Expectations,Understaffed,Meets Expectations,Medium,"Average staff performance is 83.3/100 with 94.9% attendance. The latest workforce schedule is understaffed, and 0 of 40 months were classified as needing improvement.",Review demand-based rosters and add coverage during peak periods.
OUT0229,Franchise Outlet 0229,40,14.0,56.53,93.61,69.46,0,2,2,0,38,2026-04-01,72.99,Meets Expectations,Balanced,Meets Expectations,Low,"Average staff performance is 69.5/100 with 93.6% attendance. The latest workforce schedule is balanced, and 2 of 40 months were classified as needing improvement.",Maintain the current schedule and continue monitoring attendance and productivity.
OUT0230,Franchise Outlet 0230,40,12.0,100.0,95.41,95.36,40,0,0,40,0,2026-04-01,93.32,Top Performer,Understaffed,Top Performer,Medium,"Average staff performance is 95.4/100 with 95.4% attendance. The latest workforce schedule is understaffed, and 0 of 40 months were classified as needing improvement.",Review demand-based rosters and add coverage during peak periods.
OUT0231,Franchise Outlet 0231,40,6.0,77.44,93.57,79.48,0,0,3,37,0,2026-04-01,83.56,Meets Expectations,Understaffed,Meets Expectations,Medium,"Average staff performance is 79.5/100 with 93.6% attendance. The latest workforce schedule is understaffed, and 0 of 40 months were classified as needing improvement.",Review demand-based rosters and add coverage during peak periods.
OUT0232,Franchise Outlet 0232,40,22.0,31.37,93.2,55.29,0,40,0,0,40,2026-04-01,55.79,Needs Improvement,Overstaffed,Needs Improvement,High,"Average staff performance is 55.3/100 with 93.2% attendance. The latest workforce schedule is overstaffed, and 40 of 40 months were classified as needing improvement.",Rebalance excess shift coverage and use coaching or role changes to improve staff productivity.
OUT0233,Franchise Outlet 0233,40,11.0,78.69,95.2,84.44,2,0,7,33,0,2026-04-01,84.77,Meets Expectations,Understaffed,Meets Expectations,Medium,"Average staff performance is 84.4/100 with 95.2% attendance. The latest workforce schedule is understaffed, and 0 of 40 months were classified as needing improvement.",Review demand-based rosters and add coverage during peak periods.
OUT0234,Franchise Outlet 0234,40,19.0,91.23,94.87,89.58,14,0,0,40,0,2026-04-01,93.07,Top Performer,Understaffed,Meets Expectations,Medium,"Average staff performance is 89.6/100 with 94.9% attendance. The latest workforce schedule is understaffed, and 0 of 40 months were classified as needing improvement.",Review demand-based rosters and add coverage during peak periods.
OUT0235,Franchise Outlet 0235,40,11.0,99.81,93.65,91.07,23,0,0,40,0,2026-04-01,91.67,Top Performer,Understaffed,Top Performer,Medium,"Average staff performance is 91.1/100 with 93.7% attendance. The latest workforce schedule is understaffed, and 0 of 40 months were classified as needing improvement.",Review demand-based rosters and add coverage during peak periods.
OUT0236,Franchise Outlet 0236,40,15.0,46.98,94.29,66.06,0,21,0,0,40,2026-04-01,65.31,Needs Improvement,Overstaffed,Needs Improvement,High,"Average staff performance is 66.1/100 with 94.3% attendance. The latest workforce schedule is overstaffed, and 21 of 40 months were classified as needing improvement.",Rebalance excess shift coverage and use coaching or role changes to improve staff productivity.
OUT0237,Franchise Outlet 0237,40,22.0,74.31,94.26,79.1,0,0,18,22,0,2026-04-01,82.25,Meets Expectations,Understaffed,Meets Expectations,Medium,"Average staff performance is 79.1/100 with 94.3% attendance. The latest workforce schedule is understaffed, and 0 of 40 months were classified as needing improvement.",Review demand-based rosters and add coverage during peak periods.
OUT0238,Franchise Outlet 0238,40,19.0,51.82,92.99,65.57,0,24,0,0,40,2026-04-01,67.31,Meets Expectations,Overstaffed,Needs Improvement,High,"Average staff performance is 65.6/100 with 93.0% attendance. The latest workforce schedule is overstaffed, and 24 of 40 months were classified as needing improvement.",Rebalance excess shift coverage and use coaching or role changes to improve staff productivity.
OUT0239,Franchise Outlet 0239,40,17.0,96.78,94.34,90.71,18,0,0,40,0,2026-04-01,92.09,Top Performer,Understaffed,Meets Expectations,Medium,"Average staff performance is 90.7/100 with 94.3% attendance. The latest workforce schedule is understaffed, and 0 of 40 months were classified as needing improvement.",Review demand-based rosters and add coverage during peak periods.
OUT0240,Franchise Outlet 0240,40,15.0,100.0,94.48,93.03,35,0,0,40,0,2026-04-01,92.21,Top Performer,Understaffed,Top Performer,Medium,"Average staff performance is 93.0/100 with 94.5% attendance. The latest workforce schedule is understaffed, and 0 of 40 months were classified as needing improvement.",Review demand-based rosters and add coverage during peak periods.
OUT0241,Franchise Outlet 0241,40,9.0,45.16,93.25,62.55,0,38,0,2,38,2026-04-01,65.85,Needs Improvement,Overstaffed,Needs Improvement,High,"Average staff performance is 62.5/100 with 93.3% attendance. The latest workforce schedule is overstaffed, and 38 of 40 months were classified as needing improvement.",Rebalance excess shift coverage and use coaching or role changes to improve staff productivity.
OUT0242,Franchise Outlet 0242,40,15.0,58.24,92.93,68.46,0,6,2,0,38,2026-04-01,67.59,Meets Expectations,Overstaffed,Meets Expectations,Medium,"Average staff performance is 68.5/100 with 92.9% attendance. The latest workforce schedule is overstaffed, and 6 of 40 months were classified as needing improvement.",Align staffing hours with demand and move spare capacity to busier periods.
OUT0243,Franchise Outlet 0243,40,20.0,60.98,93.79,71.95,0,0,14,0,26,2026-04-01,71.53,Meets Expectations,Overstaffed,Meets Expectations,Medium,"Average staff performance is 71.9/100 with 93.8% attendance. The latest workforce schedule is overstaffed, and 0 of 40 months were classified as needing improvement.",Align staffing hours with demand and move spare capacity to busier periods.
OUT0244,Franchise Outlet 0244,40,11.0,77.32,94.67,81.32,0,0,9,31,0,2026-04-01,82.85,Meets Expectations,Understaffed,Meets Expectations,Medium,"Average staff performance is 81.3/100 with 94.7% attendance. The latest workforce schedule is understaffed, and 0 of 40 months were classified as needing improvement.",Review demand-based rosters and add coverage during peak periods.
OUT0245,Franchise Outlet 0245,40,20.0,99.19,95.67,95.28,39,0,0,40,0,2026-04-01,98.94,Top Performer,Understaffed,Top Performer,Medium,"Average staff performance is 95.3/100 with 95.7% attendance. The latest workforce schedule is understaffed, and 0 of 40 months were classified as needing improvement.",Review demand-based rosters and add coverage during peak periods.
OUT0246,Franchise Outlet 0246,40,15.0,50.79,94.25,67.66,0,10,0,0,40,2026-04-01,71.32,Meets Expectations,Overstaffed,Meets Expectations,Medium,"Average staff performance is 67.7/100 with 94.2% attendance. The latest workforce schedule is overstaffed, and 10 of 40 months were classified as needing improvement.",Align staffing hours with demand and move spare capacity to busier periods.
OUT0247,Franchise Outlet 0247,40,15.0,99.59,95.15,94.42,38,0,0,40,0,2026-04-01,96.19,Top Performer,Understaffed,Top Performer,Medium,"Average staff performance is 94.4/100 with 95.1% attendance. The latest workforce schedule is understaffed, and 0 of 40 months were classified as needing improvement.",Review demand-based rosters and add coverage during peak periods.
OUT0248,Franchise Outlet 0248,40,15.0,31.68,92.85,55.3,0,40,0,0,40,2026-04-01,58.78,Needs Improvement,Overstaffed,Needs Improvement,High,"Average staff performance is 55.3/100 with 92.8% attendance. The latest workforce schedule is overstaffed, and 40 of 40 months were classified as needing improvement.",Rebalance excess shift coverage and use coaching or role changes to improve staff productivity.
OUT0249,Franchise Outlet 0249,40,22.0,90.51,95.48,90.23,18,0,0,39,1,2026-04-01,90.25,Meets Expectations,Understaffed,Meets Expectations,Medium,"Average staff performance is 90.2/100 with 95.5% attendance. The latest workforce schedule is understaffed, and 0 of 40 months were classified as needing improvement.",Review demand-based rosters and add coverage during peak periods.
OUT0250,Franchise Outlet 0250,40,27.0,100.0,95.34,95.19,40,0,0,40,0,2026-04-01,92.26,Top Performer,Understaffed,Top Performer,Medium,"Average staff performance is 95.2/100 with 95.3% attendance. The latest workforce schedule is understaffed, and 0 of 40 months were classified as needing improvement.",Review demand-based rosters and add coverage during peak periods.
OUT0251,Franchise Outlet 0251,40,9.0,70.98,92.57,74.62,0,0,30,10,0,2026-04-01,77.34,Meets Expectations,Balanced,Meets Expectations,Low,"Average staff performance is 74.6/100 with 92.6% attendance. The latest workforce schedule is balanced, and 0 of 40 months were classified as needing improvement.",Maintain the current schedule and continue monitoring attendance and productivity.
OUT0252,Franchise Outlet 0252,40,15.0,68.22,94.87,78.02,0,0,22,11,7,2026-04-01,78.33,Meets Expectations,Understaffed,Meets Expectations,Medium,"Average staff performance is 78.0/100 with 94.9% attendance. The latest workforce schedule is understaffed, and 0 of 40 months were classified as needing improvement.",Review demand-based rosters and add coverage during peak periods.
OUT0253,Franchise Outlet 0253,40,18.0,93.94,94.09,89.05,12,0,0,40,0,2026-04-01,90.62,Meets Expectations,Understaffed,Meets Expectations,Medium,"Average staff performance is 89.1/100 with 94.1% attendance. The latest workforce schedule is understaffed, and 0 of 40 months were classified as needing improvement.",Review demand-based rosters and add coverage during peak periods.
OUT0254,Franchise Outlet 0254,40,8.0,100.0,94.67,93.52,40,0,0,40,0,2026-04-01,93.75,Top Performer,Understaffed,Top Performer,Medium,"Average staff performance is 93.5/100 with 94.7% attendance. The latest workforce schedule is understaffed, and 0 of 40 months were classified as needing improvement.",Review demand-based rosters and add coverage during peak periods.
OUT0255,Franchise Outlet 0255,40,14.0,72.02,93.91,77.11,0,0,16,23,1,2026-04-01,76.99,Meets Expectations,Balanced,Meets Expectations,Low,"Average staff performance is 77.1/100 with 93.9% attendance. The latest workforce schedule is balanced, and 0 of 40 months were classified as needing improvement.",Maintain the current schedule and continue monitoring attendance and productivity.
OUT0256,Franchise Outlet 0256,40,11.0,100.0,95.11,95.08,40,0,0,40,0,2026-04-01,96.97,Top Performer,Understaffed,Top Performer,Medium,"Average staff performance is 95.1/100 with 95.1% attendance. The latest workforce schedule is understaffed, and 0 of 40 months were classified as needing improvement.",Review demand-based rosters and add coverage during peak periods.
OUT0257,Franchise Outlet 0257,40,17.0,74.54,93.36,77.78,0,0,13,27,0,2026-04-01,76.32,Meets Expectations,Understaffed,Meets Expectations,Medium,"Average staff performance is 77.8/100 with 93.4% attendance. The latest workforce schedule is understaffed, and 0 of 40 months were classified as needing improvement.",Review demand-based rosters and add coverage during peak periods.
OUT0258,Franchise Outlet 0258,40,12.0,74.15,94.01,78.5,0,0,13,27,0,2026-04-01,81.95,Meets Expectations,Understaffed,Meets Expectations,Medium,"Average staff performance is 78.5/100 with 94.0% attendance. The latest workforce schedule is understaffed, and 0 of 40 months were classified as needing improvement.",Review demand-based rosters and add coverage during peak periods.
OUT0259,Franchise Outlet 0259,40,7.0,100.0,95.36,95.39,40,0,0,40,0,2026-04-01,94.14,Top Performer,Understaffed,Top Performer,Medium,"Average staff performance is 95.4/100 with 95.4% attendance. The latest workforce schedule is understaffed, and 0 of 40 months were classified as needing improvement.",Review demand-based rosters and add coverage during peak periods.
OUT0260,Franchise Outlet 0260,40,14.0,38.01,93.45,59.39,0,39,0,1,39,2026-04-01,61.27,Needs Improvement,Overstaffed,Needs Improvement,High,"Average staff performance is 59.4/100 with 93.4% attendance. The latest workforce schedule is overstaffed, and 39 of 40 months were classified as needing improvement.",Rebalance excess shift coverage and use coaching or role changes to improve staff productivity.
OUT0261,Franchise Outlet 0261,40,16.0,53.6,93.73,68.03,0,11,1,0,39,2026-04-01,68.4,Meets Expectations,Overstaffed,Meets Expectations,Medium,"Average staff performance is 68.0/100 with 93.7% attendance. The latest workforce schedule is overstaffed, and 11 of 40 months were classified as needing improvement.",Align staffing hours with demand and move spare capacity to busier periods.
OUT0262,Franchise Outlet 0262,40,16.0,97.47,93.52,89.62,13,0,0,40,0,2026-04-01,87.83,Meets Expectations,Understaffed,Meets Expectations,Medium,"Average staff performance is 89.6/100 with 93.5% attendance. The latest workforce schedule is understaffed, and 0 of 40 months were classified as needing improvement.",Review demand-based rosters and add coverage during peak periods.
OUT0263,Franchise Outlet 0263,40,16.0,61.67,93.2,70.53,0,2,28,0,12,2026-04-01,74.19,Meets Expectations,Balanced,Meets Expectations,Low,"Average staff performance is 70.5/100 with 93.2% attendance. The latest workforce schedule is balanced, and 2 of 40 months were classified as needing improvement.",Maintain the current schedule and continue monitoring attendance and productivity.
OUT0264,Franchise Outlet 0264,40,14.0,98.77,95.37,94.22,38,0,0,40,0,2026-04-01,93.91,Top Performer,Understaffed,Top Performer,Medium,"Average staff performance is 94.2/100 with 95.4% attendance. The latest workforce schedule is understaffed, and 0 of 40 months were classified as needing improvement.",Review demand-based rosters and add coverage during peak periods.
OUT0265,Franchise Outlet 0265,40,28.0,47.89,94.51,66.66,0,19,0,0,40,2026-04-01,65.04,Needs Improvement,Overstaffed,Meets Expectations,Medium,"Average staff performance is 66.7/100 with 94.5% attendance. The latest workforce schedule is overstaffed, and 19 of 40 months were classified as needing improvement.",Align staffing hours with demand and move spare capacity to busier periods.
OUT0266,Franchise Outlet 0266,40,20.0,69.11,93.83,76.2,0,0,31,8,1,2026-04-01,81.13,Meets Expectations,Understaffed,Meets Expectations,Medium,"Average staff performance is 76.2/100 with 93.8% attendance. The latest workforce schedule is understaffed, and 0 of 40 months were classified as needing improvement.",Review demand-based rosters and add coverage during peak periods.
OUT0267,Franchise Outlet 0267,40,16.0,100.0,94.9,93.84,40,0,0,40,0,2026-04-01,95.05,Top Performer,Understaffed,Top Performer,Medium,"Average staff performance is 93.8/100 with 94.9% attendance. The latest workforce schedule is understaffed, and 0 of 40 months were classified as needing improvement.",Review demand-based rosters and add coverage during peak periods.
OUT0268,Franchise Outlet 0268,40,19.0,77.52,93.88,79.91,0,0,9,31,0,2026-04-01,77.42,Meets Expectations,Understaffed,Meets Expectations,Medium,"Average staff performance is 79.9/100 with 93.9% attendance. The latest workforce schedule is understaffed, and 0 of 40 months were classified as needing improvement.",Review demand-based rosters and add coverage during peak periods.
OUT0269,Franchise Outlet 0269,40,20.0,76.68,93.69,79.6,0,0,9,30,1,2026-04-01,83.46,Meets Expectations,Understaffed,Meets Expectations,Medium,"Average staff performance is 79.6/100 with 93.7% attendance. The latest workforce schedule is understaffed, and 0 of 40 months were classified as needing improvement.",Review demand-based rosters and add coverage during peak periods.
OUT0270,Franchise Outlet 0270,40,24.0,37.36,92.78,57.81,0,40,0,0,40,2026-04-01,58.27,Needs Improvement,Overstaffed,Needs Improvement,High,"Average staff performance is 57.8/100 with 92.8% attendance. The latest workforce schedule is overstaffed, and 40 of 40 months were classified as needing improvement.",Rebalance excess shift coverage and use coaching or role changes to improve staff productivity.
OUT0271,Franchise Outlet 0271,40,8.0,73.01,93.16,76.94,0,0,6,34,0,2026-04-01,77.27,Meets Expectations,Understaffed,Meets Expectations,Medium,"Average staff performance is 76.9/100 with 93.2% attendance. The latest workforce schedule is understaffed, and 0 of 40 months were classified as needing improvement.",Review demand-based rosters and add coverage during peak periods.
OUT0272,Franchise Outlet 0272,40,18.0,45.62,92.88,62.07,0,39,0,0,40,2026-04-01,64.83,Needs Improvement,Overstaffed,Needs Improvement,High,"Average staff performance is 62.1/100 with 92.9% attendance. The latest workforce schedule is overstaffed, and 39 of 40 months were classified as needing improvement.",Rebalance excess shift coverage and use coaching or role changes to improve staff productivity.
OUT0273,Franchise Outlet 0273,40,10.0,61.05,93.84,72.08,0,0,28,0,12,2026-04-01,72.89,Meets Expectations,Balanced,Meets Expectations,Low,"Average staff performance is 72.1/100 with 93.8% attendance. The latest workforce schedule is balanced, and 0 of 40 months were classified as needing improvement.",Maintain the current schedule and continue monitoring attendance and productivity.
OUT0274,Franchise Outlet 0274,40,18.0,56.84,94.28,70.56,0,1,3,0,37,2026-04-01,72.89,Meets Expectations,Overstaffed,Meets Expectations,Medium,"Average staff performance is 70.6/100 with 94.3% attendance. The latest workforce schedule is overstaffed, and 1 of 40 months were classified as needing improvement.",Align staffing hours with demand and move spare capacity to busier periods.
OUT0275,Franchise Outlet 0275,40,18.0,100.0,95.31,94.82,39,0,0,40,0,2026-04-01,96.02,Top Performer,Understaffed,Top Performer,Medium,"Average staff performance is 94.8/100 with 95.3% attendance. The latest workforce schedule is understaffed, and 0 of 40 months were classified as needing improvement.",Review demand-based rosters and add coverage during peak periods.
OUT0276,Franchise Outlet 0276,40,22.0,79.17,95.16,84.37,0,0,4,35,1,2026-04-01,85.9,Meets Expectations,Understaffed,Meets Expectations,Medium,"Average staff performance is 84.4/100 with 95.2% attendance. The latest workforce schedule is understaffed, and 0 of 40 months were classified as needing improvement.",Review demand-based rosters and add coverage during peak periods.
OUT0277,Franchise Outlet 0277,40,16.0,70.44,93.28,75.83,0,0,22,18,0,2026-04-01,77.63,Meets Expectations,Understaffed,Meets Expectations,Medium,"Average staff performance is 75.8/100 with 93.3% attendance. The latest workforce schedule is understaffed, and 0 of 40 months were classified as needing improvement.",Review demand-based rosters and add coverage during peak periods.
OUT0278,Franchise Outlet 0278,40,13.0,63.9,93.44,72.9,0,0,28,0,12,2026-04-01,72.97,Meets Expectations,Balanced,Meets Expectations,Low,"Average staff performance is 72.9/100 with 93.4% attendance. The latest workforce schedule is balanced, and 0 of 40 months were classified as needing improvement.",Maintain the current schedule and continue monitoring attendance and productivity.
OUT0279,Franchise Outlet 0279,40,19.0,75.86,95.19,82.61,0,0,14,26,0,2026-04-01,88.12,Meets Expectations,Understaffed,Meets Expectations,Medium,"Average staff performance is 82.6/100 with 95.2% attendance. The latest workforce schedule is understaffed, and 0 of 40 months were classified as needing improvement.",Review demand-based rosters and add coverage during peak periods.
OUT0280,Franchise Outlet 0280,40,26.0,46.31,94.31,65.49,0,26,0,0,40,2026-04-01,66.89,Meets Expectations,Overstaffed,Needs Improvement,High,"Average staff performance is 65.5/100 with 94.3% attendance. The latest workforce schedule is overstaffed, and 26 of 40 months were classified as needing improvement.",Rebalance excess shift coverage and use coaching or role changes to improve staff productivity.
OUT0281,Franchise Outlet 0281,40,20.0,76.27,93.29,78.7,0,0,10,30,0,2026-04-01,79.55,Meets Expectations,Understaffed,Meets Expectations,Medium,"Average staff performance is 78.7/100 with 93.3% attendance. The latest workforce schedule is understaffed, and 0 of 40 months were classified as needing improvement.",Review demand-based rosters and add coverage during peak periods.
OUT0282,Franchise Outlet 0282,40,25.0,92.96,94.89,90.09,17,0,0,40,0,2026-04-01,94.16,Top Performer,Understaffed,Meets Expectations,Medium,"Average staff performance is 90.1/100 with 94.9% attendance. The latest workforce schedule is understaffed, and 0 of 40 months were classified as needing improvement.",Review demand-based rosters and add coverage during peak periods.
OUT0283,Franchise Outlet 0283,40,19.0,47.44,92.93,63.41,0,34,1,0,39,2026-04-01,61.95,Needs Improvement,Overstaffed,Needs Improvement,High,"Average staff performance is 63.4/100 with 92.9% attendance. The latest workforce schedule is overstaffed, and 34 of 40 months were classified as needing improvement.",Rebalance excess shift coverage and use coaching or role changes to improve staff productivity.
OUT0284,Franchise Outlet 0284,40,13.0,34.12,92.48,56.06,0,40,0,0,40,2026-04-01,56.55,Needs Improvement,Overstaffed,Needs Improvement,High,"Average staff performance is 56.1/100 with 92.5% attendance. The latest workforce schedule is overstaffed, and 40 of 40 months were classified as needing improvement.",Rebalance excess shift coverage and use coaching or role changes to improve staff productivity.
OUT0285,Franchise Outlet 0285,40,20.0,64.09,93.69,72.89,0,0,27,0,13,2026-04-01,73.54,Meets Expectations,Balanced,Meets Expectations,Low,"Average staff performance is 72.9/100 with 93.7% attendance. The latest workforce schedule is balanced, and 0 of 40 months were classified as needing improvement.",Maintain the current schedule and continue monitoring attendance and productivity.
OUT0286,Franchise Outlet 0286,40,14.0,41.96,92.85,60.05,0,40,0,0,40,2026-04-01,58.78,Needs Improvement,Overstaffed,Needs Improvement,High,"Average staff performance is 60.1/100 with 92.8% attendance. The latest workforce schedule is overstaffed, and 40 of 40 months were classified as needing improvement.",Rebalance excess shift coverage and use coaching or role changes to improve staff productivity.
OUT0287,Franchise Outlet 0287,40,20.0,75.26,93.53,78.66,0,0,13,26,1,2026-04-01,78.1,Meets Expectations,Understaffed,Meets Expectations,Medium,"Average staff performance is 78.7/100 with 93.5% attendance. The latest workforce schedule is understaffed, and 0 of 40 months were classified as needing improvement.",Review demand-based rosters and add coverage during peak periods.
OUT0288,Franchise Outlet 0288,40,14.0,34.43,93.5,57.83,0,40,0,0,40,2026-04-01,58.42,Needs Improvement,Overstaffed,Needs Improvement,High,"Average staff performance is 57.8/100 with 93.5% attendance. The latest workforce schedule is overstaffed, and 40 of 40 months were classified as needing improvement.",Rebalance excess shift coverage and use coaching or role changes to improve staff productivity.
OUT0289,Franchise Outlet 0289,40,22.0,32.4,92.77,55.44,0,39,0,0,40,2026-04-01,54.95,Needs Improvement,Overstaffed,Needs Improvement,High,"Average staff performance is 55.4/100 with 92.8% attendance. The latest workforce schedule is overstaffed, and 39 of 40 months were classified as needing improvement.",Rebalance excess shift coverage and use coaching or role changes to improve staff productivity.
OUT0290,Franchise Outlet 0290,40,22.0,98.61,95.38,94.29,38,0,0,40,0,2026-04-01,95.02,Top Performer,Understaffed,Top Performer,Medium,"Average staff performance is 94.3/100 with 95.4% attendance. The latest workforce schedule is understaffed, and 0 of 40 months were classified as needing improvement.",Review demand-based rosters and add coverage during peak periods.
OUT0291,Franchise Outlet 0291,40,16.0,49.04,94.54,67.48,0,11,0,0,40,2026-04-01,69.59,Meets Expectations,Overstaffed,Meets Expectations,Medium,"Average staff performance is 67.5/100 with 94.5% attendance. The latest workforce schedule is overstaffed, and 11 of 40 months were classified as needing improvement.",Align staffing hours with demand and move spare capacity to busier periods.
OUT0292,Franchise Outlet 0292,40,18.0,58.62,94.8,72.98,0,1,7,0,33,2026-04-01,72.16,Meets Expectations,Overstaffed,Meets Expectations,Medium,"Average staff performance is 73.0/100 with 94.8% attendance. The latest workforce schedule is overstaffed, and 1 of 40 months were classified as needing improvement.",Align staffing hours with demand and move spare capacity to busier periods.
OUT0293,Franchise Outlet 0293,40,19.0,55.76,93.21,67.9,0,7,2,0,38,2026-04-01,67.09,Meets Expectations,Overstaffed,Meets Expectations,Medium,"Average staff performance is 67.9/100 with 93.2% attendance. The latest workforce schedule is overstaffed, and 7 of 40 months were classified as needing improvement.",Align staffing hours with demand and move spare capacity to busier periods.
OUT0294,Franchise Outlet 0294,40,22.0,96.0,95.54,93.47,32,0,0,40,0,2026-04-01,94.87,Top Performer,Understaffed,Top Performer,Medium,"Average staff performance is 93.5/100 with 95.5% attendance. The latest workforce schedule is understaffed, and 0 of 40 months were classified as needing improvement.",Review demand-based rosters and add coverage during peak periods.
OUT0295,Franchise Outlet 0295,40,17.0,87.88,94.1,85.64,4,0,0,40,0,2026-04-01,78.94,Meets Expectations,Understaffed,Meets Expectations,Medium,"Average staff performance is 85.6/100 with 94.1% attendance. The latest workforce schedule is understaffed, and 0 of 40 months were classified as needing improvement.",Review demand-based rosters and add coverage during peak periods.
OUT0296,Franchise Outlet 0296,40,21.0,66.34,94.36,75.77,0,0,25,4,11,2026-04-01,78.12,Meets Expectations,Balanced,Meets Expectations,Low,"Average staff performance is 75.8/100 with 94.4% attendance. The latest workforce schedule is balanced, and 0 of 40 months were classified as needing improvement.",Maintain the current schedule and continue monitoring attendance and productivity.
OUT0297,Franchise Outlet 0297,40,19.0,55.51,93.0,67.48,0,11,2,0,38,2026-04-01,69.97,Meets Expectations,Overstaffed,Meets Expectations,Medium,"Average staff performance is 67.5/100 with 93.0% attendance. The latest workforce schedule is overstaffed, and 11 of 40 months were classified as needing improvement.",Align staffing hours with demand and move spare capacity to busier periods.
OUT0298,Franchise Outlet 0298,40,23.0,98.9,95.25,93.89,38,0,0,39,1,2026-04-01,94.14,Top Performer,Understaffed,Top Performer,Medium,"Average staff performance is 93.9/100 with 95.2% attendance. The latest workforce schedule is understaffed, and 0 of 40 months were classified as needing improvement.",Review demand-based rosters and add coverage during peak periods.
OUT0299,Franchise Outlet 0299,40,16.0,94.21,94.75,90.52,21,0,1,39,0,2026-04-01,88.23,Meets Expectations,Understaffed,Meets Expectations,Medium,"Average staff performance is 90.5/100 with 94.7% attendance. The latest workforce schedule is understaffed, and 0 of 40 months were classified as needing improvement.",Review demand-based rosters and add coverage during peak periods.
OUT0300,Franchise Outlet 0300,40,19.0,99.08,94.63,93.14,38,0,1,39,0,2026-04-01,95.75,Top Performer,Understaffed,Top Performer,Medium,"Average staff performance is 93.1/100 with 94.6% attendance. The latest workforce schedule is understaffed, and 0 of 40 months were classified as needing improvement.",Review demand-based rosters and add coverage during peak periods.
OUT0301,Franchise Outlet 0301,40,14.0,37.58,94.28,61.1,0,40,0,0,40,2026-04-01,58.16,Needs Improvement,Overstaffed,Needs Improvement,High,"Average staff performance is 61.1/100 with 94.3% attendance. The latest workforce schedule is overstaffed, and 40 of 40 months were classified as needing improvement.",Rebalance excess shift coverage and use coaching or role changes to improve staff productivity.
OUT0302,Franchise Outlet 0302,40,11.0,45.03,93.41,62.45,0,38,0,0,40,2026-04-01,66.09,Needs Improvement,Overstaffed,Needs Improvement,High,"Average staff performance is 62.5/100 with 93.4% attendance. The latest workforce schedule is overstaffed, and 38 of 40 months were classified as needing improvement.",Rebalance excess shift coverage and use coaching or role changes to improve staff productivity.
OUT0303,Franchise Outlet 0303,40,15.0,98.81,94.1,91.23,25,0,0,40,0,2026-04-01,90.56,Meets Expectations,Understaffed,Top Performer,Medium,"Average staff performance is 91.2/100 with 94.1% attendance. The latest workforce schedule is understaffed, and 0 of 40 months were classified as needing improvement.",Review demand-based rosters and add coverage during peak periods.
OUT0304,Franchise Outlet 0304,40,17.0,65.82,94.35,74.99,0,0,34,3,3,2026-04-01,72.61,Meets Expectations,Balanced,Meets Expectations,Low,"Average staff performance is 75.0/100 with 94.4% attendance. The latest workforce schedule is balanced, and 0 of 40 months were classified as needing improvement.",Maintain the current schedule and continue monitoring attendance and productivity.
OUT0305,Franchise Outlet 0305,40,19.0,34.52,92.48,55.68,0,40,0,0,40,2026-04-01,55.11,Needs Improvement,Overstaffed,Needs Improvement,High,"Average staff performance is 55.7/100 with 92.5% attendance. The latest workforce schedule is overstaffed, and 40 of 40 months were classified as needing improvement.",Rebalance excess shift coverage and use coaching or role changes to improve staff productivity.
OUT0306,Franchise Outlet 0306,40,33.0,44.37,92.5,61.01,0,39,0,0,40,2026-04-01,59.44,Needs Improvement,Overstaffed,Needs Improvement,High,"Average staff performance is 61.0/100 with 92.5% attendance. The latest workforce schedule is overstaffed, and 39 of 40 months were classified as needing improvement.",Rebalance excess shift coverage and use coaching or role changes to improve staff productivity.
OUT0307,Franchise Outlet 0307,40,26.0,41.28,93.44,61.23,0,39,0,0,40,2026-04-01,58.79,Needs Improvement,Overstaffed,Needs Improvement,High,"Average staff performance is 61.2/100 with 93.4% attendance. The latest workforce schedule is overstaffed, and 39 of 40 months were classified as needing improvement.",Rebalance excess shift coverage and use coaching or role changes to improve staff productivity.
OUT0308,Franchise Outlet 0308,40,21.0,78.85,93.88,80.89,0,0,5,34,1,2026-04-01,85.25,Meets Expectations,Understaffed,Meets Expectations,Medium,"Average staff performance is 80.9/100 with 93.9% attendance. The latest workforce schedule is understaffed, and 0 of 40 months were classified as needing improvement.",Review demand-based rosters and add coverage during peak periods.
OUT0309,Franchise Outlet 0309,40,19.0,41.92,94.74,64.47,0,35,0,0,40,2026-04-01,66.08,Needs Improvement,Overstaffed,Needs Improvement,High,"Average staff performance is 64.5/100 with 94.7% attendance. The latest workforce schedule is overstaffed, and 35 of 40 months were classified as needing improvement.",Rebalance excess shift coverage and use coaching or role changes to improve staff productivity.
OUT0310,Franchise Outlet 0310,40,19.0,53.53,92.7,65.64,0,22,0,0,40,2026-04-01,68.16,Meets Expectations,Overstaffed,Needs Improvement,High,"Average staff performance is 65.6/100 with 92.7% attendance. The latest workforce schedule is overstaffed, and 22 of 40 months were classified as needing improvement.",Rebalance excess shift coverage and use coaching or role changes to improve staff productivity.
OUT0311,Franchise Outlet 0311,40,18.0,78.69,95.22,84.37,1,0,5,35,0,2026-04-01,90.33,Meets Expectations,Understaffed,Meets Expectations,Medium,"Average staff performance is 84.4/100 with 95.2% attendance. The latest workforce schedule is understaffed, and 0 of 40 months were classified as needing improvement.",Review demand-based rosters and add coverage during peak periods.
OUT0312,Franchise Outlet 0312,40,14.0,52.38,92.79,65.55,0,26,0,0,40,2026-04-01,72.44,Meets Expectations,Overstaffed,Needs Improvement,High,"Average staff performance is 65.6/100 with 92.8% attendance. The latest workforce schedule is overstaffed, and 26 of 40 months were classified as needing improvement.",Rebalance excess shift coverage and use coaching or role changes to improve staff productivity.
OUT0313,Franchise Outlet 0313,40,21.0,43.29,94.93,65.95,0,21,0,0,40,2026-04-01,69.05,Meets Expectations,Overstaffed,Needs Improvement,High,"Average staff performance is 65.9/100 with 94.9% attendance. The latest workforce schedule is overstaffed, and 21 of 40 months were classified as needing improvement.",Rebalance excess shift coverage and use coaching or role changes to improve staff productivity.
OUT0314,Franchise Outlet 0314,40,15.0,99.34,94.6,92.59,34,0,0,40,0,2026-04-01,93.81,Top Performer,Understaffed,Top Performer,Medium,"Average staff performance is 92.6/100 with 94.6% attendance. The latest workforce schedule is understaffed, and 0 of 40 months were classified as needing improvement.",Review demand-based rosters and add coverage during peak periods.
OUT0315,Franchise Outlet 0315,40,28.0,50.97,93.43,65.88,0,23,0,0,40,2026-04-01,65.36,Needs Improvement,Overstaffed,Needs Improvement,High,"Average staff performance is 65.9/100 with 93.4% attendance. The latest workforce schedule is overstaffed, and 23 of 40 months were classified as needing improvement.",Rebalance excess shift coverage and use coaching or role changes to improve staff productivity.
OUT0316,Franchise Outlet 0316,40,21.0,44.2,94.63,65.54,0,27,0,0,40,2026-04-01,64.34,Needs Improvement,Overstaffed,Needs Improvement,High,"Average staff performance is 65.5/100 with 94.6% attendance. The latest workforce schedule is overstaffed, and 27 of 40 months were classified as needing improvement.",Rebalance excess shift coverage and use coaching or role changes to improve staff productivity.
OUT0317,Franchise Outlet 0317,40,16.0,99.26,94.98,93.53,39,0,1,39,0,2026-04-01,92.66,Top Performer,Understaffed,Top Performer,Medium,"Average staff performance is 93.5/100 with 95.0% attendance. The latest workforce schedule is understaffed, and 0 of 40 months were classified as needing improvement.",Review demand-based rosters and add coverage during peak periods.
OUT0318,Franchise Outlet 0318,40,12.0,98.8,93.81,90.48,19,0,0,40,0,2026-04-01,90.44,Meets Expectations,Understaffed,Meets Expectations,Medium,"Average staff performance is 90.5/100 with 93.8% attendance. The latest workforce schedule is understaffed, and 0 of 40 months were classified as needing improvement.",Review demand-based rosters and add coverage during peak periods.
OUT0319,Franchise Outlet 0319,40,26.0,33.34,92.48,55.57,0,40,0,0,40,2026-04-01,55.36,Needs Improvement,Overstaffed,Needs Improvement,High,"Average staff performance is 55.6/100 with 92.5% attendance. The latest workforce schedule is overstaffed, and 40 of 40 months were classified as needing improvement.",Rebalance excess shift coverage and use coaching or role changes to improve staff productivity.
OUT0320,Franchise Outlet 0320,40,34.0,43.31,95.36,67.05,0,11,0,0,40,2026-04-01,67.69,Meets Expectations,Overstaffed,Meets Expectations,Medium,"Average staff performance is 67.1/100 with 95.4% attendance. The latest workforce schedule is overstaffed, and 11 of 40 months were classified as needing improvement.",Align staffing hours with demand and move spare capacity to busier periods.
OUT0321,Franchise Outlet 0321,40,15.0,48.95,93.98,65.93,0,20,0,0,40,2026-04-01,65.81,Needs Improvement,Overstaffed,Needs Improvement,High,"Average staff performance is 65.9/100 with 94.0% attendance. The latest workforce schedule is overstaffed, and 20 of 40 months were classified as needing improvement.",Rebalance excess shift coverage and use coaching or role changes to improve staff productivity.
OUT0322,Franchise Outlet 0322,40,23.0,57.53,95.23,73.84,0,0,8,0,32,2026-04-01,75.47,Meets Expectations,Overstaffed,Meets Expectations,Medium,"Average staff performance is 73.8/100 with 95.2% attendance. The latest workforce schedule is overstaffed, and 0 of 40 months were classified as needing improvement.",Align staffing hours with demand and move spare capacity to busier periods.
OUT0323,Franchise Outlet 0323,40,16.0,52.58,92.98,65.82,0,23,0,0,40,2026-04-01,67.81,Meets Expectations,Overstaffed,Needs Improvement,High,"Average staff performance is 65.8/100 with 93.0% attendance. The latest workforce schedule is overstaffed, and 23 of 40 months were classified as needing improvement.",Rebalance excess shift coverage and use coaching or role changes to improve staff productivity.
OUT0324,Franchise Outlet 0324,40,17.0,99.19,95.08,93.91,39,0,1,39,0,2026-04-01,97.49,Top Performer,Understaffed,Top Performer,Medium,"Average staff performance is 93.9/100 with 95.1% attendance. The latest workforce schedule is understaffed, and 0 of 40 months were classified as needing improvement.",Review demand-based rosters and add coverage during peak periods.
OUT0325,Franchise Outlet 0325,40,15.0,40.05,92.45,58.73,0,39,0,1,39,2026-04-01,57.78,Needs Improvement,Overstaffed,Needs Improvement,High,"Average staff performance is 58.7/100 with 92.5% attendance. The latest workforce schedule is overstaffed, and 39 of 40 months were classified as needing improvement.",Rebalance excess shift coverage and use coaching or role changes to improve staff productivity.
OUT0326,Franchise Outlet 0326,40,13.0,63.93,93.07,71.85,0,0,29,0,11,2026-04-01,71.75,Meets Expectations,Balanced,Meets Expectations,Low,"Average staff performance is 71.8/100 with 93.1% attendance. The latest workforce schedule is balanced, and 0 of 40 months were classified as needing improvement.",Maintain the current schedule and continue monitoring attendance and productivity.
OUT0327,Franchise Outlet 0327,40,17.0,100.0,93.9,91.83,30,0,0,40,0,2026-04-01,96.55,Top Performer,Understaffed,Top Performer,Medium,"Average staff performance is 91.8/100 with 93.9% attendance. The latest workforce schedule is understaffed, and 0 of 40 months were classified as needing improvement.",Review demand-based rosters and add coverage during peak periods.
OUT0328,Franchise Outlet 0328,40,26.0,59.49,93.22,70.16,0,1,9,0,31,2026-04-01,71.28,Meets Expectations,Balanced,Meets Expectations,Low,"Average staff performance is 70.2/100 with 93.2% attendance. The latest workforce schedule is balanced, and 1 of 40 months were classified as needing improvement.",Maintain the current schedule and continue monitoring attendance and productivity.
OUT0329,Franchise Outlet 0329,40,15.0,35.11,92.65,56.47,0,40,0,0,40,2026-04-01,60.0,Needs Improvement,Overstaffed,Needs Improvement,High,"Average staff performance is 56.5/100 with 92.7% attendance. The latest workforce schedule is overstaffed, and 40 of 40 months were classified as needing improvement.",Rebalance excess shift coverage and use coaching or role changes to improve staff productivity.
OUT0330,Franchise Outlet 0330,40,13.0,71.01,94.73,79.07,0,0,27,13,0,2026-04-01,81.68,Meets Expectations,Understaffed,Meets Expectations,Medium,"Average staff performance is 79.1/100 with 94.7% attendance. The latest workforce schedule is understaffed, and 0 of 40 months were classified as needing improvement.",Review demand-based rosters and add coverage during peak periods.
OUT0331,Franchise Outlet 0331,40,20.0,62.9,94.72,74.33,0,0,23,0,17,2026-04-01,74.9,Meets Expectations,Balanced,Meets Expectations,Low,"Average staff performance is 74.3/100 with 94.7% attendance. The latest workforce schedule is balanced, and 0 of 40 months were classified as needing improvement.",Maintain the current schedule and continue monitoring attendance and productivity.
OUT0332,Franchise Outlet 0332,40,17.0,100.0,95.18,93.91,40,0,0,40,0,2026-04-01,91.47,Top Performer,Understaffed,Top Performer,Medium,"Average staff performance is 93.9/100 with 95.2% attendance. The latest workforce schedule is understaffed, and 0 of 40 months were classified as needing improvement.",Review demand-based rosters and add coverage during peak periods.
OUT0333,Franchise Outlet 0333,40,15.0,55.77,92.54,67.19,0,11,1,0,39,2026-04-01,69.7,Meets Expectations,Overstaffed,Meets Expectations,Medium,"Average staff performance is 67.2/100 with 92.5% attendance. The latest workforce schedule is overstaffed, and 11 of 40 months were classified as needing improvement.",Align staffing hours with demand and move spare capacity to busier periods.
OUT0334,Franchise Outlet 0334,40,15.0,75.53,92.7,76.86,0,0,8,32,0,2026-04-01,73.86,Meets Expectations,Understaffed,Meets Expectations,Medium,"Average staff performance is 76.9/100 with 92.7% attendance. The latest workforce schedule is understaffed, and 0 of 40 months were classified as needing improvement.",Review demand-based rosters and add coverage during peak periods.
OUT0335,Franchise Outlet 0335,40,12.0,50.82,92.83,64.95,0,31,0,0,40,2026-04-01,65.36,Needs Improvement,Overstaffed,Needs Improvement,High,"Average staff performance is 64.9/100 with 92.8% attendance. The latest workforce schedule is overstaffed, and 31 of 40 months were classified as needing improvement.",Rebalance excess shift coverage and use coaching or role changes to improve staff productivity.
OUT0336,Franchise Outlet 0336,40,19.0,46.94,94.46,66.39,0,19,0,0,40,2026-04-01,69.25,Meets Expectations,Overstaffed,Meets Expectations,Medium,"Average staff performance is 66.4/100 with 94.5% attendance. The latest workforce schedule is overstaffed, and 19 of 40 months were classified as needing improvement.",Align staffing hours with demand and move spare capacity to busier periods.
OUT0337,Franchise Outlet 0337,40,15.0,45.73,92.38,61.52,0,38,0,1,39,2026-04-01,66.38,Meets Expectations,Overstaffed,Needs Improvement,High,"Average staff performance is 61.5/100 with 92.4% attendance. The latest workforce schedule is overstaffed, and 38 of 40 months were classified as needing improvement.",Rebalance excess shift coverage and use coaching or role changes to improve staff productivity.
OUT0338,Franchise Outlet 0338,40,20.0,66.98,94.15,75.47,0,0,31,3,6,2026-04-01,78.33,Meets Expectations,Balanced,Meets Expectations,Low,"Average staff performance is 75.5/100 with 94.2% attendance. The latest workforce schedule is balanced, and 0 of 40 months were classified as needing improvement.",Maintain the current schedule and continue monitoring attendance and productivity.
OUT0339,Franchise Outlet 0339,40,19.0,65.94,94.16,75.4,0,0,36,0,4,2026-04-01,80.98,Meets Expectations,Balanced,Meets Expectations,Low,"Average staff performance is 75.4/100 with 94.2% attendance. The latest workforce schedule is balanced, and 0 of 40 months were classified as needing improvement.",Maintain the current schedule and continue monitoring attendance and productivity.
OUT0340,Franchise Outlet 0340,40,10.0,100.0,95.01,94.18,40,0,0,40,0,2026-04-01,95.08,Top Performer,Understaffed,Top Performer,Medium,"Average staff performance is 94.2/100 with 95.0% attendance. The latest workforce schedule is understaffed, and 0 of 40 months were classified as needing improvement.",Review demand-based rosters and add coverage during peak periods.
OUT0341,Franchise Outlet 0341,40,16.0,78.33,94.86,82.34,0,0,4,36,0,2026-04-01,80.56,Meets Expectations,Understaffed,Meets Expectations,Medium,"Average staff performance is 82.3/100 with 94.9% attendance. The latest workforce schedule is understaffed, and 0 of 40 months were classified as needing improvement.",Review demand-based rosters and add coverage during peak periods.
OUT0342,Franchise Outlet 0342,40,13.0,99.93,93.56,91.28,25,0,0,40,0,2026-04-01,94.18,Top Performer,Understaffed,Top Performer,Medium,"Average staff performance is 91.3/100 with 93.6% attendance. The latest workforce schedule is understaffed, and 0 of 40 months were classified as needing improvement.",Review demand-based rosters and add coverage during peak periods.
OUT0343,Franchise Outlet 0343,40,17.0,47.4,93.72,65.01,0,30,0,0,40,2026-04-01,66.66,Meets Expectations,Overstaffed,Needs Improvement,High,"Average staff performance is 65.0/100 with 93.7% attendance. The latest workforce schedule is overstaffed, and 30 of 40 months were classified as needing improvement.",Rebalance excess shift coverage and use coaching or role changes to improve staff productivity.
OUT0344,Franchise Outlet 0344,40,21.0,33.88,92.56,55.37,0,40,0,0,40,2026-04-01,54.85,Needs Improvement,Overstaffed,Needs Improvement,High,"Average staff performance is 55.4/100 with 92.6% attendance. The latest workforce schedule is overstaffed, and 40 of 40 months were classified as needing improvement.",Rebalance excess shift coverage and use coaching or role changes to improve staff productivity.
OUT0345,Franchise Outlet 0345,40,24.0,48.49,93.95,65.91,0,26,0,0,40,2026-04-01,65.02,Needs Improvement,Overstaffed,Needs Improvement,High,"Average staff performance is 65.9/100 with 93.9% attendance. The latest workforce schedule is overstaffed, and 26 of 40 months were classified as needing improvement.",Rebalance excess shift coverage and use coaching or role changes to improve staff productivity.
OUT0346,Franchise Outlet 0346,40,15.0,100.0,93.99,91.73,26,0,0,40,0,2026-04-01,90.74,Meets Expectations,Understaffed,Top Performer,Medium,"Average staff performance is 91.7/100 with 94.0% attendance. The latest workforce schedule is understaffed, and 0 of 40 months were classified as needing improvement.",Review demand-based rosters and add coverage during peak periods.
OUT0347,Franchise Outlet 0347,40,14.0,79.65,93.31,79.91,0,0,1,39,0,2026-04-01,78.36,Meets Expectations,Understaffed,Meets Expectations,Medium,"Average staff performance is 79.9/100 with 93.3% attendance. The latest workforce schedule is understaffed, and 0 of 40 months were classified as needing improvement.",Review demand-based rosters and add coverage during peak periods.
OUT0348,Franchise Outlet 0348,40,27.0,64.2,94.05,73.64,0,0,28,0,12,2026-04-01,72.75,Meets Expectations,Balanced,Meets Expectations,Low,"Average staff performance is 73.6/100 with 94.0% attendance. The latest workforce schedule is balanced, and 0 of 40 months were classified as needing improvement.",Maintain the current schedule and continue monitoring attendance and productivity.
OUT0349,Franchise Outlet 0349,40,12.0,100.0,94.65,93.85,39,0,0,40,0,2026-04-01,94.02,Top Performer,Understaffed,Top Performer,Medium,"Average staff performance is 93.8/100 with 94.7% attendance. The latest workforce schedule is understaffed, and 0 of 40 months were classified as needing improvement.",Review demand-based rosters and add coverage during peak periods.
OUT0350,Franchise Outlet 0350,40,20.0,48.68,93.63,65.02,0,27,0,0,40,2026-04-01,68.32,Meets Expectations,Overstaffed,Needs Improvement,High,"Average staff performance is 65.0/100 with 93.6% attendance. The latest workforce schedule is overstaffed, and 27 of 40 months were classified as needing improvement.",Rebalance excess shift coverage and use coaching or role changes to improve staff productivity.
OUT0351,Franchise Outlet 0351,40,22.0,51.11,94.01,67.12,0,12,0,0,40,2026-04-01,68.12,Meets Expectations,Overstaffed,Meets Expectations,Medium,"Average staff performance is 67.1/100 with 94.0% attendance. The latest workforce schedule is overstaffed, and 12 of 40 months were classified as needing improvement.",Align staffing hours with demand and move spare capacity to busier periods.
OUT0352,Franchise Outlet 0352,40,16.0,35.84,94.16,59.9,0,40,0,0,40,2026-04-01,60.27,Needs Improvement,Overstaffed,Needs Improvement,High,"Average staff performance is 59.9/100 with 94.2% attendance. The latest workforce schedule is overstaffed, and 40 of 40 months were classified as needing improvement.",Rebalance excess shift coverage and use coaching or role changes to improve staff productivity.
OUT0353,Franchise Outlet 0353,40,11.0,53.89,94.0,68.88,0,7,1,0,39,2026-04-01,74.13,Meets Expectations,Overstaffed,Meets Expectations,Medium,"Average staff performance is 68.9/100 with 94.0% attendance. The latest workforce schedule is overstaffed, and 7 of 40 months were classified as needing improvement.",Align staffing hours with demand and move spare capacity to busier periods.
OUT0354,Franchise Outlet 0354,40,10.0,100.0,94.61,93.41,37,0,0,40,0,2026-04-01,93.15,Top Performer,Understaffed,Top Performer,Medium,"Average staff performance is 93.4/100 with 94.6% attendance. The latest workforce schedule is understaffed, and 0 of 40 months were classified as needing improvement.",Review demand-based rosters and add coverage during peak periods.
OUT0355,Franchise Outlet 0355,40,27.0,41.18,92.44,59.05,0,40,0,0,40,2026-04-01,58.21,Needs Improvement,Overstaffed,Needs Improvement,High,"Average staff performance is 59.0/100 with 92.4% attendance. The latest workforce schedule is overstaffed, and 40 of 40 months were classified as needing improvement.",Rebalance excess shift coverage and use coaching or role changes to improve staff productivity.
OUT0356,Franchise Outlet 0356,40,15.0,51.17,94.65,68.39,0,4,0,0,40,2026-04-01,66.06,Needs Improvement,Overstaffed,Meets Expectations,Medium,"Average staff performance is 68.4/100 with 94.7% attendance. The latest workforce schedule is overstaffed, and 4 of 40 months were classified as needing improvement.",Align staffing hours with demand and move spare capacity to busier periods.
OUT0357,Franchise Outlet 0357,40,24.0,34.46,92.74,56.39,0,40,0,0,40,2026-04-01,57.57,Needs Improvement,Overstaffed,Needs Improvement,High,"Average staff performance is 56.4/100 with 92.7% attendance. The latest workforce schedule is overstaffed, and 40 of 40 months were classified as needing improvement.",Rebalance excess shift coverage and use coaching or role changes to improve staff productivity.
OUT0358,Franchise Outlet 0358,40,24.0,63.55,93.66,72.07,0,1,24,0,16,2026-04-01,73.69,Meets Expectations,Balanced,Meets Expectations,Low,"Average staff performance is 72.1/100 with 93.7% attendance. The latest workforce schedule is balanced, and 1 of 40 months were classified as needing improvement.",Maintain the current schedule and continue monitoring attendance and productivity.
OUT0359,Franchise Outlet 0359,40,16.0,100.0,94.22,92.29,34,0,0,40,0,2026-04-01,92.03,Top Performer,Understaffed,Top Performer,Medium,"Average staff performance is 92.3/100 with 94.2% attendance. The latest workforce schedule is understaffed, and 0 of 40 months were classified as needing improvement.",Review demand-based rosters and add coverage during peak periods.
OUT0360,Franchise Outlet 0360,40,29.0,43.82,94.65,65.47,0,26,0,0,40,2026-04-01,65.24,Needs Improvement,Overstaffed,Needs Improvement,High,"Average staff performance is 65.5/100 with 94.7% attendance. The latest workforce schedule is overstaffed, and 26 of 40 months were classified as needing improvement.",Rebalance excess shift coverage and use coaching or role changes to improve staff productivity.
OUT0361,Franchise Outlet 0361,40,26.0,94.68,94.88,91.74,30,0,0,38,2,2026-04-01,95.04,Top Performer,Understaffed,Top Performer,Medium,"Average staff performance is 91.7/100 with 94.9% attendance. The latest workforce schedule is understaffed, and 0 of 40 months were classified as needing improvement.",Review demand-based rosters and add coverage during peak periods.
OUT0362,Franchise Outlet 0362,40,9.0,76.79,92.95,77.47,0,0,16,24,0,2026-04-01,78.4,Meets Expectations,Understaffed,Meets Expectations,Medium,"Average staff performance is 77.5/100 with 92.9% attendance. The latest workforce schedule is understaffed, and 0 of 40 months were classified as needing improvement.",Review demand-based rosters and add coverage during peak periods.
OUT0363,Franchise Outlet 0363,40,11.0,58.29,94.2,71.23,0,0,10,0,30,2026-04-01,74.7,Meets Expectations,Balanced,Meets Expectations,Low,"Average staff performance is 71.2/100 with 94.2% attendance. The latest workforce schedule is balanced, and 0 of 40 months were classified as needing improvement.",Maintain the current schedule and continue monitoring attendance and productivity.
OUT0364,Franchise Outlet 0364,40,18.0,54.64,92.75,66.37,0,18,0,0,40,2026-04-01,67.11,Meets Expectations,Overstaffed,Meets Expectations,Medium,"Average staff performance is 66.4/100 with 92.7% attendance. The latest workforce schedule is overstaffed, and 18 of 40 months were classified as needing improvement.",Align staffing hours with demand and move spare capacity to busier periods.
OUT0365,Franchise Outlet 0365,40,19.0,44.4,92.54,60.98,0,40,0,0,40,2026-04-01,60.42,Needs Improvement,Overstaffed,Needs Improvement,High,"Average staff performance is 61.0/100 with 92.5% attendance. The latest workforce schedule is overstaffed, and 40 of 40 months were classified as needing improvement.",Rebalance excess shift coverage and use coaching or role changes to improve staff productivity.
OUT0366,Franchise Outlet 0366,40,12.0,43.8,93.19,62.16,0,39,0,0,40,2026-04-01,60.4,Needs Improvement,Overstaffed,Needs Improvement,High,"Average staff performance is 62.2/100 with 93.2% attendance. The latest workforce schedule is overstaffed, and 39 of 40 months were classified as needing improvement.",Rebalance excess shift coverage and use coaching or role changes to improve staff productivity.
OUT0367,Franchise Outlet 0367,40,19.0,63.55,95.04,75.35,0,0,28,0,12,2026-04-01,78.42,Meets Expectations,Balanced,Meets Expectations,Low,"Average staff performance is 75.3/100 with 95.0% attendance. The latest workforce schedule is balanced, and 0 of 40 months were classified as needing improvement.",Maintain the current schedule and continue monitoring attendance and productivity.
OUT0368,Franchise Outlet 0368,40,24.0,34.69,92.3,55.71,0,40,0,0,40,2026-04-01,56.36,Needs Improvement,Overstaffed,Needs Improvement,High,"Average staff performance is 55.7/100 with 92.3% attendance. The latest workforce schedule is overstaffed, and 40 of 40 months were classified as needing improvement.",Rebalance excess shift coverage and use coaching or role changes to improve staff productivity.
OUT0369,Franchise Outlet 0369,40,19.0,70.56,94.99,79.05,0,0,29,10,1,2026-04-01,85.74,Meets Expectations,Understaffed,Meets Expectations,Medium,"Average staff performance is 79.1/100 with 95.0% attendance. The latest workforce schedule is understaffed, and 0 of 40 months were classified as needing improvement.",Review demand-based rosters and add coverage during peak periods.
OUT0370,Franchise Outlet 0370,40,16.0,99.26,95.36,94.0,36,0,0,40,0,2026-04-01,95.39,Top Performer,Understaffed,Top Performer,Medium,"Average staff performance is 94.0/100 with 95.4% attendance. The latest workforce schedule is understaffed, and 0 of 40 months were classified as needing improvement.",Review demand-based rosters and add coverage during peak periods.
OUT0371,Franchise Outlet 0371,40,17.0,57.68,95.31,73.78,0,0,7,0,33,2026-04-01,77.41,Meets Expectations,Balanced,Meets Expectations,Low,"Average staff performance is 73.8/100 with 95.3% attendance. The latest workforce schedule is balanced, and 0 of 40 months were classified as needing improvement.",Maintain the current schedule and continue monitoring attendance and productivity.
OUT0372,Franchise Outlet 0372,40,21.0,42.91,95.14,66.09,0,23,0,0,40,2026-04-01,64.89,Needs Improvement,Overstaffed,Needs Improvement,High,"Average staff performance is 66.1/100 with 95.1% attendance. The latest workforce schedule is overstaffed, and 23 of 40 months were classified as needing improvement.",Rebalance excess shift coverage and use coaching or role changes to improve staff productivity.
OUT0373,Franchise Outlet 0373,40,19.0,88.08,94.55,86.98,6,0,0,40,0,2026-04-01,89.11,Meets Expectations,Understaffed,Meets Expectations,Medium,"Average staff performance is 87.0/100 with 94.6% attendance. The latest workforce schedule is understaffed, and 0 of 40 months were classified as needing improvement.",Review demand-based rosters and add coverage during peak periods.
OUT0374,Franchise Outlet 0374,40,10.0,70.84,92.84,74.77,0,0,33,7,0,2026-04-01,73.4,Meets Expectations,Balanced,Meets Expectations,Low,"Average staff performance is 74.8/100 with 92.8% attendance. The latest workforce schedule is balanced, and 0 of 40 months were classified as needing improvement.",Maintain the current schedule and continue monitoring attendance and productivity.
OUT0375,Franchise Outlet 0375,40,13.0,100.0,93.87,91.9,31,0,0,40,0,2026-04-01,91.05,Top Performer,Understaffed,Top Performer,Medium,"Average staff performance is 91.9/100 with 93.9% attendance. The latest workforce schedule is understaffed, and 0 of 40 months were classified as needing improvement.",Review demand-based rosters and add coverage during peak periods.
OUT0376,Franchise Outlet 0376,40,21.0,70.65,93.54,76.28,0,0,29,11,0,2026-04-01,76.59,Meets Expectations,Balanced,Meets Expectations,Low,"Average staff performance is 76.3/100 with 93.5% attendance. The latest workforce schedule is balanced, and 0 of 40 months were classified as needing improvement.",Maintain the current schedule and continue monitoring attendance and productivity.
OUT0377,Franchise Outlet 0377,40,13.0,71.71,93.25,76.34,0,0,20,19,1,2026-04-01,80.78,Meets Expectations,Understaffed,Meets Expectations,Medium,"Average staff performance is 76.3/100 with 93.2% attendance. The latest workforce schedule is understaffed, and 0 of 40 months were classified as needing improvement.",Review demand-based rosters and add coverage during peak periods.
OUT0378,Franchise Outlet 0378,40,18.0,97.59,94.05,91.13,25,0,0,40,0,2026-04-01,94.17,Top Performer,Understaffed,Top Performer,Medium,"Average staff performance is 91.1/100 with 94.1% attendance. The latest workforce schedule is understaffed, and 0 of 40 months were classified as needing improvement.",Review demand-based rosters and add coverage during peak periods.
OUT0379,Franchise Outlet 0379,40,14.0,96.35,94.35,91.17,25,0,0,40,0,2026-04-01,92.22,Top Performer,Understaffed,Top Performer,Medium,"Average staff performance is 91.2/100 with 94.4% attendance. The latest workforce schedule is understaffed, and 0 of 40 months were classified as needing improvement.",Review demand-based rosters and add coverage during peak periods.
OUT0380,Franchise Outlet 0380,40,23.0,42.83,95.45,66.58,0,15,0,0,40,2026-04-01,67.61,Meets Expectations,Overstaffed,Meets Expectations,Medium,"Average staff performance is 66.6/100 with 95.5% attendance. The latest workforce schedule is overstaffed, and 15 of 40 months were classified as needing improvement.",Align staffing hours with demand and move spare capacity to busier periods.
OUT0381,Franchise Outlet 0381,40,17.0,100.0,95.62,95.31,40,0,0,40,0,2026-04-01,92.13,Top Performer,Understaffed,Top Performer,Medium,"Average staff performance is 95.3/100 with 95.6% attendance. The latest workforce schedule is understaffed, and 0 of 40 months were classified as needing improvement.",Review demand-based rosters and add coverage during peak periods.
OUT0382,Franchise Outlet 0382,40,22.0,80.0,94.08,82.01,0,0,7,33,0,2026-04-01,79.53,Meets Expectations,Understaffed,Meets Expectations,Medium,"Average staff performance is 82.0/100 with 94.1% attendance. The latest workforce schedule is understaffed, and 0 of 40 months were classified as needing improvement.",Review demand-based rosters and add coverage during peak periods.
OUT0383,Franchise Outlet 0383,40,18.0,49.18,93.95,66.46,0,17,0,0,40,2026-04-01,68.17,Meets Expectations,Overstaffed,Meets Expectations,Medium,"Average staff performance is 66.5/100 with 93.9% attendance. The latest workforce schedule is overstaffed, and 17 of 40 months were classified as needing improvement.",Align staffing hours with demand and move spare capacity to busier periods.
OUT0384,Franchise Outlet 0384,40,21.0,36.52,93.03,58.09,0,40,0,0,40,2026-04-01,56.74,Needs Improvement,Overstaffed,Needs Improvement,High,"Average staff performance is 58.1/100 with 93.0% attendance. The latest workforce schedule is overstaffed, and 40 of 40 months were classified as needing improvement.",Rebalance excess shift coverage and use coaching or role changes to improve staff productivity.
OUT0385,Franchise Outlet 0385,40,22.0,41.56,94.71,64.31,0,34,0,0,40,2026-04-01,61.18,Needs Improvement,Overstaffed,Needs Improvement,High,"Average staff performance is 64.3/100 with 94.7% attendance. The latest workforce schedule is overstaffed, and 34 of 40 months were classified as needing improvement.",Rebalance excess shift coverage and use coaching or role changes to improve staff productivity.
OUT0386,Franchise Outlet 0386,40,18.0,100.0,94.65,93.6,39,0,0,40,0,2026-04-01,94.71,Top Performer,Understaffed,Top Performer,Medium,"Average staff performance is 93.6/100 with 94.7% attendance. The latest workforce schedule is understaffed, and 0 of 40 months were classified as needing improvement.",Review demand-based rosters and add coverage during peak periods.
OUT0387,Franchise Outlet 0387,40,23.0,40.17,92.48,58.81,0,40,0,0,40,2026-04-01,60.45,Needs Improvement,Overstaffed,Needs Improvement,High,"Average staff performance is 58.8/100 with 92.5% attendance. The latest workforce schedule is overstaffed, and 40 of 40 months were classified as needing improvement.",Rebalance excess shift coverage and use coaching or role changes to improve staff productivity.
OUT0388,Franchise Outlet 0388,40,12.0,96.29,92.84,87.41,7,0,0,40,0,2026-04-01,89.43,Meets Expectations,Understaffed,Meets Expectations,Medium,"Average staff performance is 87.4/100 with 92.8% attendance. The latest workforce schedule is understaffed, and 0 of 40 months were classified as needing improvement.",Review demand-based rosters and add coverage during peak periods.
OUT0389,Franchise Outlet 0389,40,13.0,46.26,93.61,64.21,0,36,0,0,40,2026-04-01,63.96,Needs Improvement,Overstaffed,Needs Improvement,High,"Average staff performance is 64.2/100 with 93.6% attendance. The latest workforce schedule is overstaffed, and 36 of 40 months were classified as needing improvement.",Rebalance excess shift coverage and use coaching or role changes to improve staff productivity.
OUT0390,Franchise Outlet 0390,40,21.0,86.95,94.76,87.18,5,0,0,40,0,2026-04-01,93.36,Top Performer,Understaffed,Meets Expectations,Medium,"Average staff performance is 87.2/100 with 94.8% attendance. The latest workforce schedule is understaffed, and 0 of 40 months were classified as needing improvement.",Review demand-based rosters and add coverage during peak periods.
OUT0391,Franchise Outlet 0391,40,4.0,96.41,92.71,86.96,0,0,0,40,0,2026-04-01,89.74,Meets Expectations,Understaffed,Meets Expectations,Medium,"Average staff performance is 87.0/100 with 92.7% attendance. The latest workforce schedule is understaffed, and 0 of 40 months were classified as needing improvement.",Review demand-based rosters and add coverage during peak periods.
OUT0392,Franchise Outlet 0392,40,9.0,63.44,92.87,71.09,0,0,35,0,5,2026-04-01,73.0,Meets Expectations,Balanced,Meets Expectations,Low,"Average staff performance is 71.1/100 with 92.9% attendance. The latest workforce schedule is balanced, and 0 of 40 months were classified as needing improvement.",Maintain the current schedule and continue monitoring attendance and productivity.
OUT0393,Franchise Outlet 0393,40,7.0,99.31,93.26,90.06,16,0,0,40,0,2026-04-01,90.91,Meets Expectations,Understaffed,Meets Expectations,Medium,"Average staff performance is 90.1/100 with 93.3% attendance. The latest workforce schedule is understaffed, and 0 of 40 months were classified as needing improvement.",Review demand-based rosters and add coverage during peak periods.
OUT0394,Franchise Outlet 0394,40,10.0,85.94,93.58,83.01,2,0,1,39,0,2026-04-01,83.46,Meets Expectations,Understaffed,Meets Expectations,Medium,"Average staff performance is 83.0/100 with 93.6% attendance. The latest workforce schedule is understaffed, and 0 of 40 months were classified as needing improvement.",Review demand-based rosters and add coverage during peak periods.
OUT0395,Franchise Outlet 0395,40,15.0,99.08,94.6,93.02,37,0,0,40,0,2026-04-01,92.67,Top Performer,Understaffed,Top Performer,Medium,"Average staff performance is 93.0/100 with 94.6% attendance. The latest workforce schedule is understaffed, and 0 of 40 months were classified as needing improvement.",Review demand-based rosters and add coverage during peak periods.
OUT0396,Franchise Outlet 0396,40,16.0,83.18,92.93,80.82,0,0,0,40,0,2026-04-01,82.9,Meets Expectations,Understaffed,Meets Expectations,Medium,"Average staff performance is 80.8/100 with 92.9% attendance. The latest workforce schedule is understaffed, and 0 of 40 months were classified as needing improvement.",Review demand-based rosters and add coverage during peak periods.
OUT0397,Franchise Outlet 0397,40,15.0,65.97,92.67,71.72,0,1,24,4,12,2026-04-01,74.12,Meets Expectations,Balanced,Meets Expectations,Low,"Average staff performance is 71.7/100 with 92.7% attendance. The latest workforce schedule is balanced, and 1 of 40 months were classified as needing improvement.",Maintain the current schedule and continue monitoring attendance and productivity.
OUT0398,Franchise Outlet 0398,40,18.0,74.08,95.51,81.98,0,0,21,19,0,2026-04-01,84.93,Meets Expectations,Understaffed,Meets Expectations,Medium,"Average staff performance is 82.0/100 with 95.5% attendance. The latest workforce schedule is understaffed, and 0 of 40 months were classified as needing improvement.",Review demand-based rosters and add coverage during peak periods.
OUT0399,Franchise Outlet 0399,40,19.0,39.46,92.73,58.52,0,40,0,0,40,2026-04-01,57.74,Needs Improvement,Overstaffed,Needs Improvement,High,"Average staff performance is 58.5/100 with 92.7% attendance. The latest workforce schedule is overstaffed, and 40 of 40 months were classified as needing improvement.",Rebalance excess shift coverage and use coaching or role changes to improve staff productivity.
OUT0400,Franchise Outlet 0400,40,15.0,48.77,94.2,66.95,0,16,0,0,40,2026-04-01,69.4,Meets Expectations,Overstaffed,Meets Expectations,Medium,"Average staff performance is 67.0/100 with 94.2% attendance. The latest workforce schedule is overstaffed, and 16 of 40 months were classified as needing improvement.",Align staffing hours with demand and move spare capacity to busier periods.
OUT0401,Franchise Outlet 0401,40,16.0,94.11,95.06,91.45,23,0,1,39,0,2026-04-01,90.87,Meets Expectations,Understaffed,Top Performer,Medium,"Average staff performance is 91.4/100 with 95.1% attendance. The latest workforce schedule is understaffed, and 0 of 40 months were classified as needing improvement.",Review demand-based rosters and add coverage during peak periods.
OUT0402,Franchise Outlet 0402,40,16.0,59.28,93.85,70.86,0,0,16,0,24,2026-04-01,75.27,Meets Expectations,Balanced,Meets Expectations,Low,"Average staff performance is 70.9/100 with 93.8% attendance. The latest workforce schedule is balanced, and 0 of 40 months were classified as needing improvement.",Maintain the current schedule and continue monitoring attendance and productivity.
OUT0403,Franchise Outlet 0403,40,17.0,53.76,93.16,66.22,0,20,0,0,40,2026-04-01,67.69,Meets Expectations,Overstaffed,Meets Expectations,Medium,"Average staff performance is 66.2/100 with 93.2% attendance. The latest workforce schedule is overstaffed, and 20 of 40 months were classified as needing improvement.",Align staffing hours with demand and move spare capacity to busier periods.
OUT0404,Franchise Outlet 0404,40,28.0,29.57,92.68,53.61,0,40,0,0,40,2026-04-01,52.65,Needs Improvement,Overstaffed,Needs Improvement,High,"Average staff performance is 53.6/100 with 92.7% attendance. The latest workforce schedule is overstaffed, and 40 of 40 months were classified as needing improvement.",Rebalance excess shift coverage and use coaching or role changes to improve staff productivity.
OUT0405,Franchise Outlet 0405,40,21.0,41.84,93.02,60.76,0,40,0,0,40,2026-04-01,63.42,Needs Improvement,Overstaffed,Needs Improvement,High,"Average staff performance is 60.8/100 with 93.0% attendance. The latest workforce schedule is overstaffed, and 40 of 40 months were classified as needing improvement.",Rebalance excess shift coverage and use coaching or role changes to improve staff productivity.
OUT0406,Franchise Outlet 0406,40,18.0,96.55,95.42,93.35,34,0,1,39,0,2026-04-01,95.89,Top Performer,Understaffed,Top Performer,Medium,"Average staff performance is 93.3/100 with 95.4% attendance. The latest workforce schedule is understaffed, and 0 of 40 months were classified as needing improvement.",Review demand-based rosters and add coverage during peak periods.
OUT0407,Franchise Outlet 0407,40,20.0,53.45,94.55,70.04,0,2,0,0,40,2026-04-01,68.38,Meets Expectations,Overstaffed,Meets Expectations,Medium,"Average staff performance is 70.0/100 with 94.6% attendance. The latest workforce schedule is overstaffed, and 2 of 40 months were classified as needing improvement.",Align staffing hours with demand and move spare capacity to busier periods.
OUT0408,Franchise Outlet 0408,40,20.0,48.4,92.27,62.84,0,36,0,0,40,2026-04-01,62.16,Needs Improvement,Overstaffed,Needs Improvement,High,"Average staff performance is 62.8/100 with 92.3% attendance. The latest workforce schedule is overstaffed, and 36 of 40 months were classified as needing improvement.",Rebalance excess shift coverage and use coaching or role changes to improve staff productivity.
OUT0409,Franchise Outlet 0409,40,20.0,34.8,93.54,58.24,0,40,0,0,40,2026-04-01,57.5,Needs Improvement,Overstaffed,Needs Improvement,High,"Average staff performance is 58.2/100 with 93.5% attendance. The latest workforce schedule is overstaffed, and 40 of 40 months were classified as needing improvement.",Rebalance excess shift coverage and use coaching or role changes to improve staff productivity.
OUT0410,Franchise Outlet 0410,40,13.0,67.97,93.21,74.24,0,0,31,6,3,2026-04-01,72.03,Meets Expectations,Balanced,Meets Expectations,Low,"Average staff performance is 74.2/100 with 93.2% attendance. The latest workforce schedule is balanced, and 0 of 40 months were classified as needing improvement.",Maintain the current schedule and continue monitoring attendance and productivity.
OUT0411,Franchise Outlet 0411,40,22.0,53.82,95.18,71.1,0,0,0,0,40,2026-04-01,72.28,Meets Expectations,Overstaffed,Meets Expectations,Medium,"Average staff performance is 71.1/100 with 95.2% attendance. The latest workforce schedule is overstaffed, and 0 of 40 months were classified as needing improvement.",Align staffing hours with demand and move spare capacity to busier periods.
OUT0412,Franchise Outlet 0412,40,8.0,100.0,94.42,93.02,35,0,0,40,0,2026-04-01,92.45,Top Performer,Understaffed,Top Performer,Medium,"Average staff performance is 93.0/100 with 94.4% attendance. The latest workforce schedule is understaffed, and 0 of 40 months were classified as needing improvement.",Review demand-based rosters and add coverage during peak periods.
OUT0413,Franchise Outlet 0413,40,24.0,80.15,95.1,84.57,1,0,1,39,0,2026-04-01,87.07,Meets Expectations,Understaffed,Meets Expectations,Medium,"Average staff performance is 84.6/100 with 95.1% attendance. The latest workforce schedule is understaffed, and 0 of 40 months were classified as needing improvement.",Review demand-based rosters and add coverage during peak periods.
OUT0414,Franchise Outlet 0414,40,28.0,47.55,92.9,63.44,0,36,0,0,40,2026-04-01,68.72,Meets Expectations,Overstaffed,Needs Improvement,High,"Average staff performance is 63.4/100 with 92.9% attendance. The latest workforce schedule is overstaffed, and 36 of 40 months were classified as needing improvement.",Rebalance excess shift coverage and use coaching or role changes to improve staff productivity.
OUT0415,Franchise Outlet 0415,40,16.0,58.19,93.44,69.4,0,5,11,0,29,2026-04-01,67.48,Meets Expectations,Overstaffed,Meets Expectations,Medium,"Average staff performance is 69.4/100 with 93.4% attendance. The latest workforce schedule is overstaffed, and 5 of 40 months were classified as needing improvement.",Align staffing hours with demand and move spare capacity to busier periods.
OUT0416,Franchise Outlet 0416,40,8.0,97.9,93.36,89.72,11,0,0,40,0,2026-04-01,89.72,Meets Expectations,Understaffed,Meets Expectations,Medium,"Average staff performance is 89.7/100 with 93.4% attendance. The latest workforce schedule is understaffed, and 0 of 40 months were classified as needing improvement.",Review demand-based rosters and add coverage during peak periods.
OUT0417,Franchise Outlet 0417,40,25.0,39.67,93.55,60.6,0,40,0,0,40,2026-04-01,60.05,Needs Improvement,Overstaffed,Needs Improvement,High,"Average staff performance is 60.6/100 with 93.5% attendance. The latest workforce schedule is overstaffed, and 40 of 40 months were classified as needing improvement.",Rebalance excess shift coverage and use coaching or role changes to improve staff productivity.
OUT0418,Franchise Outlet 0418,40,14.0,69.78,94.12,77.11,0,0,27,11,2,2026-04-01,77.28,Meets Expectations,Balanced,Meets Expectations,Low,"Average staff performance is 77.1/100 with 94.1% attendance. The latest workforce schedule is balanced, and 0 of 40 months were classified as needing improvement.",Maintain the current schedule and continue monitoring attendance and productivity.
OUT0419,Franchise Outlet 0419,40,18.0,97.38,95.45,93.92,36,0,0,40,0,2026-04-01,96.32,Top Performer,Understaffed,Top Performer,Medium,"Average staff performance is 93.9/100 with 95.5% attendance. The latest workforce schedule is understaffed, and 0 of 40 months were classified as needing improvement.",Review demand-based rosters and add coverage during peak periods.
OUT0420,Franchise Outlet 0420,40,21.0,67.78,94.94,77.88,0,0,31,4,5,2026-04-01,80.9,Meets Expectations,Balanced,Meets Expectations,Low,"Average staff performance is 77.9/100 with 94.9% attendance. The latest workforce schedule is balanced, and 0 of 40 months were classified as needing improvement.",Maintain the current schedule and continue monitoring attendance and productivity.
OUT0421,Franchise Outlet 0421,40,18.0,39.33,93.57,60.48,0,40,0,0,40,2026-04-01,60.15,Needs Improvement,Overstaffed,Needs Improvement,High,"Average staff performance is 60.5/100 with 93.6% attendance. The latest workforce schedule is overstaffed, and 40 of 40 months were classified as needing improvement.",Rebalance excess shift coverage and use coaching or role changes to improve staff productivity.
OUT0422,Franchise Outlet 0422,40,13.0,99.53,95.29,94.54,39,0,0,40,0,2026-04-01,92.33,Top Performer,Understaffed,Top Performer,Medium,"Average staff performance is 94.5/100 with 95.3% attendance. The latest workforce schedule is understaffed, and 0 of 40 months were classified as needing improvement.",Review demand-based rosters and add coverage during peak periods.
OUT0423,Franchise Outlet 0423,40,8.0,100.0,94.51,92.92,36,0,0,40,0,2026-04-01,91.6,Top Performer,Understaffed,Top Performer,Medium,"Average staff performance is 92.9/100 with 94.5% attendance. The latest workforce schedule is understaffed, and 0 of 40 months were classified as needing improvement.",Review demand-based rosters and add coverage during peak periods.
OUT0424,Franchise Outlet 0424,40,28.0,36.39,93.84,59.57,0,40,0,0,40,2026-04-01,60.29,Needs Improvement,Overstaffed,Needs Improvement,High,"Average staff performance is 59.6/100 with 93.8% attendance. The latest workforce schedule is overstaffed, and 40 of 40 months were classified as needing improvement.",Rebalance excess shift coverage and use coaching or role changes to improve staff productivity.
OUT0425,Franchise Outlet 0425,40,13.0,35.09,92.64,56.57,0,40,0,0,40,2026-04-01,55.78,Needs Improvement,Overstaffed,Needs Improvement,High,"Average staff performance is 56.6/100 with 92.6% attendance. The latest workforce schedule is overstaffed, and 40 of 40 months were classified as needing improvement.",Rebalance excess shift coverage and use coaching or role changes to improve staff productivity.
OUT0426,Franchise Outlet 0426,40,12.0,94.28,94.25,89.5,18,0,0,40,0,2026-04-01,92.31,Top Performer,Understaffed,Meets Expectations,Medium,"Average staff performance is 89.5/100 with 94.2% attendance. The latest workforce schedule is understaffed, and 0 of 40 months were classified as needing improvement.",Review demand-based rosters and add coverage during peak periods.
OUT0427,Franchise Outlet 0427,40,15.0,44.77,94.8,66.02,0,25,0,0,40,2026-04-01,65.03,Needs Improvement,Overstaffed,Needs Improvement,High,"Average staff performance is 66.0/100 with 94.8% attendance. The latest workforce schedule is overstaffed, and 25 of 40 months were classified as needing improvement.",Rebalance excess shift coverage and use coaching or role changes to improve staff productivity.
OUT0428,Franchise Outlet 0428,40,12.0,98.07,94.14,90.92,23,0,0,40,0,2026-04-01,91.46,Top Performer,Understaffed,Meets Expectations,Medium,"Average staff performance is 90.9/100 with 94.1% attendance. The latest workforce schedule is understaffed, and 0 of 40 months were classified as needing improvement.",Review demand-based rosters and add coverage during peak periods.
OUT0429,Franchise Outlet 0429,40,23.0,49.82,94.29,67.52,0,10,0,0,40,2026-04-01,69.42,Meets Expectations,Overstaffed,Meets Expectations,Medium,"Average staff performance is 67.5/100 with 94.3% attendance. The latest workforce schedule is overstaffed, and 10 of 40 months were classified as needing improvement.",Align staffing hours with demand and move spare capacity to busier periods.
OUT0430,Franchise Outlet 0430,40,18.0,50.58,93.39,65.92,0,23,1,0,39,2026-04-01,66.6,Meets Expectations,Overstaffed,Needs Improvement,High,"Average staff performance is 65.9/100 with 93.4% attendance. The latest workforce schedule is overstaffed, and 23 of 40 months were classified as needing improvement.",Rebalance excess shift coverage and use coaching or role changes to improve staff productivity.
OUT0431,Franchise Outlet 0431,40,11.0,89.14,93.55,84.67,1,0,0,40,0,2026-04-01,89.02,Meets Expectations,Understaffed,Meets Expectations,Medium,"Average staff performance is 84.7/100 with 93.6% attendance. The latest workforce schedule is understaffed, and 0 of 40 months were classified as needing improvement.",Review demand-based rosters and add coverage during peak periods.
OUT0432,Franchise Outlet 0432,40,15.0,49.13,93.36,64.9,0,29,0,0,40,2026-04-01,67.9,Meets Expectations,Overstaffed,Needs Improvement,High,"Average staff performance is 64.9/100 with 93.4% attendance. The latest workforce schedule is overstaffed, and 29 of 40 months were classified as needing improvement.",Rebalance excess shift coverage and use coaching or role changes to improve staff productivity.
OUT0433,Franchise Outlet 0433,40,17.0,99.19,94.95,93.87,38,0,1,39,0,2026-04-01,94.03,Top Performer,Understaffed,Top Performer,Medium,"Average staff performance is 93.9/100 with 94.9% attendance. The latest workforce schedule is understaffed, and 0 of 40 months were classified as needing improvement.",Review demand-based rosters and add coverage during peak periods.
OUT0434,Franchise Outlet 0434,40,10.0,93.17,94.41,89.45,16,0,0,40,0,2026-04-01,95.77,Top Performer,Understaffed,Meets Expectations,Medium,"Average staff performance is 89.5/100 with 94.4% attendance. The latest workforce schedule is understaffed, and 0 of 40 months were classified as needing improvement.",Review demand-based rosters and add coverage during peak periods.
OUT0435,Franchise Outlet 0435,40,27.0,70.97,95.18,80.2,0,0,23,15,2,2026-04-01,80.53,Meets Expectations,Balanced,Meets Expectations,Low,"Average staff performance is 80.2/100 with 95.2% attendance. The latest workforce schedule is balanced, and 0 of 40 months were classified as needing improvement.",Maintain the current schedule and continue monitoring attendance and productivity.
OUT0436,Franchise Outlet 0436,40,24.0,53.56,92.48,65.53,0,22,0,0,40,2026-04-01,62.46,Needs Improvement,Overstaffed,Needs Improvement,High,"Average staff performance is 65.5/100 with 92.5% attendance. The latest workforce schedule is overstaffed, and 22 of 40 months were classified as needing improvement.",Rebalance excess shift coverage and use coaching or role changes to improve staff productivity.
OUT0437,Franchise Outlet 0437,40,22.0,73.78,93.47,77.48,0,0,18,21,1,2026-04-01,78.05,Meets Expectations,Understaffed,Meets Expectations,Medium,"Average staff performance is 77.5/100 with 93.5% attendance. The latest workforce schedule is understaffed, and 0 of 40 months were classified as needing improvement.",Review demand-based rosters and add coverage during peak periods.
OUT0438,Franchise Outlet 0438,40,21.0,51.52,94.35,68.39,0,5,0,0,40,2026-04-01,70.16,Meets Expectations,Overstaffed,Meets Expectations,Medium,"Average staff performance is 68.4/100 with 94.4% attendance. The latest workforce schedule is overstaffed, and 5 of 40 months were classified as needing improvement.",Align staffing hours with demand and move spare capacity to busier periods.
OUT0439,Franchise Outlet 0439,40,17.0,66.13,93.46,73.33,0,0,30,7,3,2026-04-01,72.92,Meets Expectations,Balanced,Meets Expectations,Low,"Average staff performance is 73.3/100 with 93.5% attendance. The latest workforce schedule is balanced, and 0 of 40 months were classified as needing improvement.",Maintain the current schedule and continue monitoring attendance and productivity.
OUT0440,Franchise Outlet 0440,40,20.0,40.46,93.09,60.19,0,40,0,0,40,2026-04-01,60.56,Needs Improvement,Overstaffed,Needs Improvement,High,"Average staff performance is 60.2/100 with 93.1% attendance. The latest workforce schedule is overstaffed, and 40 of 40 months were classified as needing improvement.",Rebalance excess shift coverage and use coaching or role changes to improve staff productivity.
OUT0441,Franchise Outlet 0441,40,15.0,99.27,94.95,93.9,38,0,0,40,0,2026-04-01,94.75,Top Performer,Understaffed,Top Performer,Medium,"Average staff performance is 93.9/100 with 95.0% attendance. The latest workforce schedule is understaffed, and 0 of 40 months were classified as needing improvement.",Review demand-based rosters and add coverage during peak periods.
OUT0442,Franchise Outlet 0442,40,17.0,46.02,92.68,61.68,0,40,0,0,40,2026-04-01,63.89,Needs Improvement,Overstaffed,Needs Improvement,High,"Average staff performance is 61.7/100 with 92.7% attendance. The latest workforce schedule is overstaffed, and 40 of 40 months were classified as needing improvement.",Rebalance excess shift coverage and use coaching or role changes to improve staff productivity.
OUT0443,Franchise Outlet 0443,40,26.0,41.31,92.52,59.45,0,40,0,0,40,2026-04-01,60.39,Needs Improvement,Overstaffed,Needs Improvement,High,"Average staff performance is 59.4/100 with 92.5% attendance. The latest workforce schedule is overstaffed, and 40 of 40 months were classified as needing improvement.",Rebalance excess shift coverage and use coaching or role changes to improve staff productivity.
OUT0444,Franchise Outlet 0444,40,19.0,43.16,92.33,60.2,0,40,0,0,40,2026-04-01,61.66,Needs Improvement,Overstaffed,Needs Improvement,High,"Average staff performance is 60.2/100 with 92.3% attendance. The latest workforce schedule is overstaffed, and 40 of 40 months were classified as needing improvement.",Rebalance excess shift coverage and use coaching or role changes to improve staff productivity.
OUT0445,Franchise Outlet 0445,40,22.0,100.0,95.5,94.85,40,0,0,40,0,2026-04-01,93.94,Top Performer,Understaffed,Top Performer,Medium,"Average staff performance is 94.9/100 with 95.5% attendance. The latest workforce schedule is understaffed, and 0 of 40 months were classified as needing improvement.",Review demand-based rosters and add coverage during peak periods.
OUT0446,Franchise Outlet 0446,40,17.0,52.64,95.48,71.47,0,0,0,0,40,2026-04-01,70.92,Meets Expectations,Overstaffed,Meets Expectations,Medium,"Average staff performance is 71.5/100 with 95.5% attendance. The latest workforce schedule is overstaffed, and 0 of 40 months were classified as needing improvement.",Align staffing hours with demand and move spare capacity to busier periods.
OUT0447,Franchise Outlet 0447,40,17.0,73.56,93.99,78.58,0,0,15,25,0,2026-04-01,79.31,Meets Expectations,Understaffed,Meets Expectations,Medium,"Average staff performance is 78.6/100 with 94.0% attendance. The latest workforce schedule is understaffed, and 0 of 40 months were classified as needing improvement.",Review demand-based rosters and add coverage during peak periods.
OUT0448,Franchise Outlet 0448,40,14.0,59.86,92.6,69.13,0,4,7,0,33,2026-04-01,68.02,Meets Expectations,Overstaffed,Meets Expectations,Medium,"Average staff performance is 69.1/100 with 92.6% attendance. The latest workforce schedule is overstaffed, and 4 of 40 months were classified as needing improvement.",Align staffing hours with demand and move spare capacity to busier periods.
OUT0449,Franchise Outlet 0449,40,24.0,28.99,93.13,54.39,0,40,0,0,40,2026-04-01,55.39,Needs Improvement,Overstaffed,Needs Improvement,High,"Average staff performance is 54.4/100 with 93.1% attendance. The latest workforce schedule is overstaffed, and 40 of 40 months were classified as needing improvement.",Rebalance excess shift coverage and use coaching or role changes to improve staff productivity.
OUT0450,Franchise Outlet 0450,40,20.0,53.93,93.49,67.43,0,12,0,0,40,2026-04-01,71.07,Meets Expectations,Overstaffed,Meets Expectations,Medium,"Average staff performance is 67.4/100 with 93.5% attendance. The latest workforce schedule is overstaffed, and 12 of 40 months were classified as needing improvement.",Align staffing hours with demand and move spare capacity to busier periods.
OUT0451,Franchise Outlet 0451,40,15.0,94.04,93.44,87.84,6,0,0,40,0,2026-04-01,89.6,Meets Expectations,Understaffed,Meets Expectations,Medium,"Average staff performance is 87.8/100 with 93.4% attendance. The latest workforce schedule is understaffed, and 0 of 40 months were classified as needing improvement.",Review demand-based rosters and add coverage during peak periods.
OUT0452,Franchise Outlet 0452,40,13.0,61.75,92.64,69.91,0,3,21,0,19,2026-04-01,72.11,Meets Expectations,Overstaffed,Meets Expectations,Medium,"Average staff performance is 69.9/100 with 92.6% attendance. The latest workforce schedule is overstaffed, and 3 of 40 months were classified as needing improvement.",Align staffing hours with demand and move spare capacity to busier periods.
OUT0453,Franchise Outlet 0453,40,26.0,32.28,94.7,59.72,0,40,0,0,40,2026-04-01,60.4,Needs Improvement,Overstaffed,Needs Improvement,High,"Average staff performance is 59.7/100 with 94.7% attendance. The latest workforce schedule is overstaffed, and 40 of 40 months were classified as needing improvement.",Rebalance excess shift coverage and use coaching or role changes to improve staff productivity.
OUT0454,Franchise Outlet 0454,40,11.0,99.8,95.1,94.66,40,0,0,40,0,2026-04-01,95.05,Top Performer,Understaffed,Top Performer,Medium,"Average staff performance is 94.7/100 with 95.1% attendance. The latest workforce schedule is understaffed, and 0 of 40 months were classified as needing improvement.",Review demand-based rosters and add coverage during peak periods.
OUT0455,Franchise Outlet 0455,40,14.0,57.36,95.54,73.27,0,0,0,0,40,2026-04-01,75.93,Meets Expectations,Overstaffed,Meets Expectations,Medium,"Average staff performance is 73.3/100 with 95.5% attendance. The latest workforce schedule is overstaffed, and 0 of 40 months were classified as needing improvement.",Align staffing hours with demand and move spare capacity to busier periods.
OUT0456,Franchise Outlet 0456,40,17.0,99.99,94.83,93.84,38,0,0,40,0,2026-04-01,94.12,Top Performer,Understaffed,Top Performer,Medium,"Average staff performance is 93.8/100 with 94.8% attendance. The latest workforce schedule is understaffed, and 0 of 40 months were classified as needing improvement.",Review demand-based rosters and add coverage during peak periods.
OUT0457,Franchise Outlet 0457,40,19.0,100.0,94.89,93.77,38,0,0,40,0,2026-04-01,91.99,Top Performer,Understaffed,Top Performer,Medium,"Average staff performance is 93.8/100 with 94.9% attendance. The latest workforce schedule is understaffed, and 0 of 40 months were classified as needing improvement.",Review demand-based rosters and add coverage during peak periods.
OUT0458,Franchise Outlet 0458,40,22.0,53.35,95.54,72.05,0,0,0,0,40,2026-04-01,73.73,Meets Expectations,Overstaffed,Meets Expectations,Medium,"Average staff performance is 72.0/100 with 95.5% attendance. The latest workforce schedule is overstaffed, and 0 of 40 months were classified as needing improvement.",Align staffing hours with demand and move spare capacity to busier periods.
OUT0459,Franchise Outlet 0459,40,23.0,83.1,93.88,82.71,2,0,0,40,0,2026-04-01,86.86,Meets Expectations,Understaffed,Meets Expectations,Medium,"Average staff performance is 82.7/100 with 93.9% attendance. The latest workforce schedule is understaffed, and 0 of 40 months were classified as needing improvement.",Review demand-based rosters and add coverage during peak periods.
OUT0460,Franchise Outlet 0460,40,18.0,30.64,92.99,55.06,0,40,0,0,40,2026-04-01,57.24,Needs Improvement,Overstaffed,Needs Improvement,High,"Average staff performance is 55.1/100 with 93.0% attendance. The latest workforce schedule is overstaffed, and 40 of 40 months were classified as needing improvement.",Rebalance excess shift coverage and use coaching or role changes to improve staff productivity.
OUT0461,Franchise Outlet 0461,40,15.0,49.57,92.62,63.45,0,39,0,0,40,2026-04-01,63.36,Needs Improvement,Overstaffed,Needs Improvement,High,"Average staff performance is 63.4/100 with 92.6% attendance. The latest workforce schedule is overstaffed, and 39 of 40 months were classified as needing improvement.",Rebalance excess shift coverage and use coaching or role changes to improve staff productivity.
OUT0462,Franchise Outlet 0462,40,20.0,45.62,93.29,62.89,0,38,0,0,40,2026-04-01,62.53,Needs Improvement,Overstaffed,Needs Improvement,High,"Average staff performance is 62.9/100 with 93.3% attendance. The latest workforce schedule is overstaffed, and 38 of 40 months were classified as needing improvement.",Rebalance excess shift coverage and use coaching or role changes to improve staff productivity.
OUT0463,Franchise Outlet 0463,40,27.0,94.09,94.8,90.4,21,0,0,39,1,2026-04-01,91.31,Top Performer,Understaffed,Meets Expectations,Medium,"Average staff performance is 90.4/100 with 94.8% attendance. The latest workforce schedule is understaffed, and 0 of 40 months were classified as needing improvement.",Review demand-based rosters and add coverage during peak periods.
OUT0464,Franchise Outlet 0464,40,24.0,42.13,94.7,64.35,0,31,0,0,40,2026-04-01,65.81,Needs Improvement,Overstaffed,Needs Improvement,High,"Average staff performance is 64.3/100 with 94.7% attendance. The latest workforce schedule is overstaffed, and 31 of 40 months were classified as needing improvement.",Rebalance excess shift coverage and use coaching or role changes to improve staff productivity.
OUT0465,Franchise Outlet 0465,40,24.0,53.23,93.61,67.34,0,7,0,0,40,2026-04-01,66.4,Meets Expectations,Overstaffed,Meets Expectations,Medium,"Average staff performance is 67.3/100 with 93.6% attendance. The latest workforce schedule is overstaffed, and 7 of 40 months were classified as needing improvement.",Align staffing hours with demand and move spare capacity to busier periods.
OUT0466,Franchise Outlet 0466,40,16.0,50.54,93.23,65.24,0,27,0,0,40,2026-04-01,65.43,Needs Improvement,Overstaffed,Needs Improvement,High,"Average staff performance is 65.2/100 with 93.2% attendance. The latest workforce schedule is overstaffed, and 27 of 40 months were classified as needing improvement.",Rebalance excess shift coverage and use coaching or role changes to improve staff productivity.
OUT0467,Franchise Outlet 0467,40,11.0,100.0,95.26,94.38,39,0,0,40,0,2026-04-01,93.75,Top Performer,Understaffed,Top Performer,Medium,"Average staff performance is 94.4/100 with 95.3% attendance. The latest workforce schedule is understaffed, and 0 of 40 months were classified as needing improvement.",Review demand-based rosters and add coverage during peak periods.
OUT0468,Franchise Outlet 0468,40,14.0,92.78,95.48,91.84,22,0,0,40,0,2026-04-01,94.93,Top Performer,Understaffed,Top Performer,Medium,"Average staff performance is 91.8/100 with 95.5% attendance. The latest workforce schedule is understaffed, and 0 of 40 months were classified as needing improvement.",Review demand-based rosters and add coverage during peak periods.
OUT0469,Franchise Outlet 0469,40,26.0,99.21,94.53,92.82,33,0,0,40,0,2026-04-01,94.1,Top Performer,Understaffed,Top Performer,Medium,"Average staff performance is 92.8/100 with 94.5% attendance. The latest workforce schedule is understaffed, and 0 of 40 months were classified as needing improvement.",Review demand-based rosters and add coverage during peak periods.
OUT0470,Franchise Outlet 0470,40,13.0,100.0,93.34,90.97,20,0,0,40,0,2026-04-01,88.9,Meets Expectations,Understaffed,Top Performer,Medium,"Average staff performance is 91.0/100 with 93.3% attendance. The latest workforce schedule is understaffed, and 0 of 40 months were classified as needing improvement.",Review demand-based rosters and add coverage during peak periods.
OUT0471,Franchise Outlet 0471,40,20.0,98.91,95.0,93.92,39,0,0,39,1,2026-04-01,93.23,Top Performer,Understaffed,Top Performer,Medium,"Average staff performance is 93.9/100 with 95.0% attendance. The latest workforce schedule is understaffed, and 0 of 40 months were classified as needing improvement.",Review demand-based rosters and add coverage during peak periods.
OUT0472,Franchise Outlet 0472,40,24.0,83.55,95.06,85.99,4,0,1,39,0,2026-04-01,91.88,Top Performer,Understaffed,Meets Expectations,Medium,"Average staff performance is 86.0/100 with 95.1% attendance. The latest workforce schedule is understaffed, and 0 of 40 months were classified as needing improvement.",Review demand-based rosters and add coverage during peak periods.
OUT0473,Franchise Outlet 0473,40,16.0,99.98,95.75,95.68,40,0,0,40,0,2026-04-01,95.35,Top Performer,Understaffed,Top Performer,Medium,"Average staff performance is 95.7/100 with 95.7% attendance. The latest workforce schedule is understaffed, and 0 of 40 months were classified as needing improvement.",Review demand-based rosters and add coverage during peak periods.
OUT0474,Franchise Outlet 0474,40,17.0,56.9,92.97,67.89,0,9,6,0,34,2026-04-01,68.82,Meets Expectations,Balanced,Meets Expectations,Low,"Average staff performance is 67.9/100 with 93.0% attendance. The latest workforce schedule is balanced, and 9 of 40 months were classified as needing improvement.",Maintain the current schedule and continue monitoring attendance and productivity.
OUT0475,Franchise Outlet 0475,40,10.0,100.0,93.56,90.72,15,0,0,40,0,2026-04-01,90.89,Meets Expectations,Understaffed,Meets Expectations,Medium,"Average staff performance is 90.7/100 with 93.6% attendance. The latest workforce schedule is understaffed, and 0 of 40 months were classified as needing improvement.",Review demand-based rosters and add coverage during peak periods.
OUT0476,Franchise Outlet 0476,40,33.0,84.01,95.1,86.59,3,0,1,39,0,2026-04-01,86.54,Meets Expectations,Understaffed,Meets Expectations,Medium,"Average staff performance is 86.6/100 with 95.1% attendance. The latest workforce schedule is understaffed, and 0 of 40 months were classified as needing improvement.",Review demand-based rosters and add coverage during peak periods.
OUT0477,Franchise Outlet 0477,40,18.0,50.96,95.19,70.13,0,0,0,0,40,2026-04-01,70.57,Meets Expectations,Overstaffed,Meets Expectations,Medium,"Average staff performance is 70.1/100 with 95.2% attendance. The latest workforce schedule is overstaffed, and 0 of 40 months were classified as needing improvement.",Align staffing hours with demand and move spare capacity to busier periods.
OUT0478,Franchise Outlet 0478,40,12.0,100.0,93.81,91.22,23,0,0,40,0,2026-04-01,90.82,Meets Expectations,Understaffed,Top Performer,Medium,"Average staff performance is 91.2/100 with 93.8% attendance. The latest workforce schedule is understaffed, and 0 of 40 months were classified as needing improvement.",Review demand-based rosters and add coverage during peak periods.
OUT0479,Franchise Outlet 0479,40,15.0,50.53,93.92,66.15,0,24,0,0,40,2026-04-01,65.27,Needs Improvement,Overstaffed,Needs Improvement,High,"Average staff performance is 66.2/100 with 93.9% attendance. The latest workforce schedule is overstaffed, and 24 of 40 months were classified as needing improvement.",Rebalance excess shift coverage and use coaching or role changes to improve staff productivity.
OUT0480,Franchise Outlet 0480,40,13.0,100.0,94.63,93.68,39,0,0,40,0,2026-04-01,92.47,Top Performer,Understaffed,Top Performer,Medium,"Average staff performance is 93.7/100 with 94.6% attendance. The latest workforce schedule is understaffed, and 0 of 40 months were classified as needing improvement.",Review demand-based rosters and add coverage during peak periods.
OUT0481,Franchise Outlet 0481,40,24.0,42.72,94.14,63.4,0,36,0,0,40,2026-04-01,61.79,Needs Improvement,Overstaffed,Needs Improvement,High,"Average staff performance is 63.4/100 with 94.1% attendance. The latest workforce schedule is overstaffed, and 36 of 40 months were classified as needing improvement.",Rebalance excess shift coverage and use coaching or role changes to improve staff productivity.
OUT0482,Franchise Outlet 0482,40,22.0,41.45,93.6,61.26,0,40,0,0,40,2026-04-01,60.95,Needs Improvement,Overstaffed,Needs Improvement,High,"Average staff performance is 61.3/100 with 93.6% attendance. The latest workforce schedule is overstaffed, and 40 of 40 months were classified as needing improvement.",Rebalance excess shift coverage and use coaching or role changes to improve staff productivity.
OUT0483,Franchise Outlet 0483,40,25.0,58.07,93.17,69.15,0,2,5,0,35,2026-04-01,72.54,Meets Expectations,Overstaffed,Meets Expectations,Medium,"Average staff performance is 69.2/100 with 93.2% attendance. The latest workforce schedule is overstaffed, and 2 of 40 months were classified as needing improvement.",Align staffing hours with demand and move spare capacity to busier periods.
OUT0484,Franchise Outlet 0484,40,17.0,100.0,95.0,94.53,40,0,0,40,0,2026-04-01,95.19,Top Performer,Understaffed,Top Performer,Medium,"Average staff performance is 94.5/100 with 95.0% attendance. The latest workforce schedule is understaffed, and 0 of 40 months were classified as needing improvement.",Review demand-based rosters and add coverage during peak periods.
OUT0485,Franchise Outlet 0485,40,16.0,62.22,94.69,74.53,0,0,25,0,15,2026-04-01,75.6,Meets Expectations,Balanced,Meets Expectations,Low,"Average staff performance is 74.5/100 with 94.7% attendance. The latest workforce schedule is balanced, and 0 of 40 months were classified as needing improvement.",Maintain the current schedule and continue monitoring attendance and productivity.
OUT0486,Franchise Outlet 0486,40,16.0,70.67,92.66,74.21,0,0,22,18,0,2026-04-01,74.09,Meets Expectations,Understaffed,Meets Expectations,Medium,"Average staff performance is 74.2/100 with 92.7% attendance. The latest workforce schedule is understaffed, and 0 of 40 months were classified as needing improvement.",Review demand-based rosters and add coverage during peak periods.
OUT0487,Franchise Outlet 0487,40,17.0,36.99,94.08,60.31,0,40,0,0,40,2026-04-01,63.5,Needs Improvement,Overstaffed,Needs Improvement,High,"Average staff performance is 60.3/100 with 94.1% attendance. The latest workforce schedule is overstaffed, and 40 of 40 months were classified as needing improvement.",Rebalance excess shift coverage and use coaching or role changes to improve staff productivity.
OUT0488,Franchise Outlet 0488,40,14.0,69.02,93.83,76.01,0,0,31,8,1,2026-04-01,75.69,Meets Expectations,Balanced,Meets Expectations,Low,"Average staff performance is 76.0/100 with 93.8% attendance. The latest workforce schedule is balanced, and 0 of 40 months were classified as needing improvement.",Maintain the current schedule and continue monitoring attendance and productivity.
OUT0489,Franchise Outlet 0489,40,13.0,99.53,95.2,94.25,39,0,0,40,0,2026-04-01,94.67,Top Performer,Understaffed,Top Performer,Medium,"Average staff performance is 94.3/100 with 95.2% attendance. The latest workforce schedule is understaffed, and 0 of 40 months were classified as needing improvement.",Review demand-based rosters and add coverage during peak periods.
OUT0490,Franchise Outlet 0490,40,21.0,69.74,95.44,80.02,0,0,28,12,0,2026-04-01,79.72,Meets Expectations,Understaffed,Meets Expectations,Medium,"Average staff performance is 80.0/100 with 95.4% attendance. The latest workforce schedule is understaffed, and 0 of 40 months were classified as needing improvement.",Review demand-based rosters and add coverage during peak periods.
OUT0491,Franchise Outlet 0491,40,25.0,28.57,92.99,53.81,0,40,0,0,40,2026-04-01,53.47,Needs Improvement,Overstaffed,Needs Improvement,High,"Average staff performance is 53.8/100 with 93.0% attendance. The latest workforce schedule is overstaffed, and 40 of 40 months were classified as needing improvement.",Rebalance excess shift coverage and use coaching or role changes to improve staff productivity.
OUT0492,Franchise Outlet 0492,40,16.0,100.0,94.6,92.97,37,0,0,40,0,2026-04-01,91.96,Top Performer,Understaffed,Top Performer,Medium,"Average staff performance is 93.0/100 with 94.6% attendance. The latest workforce schedule is understaffed, and 0 of 40 months were classified as needing improvement.",Review demand-based rosters and add coverage during peak periods.
OUT0493,Franchise Outlet 0493,40,19.0,79.9,93.71,80.94,0,0,3,37,0,2026-04-01,84.14,Meets Expectations,Understaffed,Meets Expectations,Medium,"Average staff performance is 80.9/100 with 93.7% attendance. The latest workforce schedule is understaffed, and 0 of 40 months were classified as needing improvement.",Review demand-based rosters and add coverage during peak periods.
OUT0494,Franchise Outlet 0494,40,13.0,54.72,92.57,65.78,0,26,0,1,39,2026-04-01,65.99,Needs Improvement,Overstaffed,Needs Improvement,High,"Average staff performance is 65.8/100 with 92.6% attendance. The latest workforce schedule is overstaffed, and 26 of 40 months were classified as needing improvement.",Rebalance excess shift coverage and use coaching or role changes to improve staff productivity.
OUT0495,Franchise Outlet 0495,40,15.0,53.2,93.0,66.14,0,19,0,1,39,2026-04-01,66.39,Meets Expectations,Overstaffed,Needs Improvement,High,"Average staff performance is 66.1/100 with 93.0% attendance. The latest workforce schedule is overstaffed, and 19 of 40 months were classified as needing improvement.",Rebalance excess shift coverage and use coaching or role changes to improve staff productivity.
OUT0496,Franchise Outlet 0496,40,17.0,86.96,95.4,88.56,7,0,0,40,0,2026-04-01,89.23,Meets Expectations,Understaffed,Meets Expectations,Medium,"Average staff performance is 88.6/100 with 95.4% attendance. The latest workforce schedule is understaffed, and 0 of 40 months were classified as needing improvement.",Review demand-based rosters and add coverage during peak periods.
OUT0497,Franchise Outlet 0497,40,17.0,78.5,93.04,78.75,0,0,6,34,0,2026-04-01,75.76,Meets Expectations,Understaffed,Meets Expectations,Medium,"Average staff performance is 78.8/100 with 93.0% attendance. The latest workforce schedule is understaffed, and 0 of 40 months were classified as needing improvement.",Review demand-based rosters and add coverage during peak periods.
OUT0498,Franchise Outlet 0498,40,23.0,33.7,92.49,55.55,0,39,0,0,40,2026-04-01,58.3,Needs Improvement,Overstaffed,Needs Improvement,High,"Average staff performance is 55.5/100 with 92.5% attendance. The latest workforce schedule is overstaffed, and 39 of 40 months were classified as needing improvement.",Rebalance excess shift coverage and use coaching or role changes to improve staff productivity.
OUT0499,Franchise Outlet 0499,40,17.0,66.49,94.65,76.84,0,0,35,4,1,2026-04-01,81.45,Meets Expectations,Balanced,Meets Expectations,Low,"Average staff performance is 76.8/100 with 94.6% attendance. The latest workforce schedule is balanced, and 0 of 40 months were classified as needing improvement.",Maintain the current schedule and continue monitoring attendance and productivity.
OUT0500,Franchise Outlet 0500,40,23.0,59.79,94.7,73.32,0,0,16,0,24,2026-04-01,72.69,Meets Expectations,Overstaffed,Meets Expectations,Medium,"Average staff performance is 73.3/100 with 94.7% attendance. The latest workforce schedule is overstaffed, and 0 of 40 months were classified as needing improvement.",Align staffing hours with demand and move spare capacity to busier periods.
OUT0501,Franchise Outlet 0501,40,14.0,73.93,92.54,75.9,0,0,15,25,0,2026-04-01,75.18,Meets Expectations,Balanced,Meets Expectations,Low,"Average staff performance is 75.9/100 with 92.5% attendance. The latest workforce schedule is balanced, and 0 of 40 months were classified as needing improvement.",Maintain the current schedule and continue monitoring attendance and productivity.
OUT0502,Franchise Outlet 0502,40,22.0,66.9,93.53,74.22,0,0,29,5,6,2026-04-01,73.71,Meets Expectations,Balanced,Meets Expectations,Low,"Average staff performance is 74.2/100 with 93.5% attendance. The latest workforce schedule is balanced, and 0 of 40 months were classified as needing improvement.",Maintain the current schedule and continue monitoring attendance and productivity.
OUT0503,Franchise Outlet 0503,40,22.0,55.01,94.76,70.83,0,0,0,0,40,2026-04-01,73.17,Meets Expectations,Overstaffed,Meets Expectations,Medium,"Average staff performance is 70.8/100 with 94.8% attendance. The latest workforce schedule is overstaffed, and 0 of 40 months were classified as needing improvement.",Align staffing hours with demand and move spare capacity to busier periods.
OUT0504,Franchise Outlet 0504,40,15.0,51.7,94.2,67.95,0,7,0,0,40,2026-04-01,65.95,Needs Improvement,Overstaffed,Meets Expectations,Medium,"Average staff performance is 68.0/100 with 94.2% attendance. The latest workforce schedule is overstaffed, and 7 of 40 months were classified as needing improvement.",Align staffing hours with demand and move spare capacity to busier periods.
OUT0505,Franchise Outlet 0505,40,17.0,45.39,93.57,63.87,0,37,0,0,40,2026-04-01,66.54,Meets Expectations,Overstaffed,Needs Improvement,High,"Average staff performance is 63.9/100 with 93.6% attendance. The latest workforce schedule is overstaffed, and 37 of 40 months were classified as needing improvement.",Rebalance excess shift coverage and use coaching or role changes to improve staff productivity.
OUT0506,Franchise Outlet 0506,40,26.0,63.05,95.43,77.2,0,0,25,0,15,2026-04-01,77.67,Meets Expectations,Balanced,Meets Expectations,Low,"Average staff performance is 77.2/100 with 95.4% attendance. The latest workforce schedule is balanced, and 0 of 40 months were classified as needing improvement.",Maintain the current schedule and continue monitoring attendance and productivity.
OUT0507,Franchise Outlet 0507,40,18.0,48.63,94.08,65.91,0,23,1,0,39,2026-04-01,70.48,Meets Expectations,Overstaffed,Needs Improvement,High,"Average staff performance is 65.9/100 with 94.1% attendance. The latest workforce schedule is overstaffed, and 23 of 40 months were classified as needing improvement.",Rebalance excess shift coverage and use coaching or role changes to improve staff productivity.
OUT0508,Franchise Outlet 0508,40,10.0,54.24,92.72,65.95,0,23,2,0,38,2026-04-01,69.97,Meets Expectations,Overstaffed,Needs Improvement,High,"Average staff performance is 65.9/100 with 92.7% attendance. The latest workforce schedule is overstaffed, and 23 of 40 months were classified as needing improvement.",Rebalance excess shift coverage and use coaching or role changes to improve staff productivity.
OUT0509,Franchise Outlet 0509,40,20.0,58.88,95.3,74.43,0,0,8,0,32,2026-04-01,74.91,Meets Expectations,Overstaffed,Meets Expectations,Medium,"Average staff performance is 74.4/100 with 95.3% attendance. The latest workforce schedule is overstaffed, and 0 of 40 months were classified as needing improvement.",Align staffing hours with demand and move spare capacity to busier periods.
OUT0510,Franchise Outlet 0510,40,17.0,47.91,95.2,68.21,0,4,0,0,40,2026-04-01,71.2,Meets Expectations,Overstaffed,Meets Expectations,Medium,"Average staff performance is 68.2/100 with 95.2% attendance. The latest workforce schedule is overstaffed, and 4 of 40 months were classified as needing improvement.",Align staffing hours with demand and move spare capacity to busier periods.
OUT0511,Franchise Outlet 0511,40,20.0,46.31,95.1,67.5,0,9,0,0,40,2026-04-01,69.95,Meets Expectations,Overstaffed,Meets Expectations,Medium,"Average staff performance is 67.5/100 with 95.1% attendance. The latest workforce schedule is overstaffed, and 9 of 40 months were classified as needing improvement.",Align staffing hours with demand and move spare capacity to busier periods.
OUT0512,Franchise Outlet 0512,40,19.0,49.27,93.89,66.0,0,26,0,0,40,2026-04-01,63.4,Needs Improvement,Overstaffed,Needs Improvement,High,"Average staff performance is 66.0/100 with 93.9% attendance. The latest workforce schedule is overstaffed, and 26 of 40 months were classified as needing improvement.",Rebalance excess shift coverage and use coaching or role changes to improve staff productivity.
OUT0513,Franchise Outlet 0513,40,15.0,98.6,95.13,94.12,37,0,0,40,0,2026-04-01,93.84,Top Performer,Understaffed,Top Performer,Medium,"Average staff performance is 94.1/100 with 95.1% attendance. The latest workforce schedule is understaffed, and 0 of 40 months were classified as needing improvement.",Review demand-based rosters and add coverage during peak periods.
OUT0514,Franchise Outlet 0514,40,24.0,77.86,95.15,83.28,0,0,10,30,0,2026-04-01,84.81,Meets Expectations,Understaffed,Meets Expectations,Medium,"Average staff performance is 83.3/100 with 95.2% attendance. The latest workforce schedule is understaffed, and 0 of 40 months were classified as needing improvement.",Review demand-based rosters and add coverage during peak periods.
OUT0515,Franchise Outlet 0515,40,18.0,97.75,94.97,93.33,35,0,0,40,0,2026-04-01,95.28,Top Performer,Understaffed,Top Performer,Medium,"Average staff performance is 93.3/100 with 95.0% attendance. The latest workforce schedule is understaffed, and 0 of 40 months were classified as needing improvement.",Review demand-based rosters and add coverage during peak periods.
OUT0516,Franchise Outlet 0516,40,13.0,99.53,94.11,91.87,28,0,0,40,0,2026-04-01,92.95,Top Performer,Understaffed,Top Performer,Medium,"Average staff performance is 91.9/100 with 94.1% attendance. The latest workforce schedule is understaffed, and 0 of 40 months were classified as needing improvement.",Review demand-based rosters and add coverage during peak periods.
OUT0517,Franchise Outlet 0517,40,20.0,80.77,94.35,83.22,0,0,5,34,1,2026-04-01,85.98,Meets Expectations,Understaffed,Meets Expectations,Medium,"Average staff performance is 83.2/100 with 94.3% attendance. The latest workforce schedule is understaffed, and 0 of 40 months were classified as needing improvement.",Review demand-based rosters and add coverage during peak periods.
OUT0518,Franchise Outlet 0518,40,25.0,41.64,93.21,61.46,0,40,0,0,40,2026-04-01,62.77,Needs Improvement,Overstaffed,Needs Improvement,High,"Average staff performance is 61.5/100 with 93.2% attendance. The latest workforce schedule is overstaffed, and 40 of 40 months were classified as needing improvement.",Rebalance excess shift coverage and use coaching or role changes to improve staff productivity.
OUT0519,Franchise Outlet 0519,40,23.0,71.11,94.53,77.77,0,0,26,14,0,2026-04-01,82.69,Meets Expectations,Understaffed,Meets Expectations,Medium,"Average staff performance is 77.8/100 with 94.5% attendance. The latest workforce schedule is understaffed, and 0 of 40 months were classified as needing improvement.",Review demand-based rosters and add coverage during peak periods.
OUT0520,Franchise Outlet 0520,40,20.0,99.94,94.73,93.38,38,0,0,40,0,2026-04-01,93.4,Top Performer,Understaffed,Top Performer,Medium,"Average staff performance is 93.4/100 with 94.7% attendance. The latest workforce schedule is understaffed, and 0 of 40 months were classified as needing improvement.",Review demand-based rosters and add coverage during peak periods.
OUT0521,Franchise Outlet 0521,40,19.0,99.98,95.2,95.02,40,0,0,40,0,2026-04-01,92.28,Top Performer,Understaffed,Top Performer,Medium,"Average staff performance is 95.0/100 with 95.2% attendance. The latest workforce schedule is understaffed, and 0 of 40 months were classified as needing improvement.",Review demand-based rosters and add coverage during peak periods.
OUT0522,Franchise Outlet 0522,40,20.0,100.0,95.5,94.75,40,0,0,40,0,2026-04-01,92.08,Top Performer,Understaffed,Top Performer,Medium,"Average staff performance is 94.7/100 with 95.5% attendance. The latest workforce schedule is understaffed, and 0 of 40 months were classified as needing improvement.",Review demand-based rosters and add coverage during peak periods.
OUT0523,Franchise Outlet 0523,40,21.0,57.75,95.48,74.42,0,0,5,0,35,2026-04-01,73.4,Meets Expectations,Overstaffed,Meets Expectations,Medium,"Average staff performance is 74.4/100 with 95.5% attendance. The latest workforce schedule is overstaffed, and 0 of 40 months were classified as needing improvement.",Align staffing hours with demand and move spare capacity to busier periods.
OUT0524,Franchise Outlet 0524,40,12.0,76.97,93.9,79.93,0,0,9,31,0,2026-04-01,81.98,Meets Expectations,Understaffed,Meets Expectations,Medium,"Average staff performance is 79.9/100 with 93.9% attendance. The latest workforce schedule is understaffed, and 0 of 40 months were classified as needing improvement.",Review demand-based rosters and add coverage during peak periods.
OUT0525,Franchise Outlet 0525,40,19.0,86.94,95.09,87.44,6,0,1,39,0,2026-04-01,86.38,Meets Expectations,Understaffed,Meets Expectations,Medium,"Average staff performance is 87.4/100 with 95.1% attendance. The latest workforce schedule is understaffed, and 0 of 40 months were classified as needing improvement.",Review demand-based rosters and add coverage during peak periods.
OUT0526,Franchise Outlet 0526,40,24.0,64.41,93.93,73.88,0,0,27,3,10,2026-04-01,71.0,Meets Expectations,Balanced,Meets Expectations,Low,"Average staff performance is 73.9/100 with 93.9% attendance. The latest workforce schedule is balanced, and 0 of 40 months were classified as needing improvement.",Maintain the current schedule and continue monitoring attendance and productivity.
OUT0527,Franchise Outlet 0527,40,30.0,51.63,93.38,66.1,0,21,0,0,40,2026-04-01,62.79,Needs Improvement,Overstaffed,Needs Improvement,High,"Average staff performance is 66.1/100 with 93.4% attendance. The latest workforce schedule is overstaffed, and 21 of 40 months were classified as needing improvement.",Rebalance excess shift coverage and use coaching or role changes to improve staff productivity.
OUT0528,Franchise Outlet 0528,40,18.0,56.25,93.33,68.1,0,10,5,0,35,2026-04-01,69.34,Meets Expectations,Overstaffed,Meets Expectations,Medium,"Average staff performance is 68.1/100 with 93.3% attendance. The latest workforce schedule is overstaffed, and 10 of 40 months were classified as needing improvement.",Align staffing hours with demand and move spare capacity to busier periods.
OUT0529,Franchise Outlet 0529,40,9.0,100.0,94.19,91.81,30,0,0,40,0,2026-04-01,92.76,Top Performer,Understaffed,Top Performer,Medium,"Average staff performance is 91.8/100 with 94.2% attendance. The latest workforce schedule is understaffed, and 0 of 40 months were classified as needing improvement.",Review demand-based rosters and add coverage during peak periods.
OUT0530,Franchise Outlet 0530,40,12.0,69.66,94.91,78.56,0,0,26,11,3,2026-04-01,77.98,Meets Expectations,Understaffed,Meets Expectations,Medium,"Average staff performance is 78.6/100 with 94.9% attendance. The latest workforce schedule is understaffed, and 0 of 40 months were classified as needing improvement.",Review demand-based rosters and add coverage during peak periods.
OUT0531,Franchise Outlet 0531,40,19.0,100.0,95.12,94.32,39,0,0,40,0,2026-04-01,96.63,Top Performer,Understaffed,Top Performer,Medium,"Average staff performance is 94.3/100 with 95.1% attendance. The latest workforce schedule is understaffed, and 0 of 40 months were classified as needing improvement.",Review demand-based rosters and add coverage during peak periods.
OUT0532,Franchise Outlet 0532,40,15.0,79.71,93.46,80.32,0,0,2,38,0,2026-04-01,81.83,Meets Expectations,Understaffed,Meets Expectations,Medium,"Average staff performance is 80.3/100 with 93.5% attendance. The latest workforce schedule is understaffed, and 0 of 40 months were classified as needing improvement.",Review demand-based rosters and add coverage during peak periods.
OUT0533,Franchise Outlet 0533,40,21.0,64.65,95.45,77.46,0,0,27,0,13,2026-04-01,78.41,Meets Expectations,Balanced,Meets Expectations,Low,"Average staff performance is 77.5/100 with 95.5% attendance. The latest workforce schedule is balanced, and 0 of 40 months were classified as needing improvement.",Maintain the current schedule and continue monitoring attendance and productivity.
OUT0534,Franchise Outlet 0534,40,17.0,89.13,94.18,86.95,4,0,1,39,0,2026-04-01,87.57,Meets Expectations,Understaffed,Meets Expectations,Medium,"Average staff performance is 87.0/100 with 94.2% attendance. The latest workforce schedule is understaffed, and 0 of 40 months were classified as needing improvement.",Review demand-based rosters and add coverage during peak periods.
OUT0535,Franchise Outlet 0535,40,14.0,100.0,94.76,93.7,39,0,0,40,0,2026-04-01,94.42,Top Performer,Understaffed,Top Performer,Medium,"Average staff performance is 93.7/100 with 94.8% attendance. The latest workforce schedule is understaffed, and 0 of 40 months were classified as needing improvement.",Review demand-based rosters and add coverage during peak periods.
OUT0536,Franchise Outlet 0536,40,15.0,100.0,94.76,93.8,40,0,0,40,0,2026-04-01,91.34,Top Performer,Understaffed,Top Performer,Medium,"Average staff performance is 93.8/100 with 94.8% attendance. The latest workforce schedule is understaffed, and 0 of 40 months were classified as needing improvement.",Review demand-based rosters and add coverage during peak periods.
OUT0537,Franchise Outlet 0537,40,16.0,92.81,94.55,89.63,18,0,0,40,0,2026-04-01,87.13,Meets Expectations,Understaffed,Meets Expectations,Medium,"Average staff performance is 89.6/100 with 94.6% attendance. The latest workforce schedule is understaffed, and 0 of 40 months were classified as needing improvement.",Review demand-based rosters and add coverage during peak periods.
OUT0538,Franchise Outlet 0538,40,20.0,48.1,93.34,64.36,0,33,0,0,40,2026-04-01,68.76,Meets Expectations,Overstaffed,Needs Improvement,High,"Average staff performance is 64.4/100 with 93.3% attendance. The latest workforce schedule is overstaffed, and 33 of 40 months were classified as needing improvement.",Rebalance excess shift coverage and use coaching or role changes to improve staff productivity.
OUT0539,Franchise Outlet 0539,40,15.0,72.11,93.47,76.41,0,0,20,20,0,2026-04-01,77.54,Meets Expectations,Understaffed,Meets Expectations,Medium,"Average staff performance is 76.4/100 with 93.5% attendance. The latest workforce schedule is understaffed, and 0 of 40 months were classified as needing improvement.",Review demand-based rosters and add coverage during peak periods.
OUT0540,Franchise Outlet 0540,40,15.0,81.46,95.12,84.95,0,0,0,40,0,2026-04-01,88.1,Meets Expectations,Understaffed,Meets Expectations,Medium,"Average staff performance is 84.9/100 with 95.1% attendance. The latest workforce schedule is understaffed, and 0 of 40 months were classified as needing improvement.",Review demand-based rosters and add coverage during peak periods.
OUT0541,Franchise Outlet 0541,40,23.0,56.19,94.5,70.95,0,0,3,0,37,2026-04-01,71.33,Meets Expectations,Overstaffed,Meets Expectations,Medium,"Average staff performance is 70.9/100 with 94.5% attendance. The latest workforce schedule is overstaffed, and 0 of 40 months were classified as needing improvement.",Align staffing hours with demand and move spare capacity to busier periods.
OUT0542,Franchise Outlet 0542,40,19.0,99.93,95.01,93.9,39,0,0,40,0,2026-04-01,89.82,Meets Expectations,Understaffed,Top Performer,Medium,"Average staff performance is 93.9/100 with 95.0% attendance. The latest workforce schedule is understaffed, and 0 of 40 months were classified as needing improvement.",Review demand-based rosters and add coverage during peak periods.
OUT0543,Franchise Outlet 0543,40,17.0,90.02,93.2,85.17,3,0,1,39,0,2026-04-01,83.52,Meets Expectations,Understaffed,Meets Expectations,Medium,"Average staff performance is 85.2/100 with 93.2% attendance. The latest workforce schedule is understaffed, and 0 of 40 months were classified as needing improvement.",Review demand-based rosters and add coverage during peak periods.
OUT0544,Franchise Outlet 0544,40,17.0,44.51,94.99,66.05,0,26,2,0,38,2026-04-01,66.46,Meets Expectations,Overstaffed,Needs Improvement,High,"Average staff performance is 66.0/100 with 95.0% attendance. The latest workforce schedule is overstaffed, and 26 of 40 months were classified as needing improvement.",Rebalance excess shift coverage and use coaching or role changes to improve staff productivity.
OUT0545,Franchise Outlet 0545,40,13.0,89.54,93.93,86.5,3,0,0,40,0,2026-04-01,88.36,Meets Expectations,Understaffed,Meets Expectations,Medium,"Average staff performance is 86.5/100 with 93.9% attendance. The latest workforce schedule is understaffed, and 0 of 40 months were classified as needing improvement.",Review demand-based rosters and add coverage during peak periods.
OUT0546,Franchise Outlet 0546,40,16.0,90.3,94.15,87.66,5,0,0,40,0,2026-04-01,91.71,Top Performer,Understaffed,Meets Expectations,Medium,"Average staff performance is 87.7/100 with 94.1% attendance. The latest workforce schedule is understaffed, and 0 of 40 months were classified as needing improvement.",Review demand-based rosters and add coverage during peak periods.
OUT0547,Franchise Outlet 0547,40,15.0,53.6,93.99,68.46,0,5,0,0,40,2026-04-01,67.53,Meets Expectations,Overstaffed,Meets Expectations,Medium,"Average staff performance is 68.5/100 with 94.0% attendance. The latest workforce schedule is overstaffed, and 5 of 40 months were classified as needing improvement.",Align staffing hours with demand and move spare capacity to busier periods.
OUT0548,Franchise Outlet 0548,40,21.0,32.22,93.88,57.61,0,40,0,0,40,2026-04-01,58.36,Needs Improvement,Overstaffed,Needs Improvement,High,"Average staff performance is 57.6/100 with 93.9% attendance. The latest workforce schedule is overstaffed, and 40 of 40 months were classified as needing improvement.",Rebalance excess shift coverage and use coaching or role changes to improve staff productivity.
OUT0549,Franchise Outlet 0549,40,14.0,78.72,93.05,79.55,0,0,3,37,0,2026-04-01,87.09,Meets Expectations,Understaffed,Meets Expectations,Medium,"Average staff performance is 79.6/100 with 93.0% attendance. The latest workforce schedule is understaffed, and 0 of 40 months were classified as needing improvement.",Review demand-based rosters and add coverage during peak periods.
OUT0550,Franchise Outlet 0550,40,15.0,91.64,95.62,91.13,24,0,0,40,0,2026-04-01,94.57,Top Performer,Understaffed,Top Performer,Medium,"Average staff performance is 91.1/100 with 95.6% attendance. The latest workforce schedule is understaffed, and 0 of 40 months were classified as needing improvement.",Review demand-based rosters and add coverage during peak periods.
OUT0551,Franchise Outlet 0551,40,18.0,44.95,92.77,61.28,0,40,0,0,40,2026-04-01,61.25,Needs Improvement,Overstaffed,Needs Improvement,High,"Average staff performance is 61.3/100 with 92.8% attendance. The latest workforce schedule is overstaffed, and 40 of 40 months were classified as needing improvement.",Rebalance excess shift coverage and use coaching or role changes to improve staff productivity.
OUT0552,Franchise Outlet 0552,40,20.0,44.56,93.0,62.04,0,40,0,0,40,2026-04-01,59.27,Needs Improvement,Overstaffed,Needs Improvement,High,"Average staff performance is 62.0/100 with 93.0% attendance. The latest workforce schedule is overstaffed, and 40 of 40 months were classified as needing improvement.",Rebalance excess shift coverage and use coaching or role changes to improve staff productivity.
OUT0553,Franchise Outlet 0553,40,20.0,54.53,94.52,70.18,0,0,2,0,38,2026-04-01,74.04,Meets Expectations,Balanced,Meets Expectations,Low,"Average staff performance is 70.2/100 with 94.5% attendance. The latest workforce schedule is balanced, and 0 of 40 months were classified as needing improvement.",Maintain the current schedule and continue monitoring attendance and productivity.
OUT0554,Franchise Outlet 0554,40,24.0,99.18,95.47,94.52,36,0,0,40,0,2026-04-01,96.13,Top Performer,Understaffed,Top Performer,Medium,"Average staff performance is 94.5/100 with 95.5% attendance. The latest workforce schedule is understaffed, and 0 of 40 months were classified as needing improvement.",Review demand-based rosters and add coverage during peak periods.
OUT0555,Franchise Outlet 0555,40,19.0,45.02,92.97,61.88,0,40,0,0,40,2026-04-01,62.16,Needs Improvement,Overstaffed,Needs Improvement,High,"Average staff performance is 61.9/100 with 93.0% attendance. The latest workforce schedule is overstaffed, and 40 of 40 months were classified as needing improvement.",Rebalance excess shift coverage and use coaching or role changes to improve staff productivity.
OUT0556,Franchise Outlet 0556,40,24.0,80.53,95.0,84.4,1,0,5,35,0,2026-04-01,85.49,Meets Expectations,Understaffed,Meets Expectations,Medium,"Average staff performance is 84.4/100 with 95.0% attendance. The latest workforce schedule is understaffed, and 0 of 40 months were classified as needing improvement.",Review demand-based rosters and add coverage during peak periods.
OUT0557,Franchise Outlet 0557,40,11.0,80.9,92.84,79.55,0,0,1,39,0,2026-04-01,81.38,Meets Expectations,Understaffed,Meets Expectations,Medium,"Average staff performance is 79.6/100 with 92.8% attendance. The latest workforce schedule is understaffed, and 0 of 40 months were classified as needing improvement.",Review demand-based rosters and add coverage during peak periods.
OUT0558,Franchise Outlet 0558,40,18.0,79.98,94.52,82.8,0,0,5,35,0,2026-04-01,83.87,Meets Expectations,Understaffed,Meets Expectations,Medium,"Average staff performance is 82.8/100 with 94.5% attendance. The latest workforce schedule is understaffed, and 0 of 40 months were classified as needing improvement.",Review demand-based rosters and add coverage during peak periods.
OUT0559,Franchise Outlet 0559,40,11.0,62.58,92.94,71.1,0,1,22,1,17,2026-04-01,70.05,Meets Expectations,Overstaffed,Meets Expectations,Medium,"Average staff performance is 71.1/100 with 92.9% attendance. The latest workforce schedule is overstaffed, and 1 of 40 months were classified as needing improvement.",Align staffing hours with demand and move spare capacity to busier periods.
OUT0560,Franchise Outlet 0560,40,20.0,99.03,94.65,92.68,38,0,0,39,1,2026-04-01,93.28,Top Performer,Understaffed,Top Performer,Medium,"Average staff performance is 92.7/100 with 94.6% attendance. The latest workforce schedule is understaffed, and 0 of 40 months were classified as needing improvement.",Review demand-based rosters and add coverage during peak periods.
OUT0561,Franchise Outlet 0561,40,20.0,100.0,95.1,94.28,39,0,0,40,0,2026-04-01,90.85,Meets Expectations,Understaffed,Top Performer,Medium,"Average staff performance is 94.3/100 with 95.1% attendance. The latest workforce schedule is understaffed, and 0 of 40 months were classified as needing improvement.",Review demand-based rosters and add coverage during peak periods.
OUT0562,Franchise Outlet 0562,40,17.0,99.19,94.53,92.65,35,0,1,39,0,2026-04-01,91.26,Top Performer,Understaffed,Top Performer,Medium,"Average staff performance is 92.6/100 with 94.5% attendance. The latest workforce schedule is understaffed, and 0 of 40 months were classified as needing improvement.",Review demand-based rosters and add coverage during peak periods.
OUT0563,Franchise Outlet 0563,40,8.0,100.0,95.05,94.09,38,0,0,40,0,2026-04-01,94.94,Top Performer,Understaffed,Top Performer,Medium,"Average staff performance is 94.1/100 with 95.1% attendance. The latest workforce schedule is understaffed, and 0 of 40 months were classified as needing improvement.",Review demand-based rosters and add coverage during peak periods.
OUT0564,Franchise Outlet 0564,40,8.0,81.03,92.84,79.74,0,0,1,39,0,2026-04-01,84.63,Meets Expectations,Understaffed,Meets Expectations,Medium,"Average staff performance is 79.7/100 with 92.8% attendance. The latest workforce schedule is understaffed, and 0 of 40 months were classified as needing improvement.",Review demand-based rosters and add coverage during peak periods.
OUT0565,Franchise Outlet 0565,40,14.0,75.18,92.66,76.7,0,0,11,29,0,2026-04-01,76.22,Meets Expectations,Understaffed,Meets Expectations,Medium,"Average staff performance is 76.7/100 with 92.7% attendance. The latest workforce schedule is understaffed, and 0 of 40 months were classified as needing improvement.",Review demand-based rosters and add coverage during peak periods.
OUT0566,Franchise Outlet 0566,40,22.0,57.02,92.7,67.53,0,11,3,0,37,2026-04-01,68.04,Meets Expectations,Overstaffed,Meets Expectations,Medium,"Average staff performance is 67.5/100 with 92.7% attendance. The latest workforce schedule is overstaffed, and 11 of 40 months were classified as needing improvement.",Align staffing hours with demand and move spare capacity to busier periods.
OUT0567,Franchise Outlet 0567,40,18.0,49.7,92.62,63.64,0,38,0,0,40,2026-04-01,65.82,Needs Improvement,Overstaffed,Needs Improvement,High,"Average staff performance is 63.6/100 with 92.6% attendance. The latest workforce schedule is overstaffed, and 38 of 40 months were classified as needing improvement.",Rebalance excess shift coverage and use coaching or role changes to improve staff productivity.
OUT0568,Franchise Outlet 0568,40,26.0,54.96,94.79,70.82,0,1,1,0,39,2026-04-01,76.17,Meets Expectations,Balanced,Meets Expectations,Low,"Average staff performance is 70.8/100 with 94.8% attendance. The latest workforce schedule is balanced, and 1 of 40 months were classified as needing improvement.",Maintain the current schedule and continue monitoring attendance and productivity.
OUT0569,Franchise Outlet 0569,40,23.0,34.62,92.62,56.25,0,40,0,0,40,2026-04-01,56.0,Needs Improvement,Overstaffed,Needs Improvement,High,"Average staff performance is 56.3/100 with 92.6% attendance. The latest workforce schedule is overstaffed, and 40 of 40 months were classified as needing improvement.",Rebalance excess shift coverage and use coaching or role changes to improve staff productivity.
OUT0570,Franchise Outlet 0570,40,14.0,55.38,95.31,72.72,0,0,0,1,39,2026-04-01,71.36,Meets Expectations,Overstaffed,Meets Expectations,Medium,"Average staff performance is 72.7/100 with 95.3% attendance. The latest workforce schedule is overstaffed, and 0 of 40 months were classified as needing improvement.",Align staffing hours with demand and move spare capacity to busier periods.
OUT0571,Franchise Outlet 0571,40,17.0,100.0,95.36,95.63,40,0,0,40,0,2026-04-01,98.45,Top Performer,Understaffed,Top Performer,Medium,"Average staff performance is 95.6/100 with 95.4% attendance. The latest workforce schedule is understaffed, and 0 of 40 months were classified as needing improvement.",Review demand-based rosters and add coverage during peak periods.
OUT0572,Franchise Outlet 0572,40,20.0,75.68,94.25,79.94,0,0,16,24,0,2026-04-01,83.8,Meets Expectations,Understaffed,Meets Expectations,Medium,"Average staff performance is 79.9/100 with 94.3% attendance. The latest workforce schedule is understaffed, and 0 of 40 months were classified as needing improvement.",Review demand-based rosters and add coverage during peak periods.
OUT0573,Franchise Outlet 0573,40,20.0,57.9,95.41,73.66,0,0,7,0,33,2026-04-01,75.12,Meets Expectations,Overstaffed,Meets Expectations,Medium,"Average staff performance is 73.7/100 with 95.4% attendance. The latest workforce schedule is overstaffed, and 0 of 40 months were classified as needing improvement.",Align staffing hours with demand and move spare capacity to busier periods.
OUT0574,Franchise Outlet 0574,40,10.0,99.94,93.46,90.39,14,0,0,40,0,2026-04-01,91.3,Top Performer,Understaffed,Meets Expectations,Medium,"Average staff performance is 90.4/100 with 93.5% attendance. The latest workforce schedule is understaffed, and 0 of 40 months were classified as needing improvement.",Review demand-based rosters and add coverage during peak periods.
OUT0575,Franchise Outlet 0575,40,25.0,44.7,93.77,63.62,0,38,0,0,40,2026-04-01,65.44,Needs Improvement,Overstaffed,Needs Improvement,High,"Average staff performance is 63.6/100 with 93.8% attendance. The latest workforce schedule is overstaffed, and 38 of 40 months were classified as needing improvement.",Rebalance excess shift coverage and use coaching or role changes to improve staff productivity.
OUT0576,Franchise Outlet 0576,40,17.0,79.48,93.41,80.28,0,0,1,39,0,2026-04-01,82.99,Meets Expectations,Understaffed,Meets Expectations,Medium,"Average staff performance is 80.3/100 with 93.4% attendance. The latest workforce schedule is understaffed, and 0 of 40 months were classified as needing improvement.",Review demand-based rosters and add coverage during peak periods.
OUT0577,Franchise Outlet 0577,40,15.0,78.3,94.98,83.39,0,0,3,37,0,2026-04-01,85.21,Meets Expectations,Understaffed,Meets Expectations,Medium,"Average staff performance is 83.4/100 with 95.0% attendance. The latest workforce schedule is understaffed, and 0 of 40 months were classified as needing improvement.",Review demand-based rosters and add coverage during peak periods.
OUT0578,Franchise Outlet 0578,40,11.0,86.7,95.19,87.88,4,0,0,40,0,2026-04-01,86.61,Meets Expectations,Understaffed,Meets Expectations,Medium,"Average staff performance is 87.9/100 with 95.2% attendance. The latest workforce schedule is understaffed, and 0 of 40 months were classified as needing improvement.",Review demand-based rosters and add coverage during peak periods.
OUT0579,Franchise Outlet 0579,40,19.0,100.0,94.83,94.23,39,0,0,40,0,2026-04-01,93.79,Top Performer,Understaffed,Top Performer,Medium,"Average staff performance is 94.2/100 with 94.8% attendance. The latest workforce schedule is understaffed, and 0 of 40 months were classified as needing improvement.",Review demand-based rosters and add coverage during peak periods.
OUT0580,Franchise Outlet 0580,40,9.0,97.77,95.37,94.21,36,0,0,40,0,2026-04-01,95.8,Top Performer,Understaffed,Top Performer,Medium,"Average staff performance is 94.2/100 with 95.4% attendance. The latest workforce schedule is understaffed, and 0 of 40 months were classified as needing improvement.",Review demand-based rosters and add coverage during peak periods.
OUT0581,Franchise Outlet 0581,40,17.0,97.99,94.84,92.72,31,0,0,40,0,2026-04-01,92.97,Top Performer,Understaffed,Top Performer,Medium,"Average staff performance is 92.7/100 with 94.8% attendance. The latest workforce schedule is understaffed, and 0 of 40 months were classified as needing improvement.",Review demand-based rosters and add coverage during peak periods.
OUT0582,Franchise Outlet 0582,40,13.0,99.53,93.46,90.01,13,0,0,40,0,2026-04-01,91.92,Top Performer,Understaffed,Meets Expectations,Medium,"Average staff performance is 90.0/100 with 93.5% attendance. The latest workforce schedule is understaffed, and 0 of 40 months were classified as needing improvement.",Review demand-based rosters and add coverage during peak periods.
OUT0583,Franchise Outlet 0583,40,16.0,34.68,92.73,56.66,0,40,0,0,40,2026-04-01,56.16,Needs Improvement,Overstaffed,Needs Improvement,High,"Average staff performance is 56.7/100 with 92.7% attendance. The latest workforce schedule is overstaffed, and 40 of 40 months were classified as needing improvement.",Rebalance excess shift coverage and use coaching or role changes to improve staff productivity.
OUT0584,Franchise Outlet 0584,40,22.0,47.19,94.34,66.18,0,21,0,0,40,2026-04-01,65.72,Needs Improvement,Overstaffed,Meets Expectations,Medium,"Average staff performance is 66.2/100 with 94.3% attendance. The latest workforce schedule is overstaffed, and 21 of 40 months were classified as needing improvement.",Align staffing hours with demand and move spare capacity to busier periods.
OUT0585,Franchise Outlet 0585,40,18.0,48.97,92.96,64.59,0,29,1,0,39,2026-04-01,65.06,Needs Improvement,Overstaffed,Needs Improvement,High,"Average staff performance is 64.6/100 with 93.0% attendance. The latest workforce schedule is overstaffed, and 29 of 40 months were classified as needing improvement.",Rebalance excess shift coverage and use coaching or role changes to improve staff productivity.
OUT0586,Franchise Outlet 0586,40,11.0,50.3,93.48,65.77,0,25,0,0,40,2026-04-01,65.45,Needs Improvement,Overstaffed,Needs Improvement,High,"Average staff performance is 65.8/100 with 93.5% attendance. The latest workforce schedule is overstaffed, and 25 of 40 months were classified as needing improvement.",Rebalance excess shift coverage and use coaching or role changes to improve staff productivity.
OUT0587,Franchise Outlet 0587,40,18.0,30.24,92.77,54.18,0,40,0,0,40,2026-04-01,53.74,Needs Improvement,Overstaffed,Needs Improvement,High,"Average staff performance is 54.2/100 with 92.8% attendance. The latest workforce schedule is overstaffed, and 40 of 40 months were classified as needing improvement.",Rebalance excess shift coverage and use coaching or role changes to improve staff productivity.
OUT0588,Franchise Outlet 0588,40,18.0,37.06,92.65,57.23,0,40,0,0,40,2026-04-01,60.41,Needs Improvement,Overstaffed,Needs Improvement,High,"Average staff performance is 57.2/100 with 92.6% attendance. The latest workforce schedule is overstaffed, and 40 of 40 months were classified as needing improvement.",Rebalance excess shift coverage and use coaching or role changes to improve staff productivity.
OUT0589,Franchise Outlet 0589,40,9.0,100.0,94.44,92.37,32,0,0,40,0,2026-04-01,93.82,Top Performer,Understaffed,Top Performer,Medium,"Average staff performance is 92.4/100 with 94.4% attendance. The latest workforce schedule is understaffed, and 0 of 40 months were classified as needing improvement.",Review demand-based rosters and add coverage during peak periods.
OUT0590,Franchise Outlet 0590,40,12.0,97.2,94.91,92.01,28,0,0,40,0,2026-04-01,93.89,Top Performer,Understaffed,Top Performer,Medium,"Average staff performance is 92.0/100 with 94.9% attendance. The latest workforce schedule is understaffed, and 0 of 40 months were classified as needing improvement.",Review demand-based rosters and add coverage during peak periods.
OUT0591,Franchise Outlet 0591,40,21.0,90.72,93.69,86.46,3,0,0,40,0,2026-04-01,87.92,Meets Expectations,Understaffed,Meets Expectations,Medium,"Average staff performance is 86.5/100 with 93.7% attendance. The latest workforce schedule is understaffed, and 0 of 40 months were classified as needing improvement.",Review demand-based rosters and add coverage during peak periods.
OUT0592,Franchise Outlet 0592,40,24.0,88.41,94.7,87.12,10,0,0,40,0,2026-04-01,94.58,Top Performer,Understaffed,Meets Expectations,Medium,"Average staff performance is 87.1/100 with 94.7% attendance. The latest workforce schedule is understaffed, and 0 of 40 months were classified as needing improvement.",Review demand-based rosters and add coverage during peak periods.
OUT0593,Franchise Outlet 0593,40,7.0,70.63,93.78,76.32,0,0,12,25,3,2026-04-01,75.16,Meets Expectations,Understaffed,Meets Expectations,Medium,"Average staff performance is 76.3/100 with 93.8% attendance. The latest workforce schedule is understaffed, and 0 of 40 months were classified as needing improvement.",Review demand-based rosters and add coverage during peak periods.
OUT0594,Franchise Outlet 0594,40,28.0,94.58,95.46,92.68,28,0,0,40,0,2026-04-01,93.62,Top Performer,Understaffed,Top Performer,Medium,"Average staff performance is 92.7/100 with 95.5% attendance. The latest workforce schedule is understaffed, and 0 of 40 months were classified as needing improvement.",Review demand-based rosters and add coverage during peak periods.
OUT0595,Franchise Outlet 0595,40,16.0,100.0,95.41,95.13,40,0,0,40,0,2026-04-01,94.92,Top Performer,Understaffed,Top Performer,Medium,"Average staff performance is 95.1/100 with 95.4% attendance. The latest workforce schedule is understaffed, and 0 of 40 months were classified as needing improvement.",Review demand-based rosters and add coverage during peak periods.
OUT0596,Franchise Outlet 0596,40,23.0,43.81,93.62,62.51,0,39,0,0,40,2026-04-01,61.47,Needs Improvement,Overstaffed,Needs Improvement,High,"Average staff performance is 62.5/100 with 93.6% attendance. The latest workforce schedule is overstaffed, and 39 of 40 months were classified as needing improvement.",Rebalance excess shift coverage and use coaching or role changes to improve staff productivity.
OUT0597,Franchise Outlet 0597,40,19.0,96.73,94.64,91.38,26,0,0,40,0,2026-04-01,91.31,Top Performer,Understaffed,Top Performer,Medium,"Average staff performance is 91.4/100 with 94.6% attendance. The latest workforce schedule is understaffed, and 0 of 40 months were classified as needing improvement.",Review demand-based rosters and add coverage during peak periods.
OUT0598,Franchise Outlet 0598,40,23.0,33.37,93.72,57.87,0,40,0,0,40,2026-04-01,55.76,Needs Improvement,Overstaffed,Needs Improvement,High,"Average staff performance is 57.9/100 with 93.7% attendance. The latest workforce schedule is overstaffed, and 40 of 40 months were classified as needing improvement.",Rebalance excess shift coverage and use coaching or role changes to improve staff productivity.
OUT0599,Franchise Outlet 0599,40,13.0,79.01,94.01,81.26,0,0,5,35,0,2026-04-01,86.33,Meets Expectations,Understaffed,Meets Expectations,Medium,"Average staff performance is 81.3/100 with 94.0% attendance. The latest workforce schedule is understaffed, and 0 of 40 months were classified as needing improvement.",Review demand-based rosters and add coverage during peak periods.
OUT0600,Franchise Outlet 0600,40,9.0,53.76,93.0,66.56,1,23,2,1,37,2026-04-01,66.11,Needs Improvement,Overstaffed,Meets Expectations,Medium,"Average staff performance is 66.6/100 with 93.0% attendance. The latest workforce schedule is overstaffed, and 23 of 40 months were classified as needing improvement.",Align staffing hours with demand and move spare capacity to busier periods.
OUT0601,Franchise Outlet 0601,40,21.0,38.65,92.8,58.63,0,40,0,0,40,2026-04-01,59.71,Needs Improvement,Overstaffed,Needs Improvement,High,"Average staff performance is 58.6/100 with 92.8% attendance. The latest workforce schedule is overstaffed, and 40 of 40 months were classified as needing improvement.",Rebalance excess shift coverage and use coaching or role changes to improve staff productivity.
OUT0602,Franchise Outlet 0602,40,7.0,67.71,92.92,73.64,0,0,17,20,3,2026-04-01,79.2,Meets Expectations,Understaffed,Meets Expectations,Medium,"Average staff performance is 73.6/100 with 92.9% attendance. The latest workforce schedule is understaffed, and 0 of 40 months were classified as needing improvement.",Review demand-based rosters and add coverage during peak periods.
OUT0603,Franchise Outlet 0603,40,19.0,49.27,95.16,69.61,0,3,0,0,40,2026-04-01,69.72,Meets Expectations,Overstaffed,Meets Expectations,Medium,"Average staff performance is 69.6/100 with 95.2% attendance. The latest workforce schedule is overstaffed, and 3 of 40 months were classified as needing improvement.",Align staffing hours with demand and move spare capacity to busier periods.
OUT0604,Franchise Outlet 0604,40,16.0,100.0,95.47,95.09,39,0,0,40,0,2026-04-01,95.13,Top Performer,Understaffed,Top Performer,Medium,"Average staff performance is 95.1/100 with 95.5% attendance. The latest workforce schedule is understaffed, and 0 of 40 months were classified as needing improvement.",Review demand-based rosters and add coverage during peak periods.
OUT0605,Franchise Outlet 0605,40,14.0,72.0,93.92,77.9,0,0,20,19,1,2026-04-01,79.53,Meets Expectations,Understaffed,Meets Expectations,Medium,"Average staff performance is 77.9/100 with 93.9% attendance. The latest workforce schedule is understaffed, and 0 of 40 months were classified as needing improvement.",Review demand-based rosters and add coverage during peak periods.
OUT0606,Franchise Outlet 0606,40,22.0,99.8,95.28,95.12,40,0,0,40,0,2026-04-01,93.74,Top Performer,Understaffed,Top Performer,Medium,"Average staff performance is 95.1/100 with 95.3% attendance. The latest workforce schedule is understaffed, and 0 of 40 months were classified as needing improvement.",Review demand-based rosters and add coverage during peak periods.
OUT0607,Franchise Outlet 0607,40,24.0,48.88,93.11,64.05,0,33,0,0,40,2026-04-01,66.22,Meets Expectations,Overstaffed,Needs Improvement,High,"Average staff performance is 64.0/100 with 93.1% attendance. The latest workforce schedule is overstaffed, and 33 of 40 months were classified as needing improvement.",Rebalance excess shift coverage and use coaching or role changes to improve staff productivity.
OUT0608,Franchise Outlet 0608,40,13.0,100.0,95.0,93.86,37,0,0,40,0,2026-04-01,93.21,Top Performer,Understaffed,Top Performer,Medium,"Average staff performance is 93.9/100 with 95.0% attendance. The latest workforce schedule is understaffed, and 0 of 40 months were classified as needing improvement.",Review demand-based rosters and add coverage during peak periods.
OUT0609,Franchise Outlet 0609,40,15.0,44.97,93.85,63.67,0,39,0,0,40,2026-04-01,64.25,Needs Improvement,Overstaffed,Needs Improvement,High,"Average staff performance is 63.7/100 with 93.9% attendance. The latest workforce schedule is overstaffed, and 39 of 40 months were classified as needing improvement.",Rebalance excess shift coverage and use coaching or role changes to improve staff productivity.
OUT0610,Franchise Outlet 0610,40,15.0,50.53,92.48,63.39,0,37,0,0,40,2026-04-01,66.09,Needs Improvement,Overstaffed,Needs Improvement,High,"Average staff performance is 63.4/100 with 92.5% attendance. The latest workforce schedule is overstaffed, and 37 of 40 months were classified as needing improvement.",Rebalance excess shift coverage and use coaching or role changes to improve staff productivity.
OUT0611,Franchise Outlet 0611,40,20.0,99.98,93.99,92.0,30,0,0,40,0,2026-04-01,91.49,Top Performer,Understaffed,Top Performer,Medium,"Average staff performance is 92.0/100 with 94.0% attendance. The latest workforce schedule is understaffed, and 0 of 40 months were classified as needing improvement.",Review demand-based rosters and add coverage during peak periods.
OUT0612,Franchise Outlet 0612,40,24.0,56.36,93.73,69.35,0,3,2,0,38,2026-04-01,72.2,Meets Expectations,Overstaffed,Meets Expectations,Medium,"Average staff performance is 69.3/100 with 93.7% attendance. The latest workforce schedule is overstaffed, and 3 of 40 months were classified as needing improvement.",Align staffing hours with demand and move spare capacity to busier periods.
OUT0613,Franchise Outlet 0613,40,18.0,75.29,95.22,82.15,0,0,13,27,0,2026-04-01,85.24,Meets Expectations,Understaffed,Meets Expectations,Medium,"Average staff performance is 82.2/100 with 95.2% attendance. The latest workforce schedule is understaffed, and 0 of 40 months were classified as needing improvement.",Review demand-based rosters and add coverage during peak periods.
OUT0614,Franchise Outlet 0614,40,12.0,39.14,92.89,59.15,0,40,0,0,40,2026-04-01,57.5,Needs Improvement,Overstaffed,Needs Improvement,High,"Average staff performance is 59.2/100 with 92.9% attendance. The latest workforce schedule is overstaffed, and 40 of 40 months were classified as needing improvement.",Rebalance excess shift coverage and use coaching or role changes to improve staff productivity.
OUT0615,Franchise Outlet 0615,40,24.0,98.87,95.28,94.4,39,0,0,39,1,2026-04-01,94.28,Top Performer,Understaffed,Top Performer,Medium,"Average staff performance is 94.4/100 with 95.3% attendance. The latest workforce schedule is understaffed, and 0 of 40 months were classified as needing improvement.",Review demand-based rosters and add coverage during peak periods.
OUT0616,Franchise Outlet 0616,40,17.0,73.81,92.53,75.33,0,0,15,25,0,2026-04-01,75.96,Meets Expectations,Understaffed,Meets Expectations,Medium,"Average staff performance is 75.3/100 with 92.5% attendance. The latest workforce schedule is understaffed, and 0 of 40 months were classified as needing improvement.",Review demand-based rosters and add coverage during peak periods.
OUT0617,Franchise Outlet 0617,40,17.0,96.5,94.93,92.43,32,0,0,40,0,2026-04-01,88.97,Meets Expectations,Understaffed,Top Performer,Medium,"Average staff performance is 92.4/100 with 94.9% attendance. The latest workforce schedule is understaffed, and 0 of 40 months were classified as needing improvement.",Review demand-based rosters and add coverage during peak periods.
OUT0618,Franchise Outlet 0618,40,23.0,61.38,94.1,72.24,0,0,23,0,17,2026-04-01,75.21,Meets Expectations,Balanced,Meets Expectations,Low,"Average staff performance is 72.2/100 with 94.1% attendance. The latest workforce schedule is balanced, and 0 of 40 months were classified as needing improvement.",Maintain the current schedule and continue monitoring attendance and productivity.
OUT0619,Franchise Outlet 0619,40,28.0,32.39,93.56,57.07,0,40,0,0,40,2026-04-01,55.35,Needs Improvement,Overstaffed,Needs Improvement,High,"Average staff performance is 57.1/100 with 93.6% attendance. The latest workforce schedule is overstaffed, and 40 of 40 months were classified as needing improvement.",Rebalance excess shift coverage and use coaching or role changes to improve staff productivity.
OUT0620,Franchise Outlet 0620,40,18.0,97.97,94.73,92.48,33,0,1,39,0,2026-04-01,92.84,Top Performer,Understaffed,Top Performer,Medium,"Average staff performance is 92.5/100 with 94.7% attendance. The latest workforce schedule is understaffed, and 0 of 40 months were classified as needing improvement.",Review demand-based rosters and add coverage during peak periods.
OUT0621,Franchise Outlet 0621,40,22.0,48.12,94.3,66.22,0,19,0,0,40,2026-04-01,67.72,Meets Expectations,Overstaffed,Meets Expectations,Medium,"Average staff performance is 66.2/100 with 94.3% attendance. The latest workforce schedule is overstaffed, and 19 of 40 months were classified as needing improvement.",Align staffing hours with demand and move spare capacity to busier periods.
OUT0622,Franchise Outlet 0622,40,13.0,48.02,93.22,63.9,0,38,0,0,40,2026-04-01,64.32,Needs Improvement,Overstaffed,Needs Improvement,High,"Average staff performance is 63.9/100 with 93.2% attendance. The latest workforce schedule is overstaffed, and 38 of 40 months were classified as needing improvement.",Rebalance excess shift coverage and use coaching or role changes to improve staff productivity.
OUT0623,Franchise Outlet 0623,40,16.0,96.86,94.24,90.55,21,0,0,40,0,2026-04-01,91.27,Top Performer,Understaffed,Meets Expectations,Medium,"Average staff performance is 90.5/100 with 94.2% attendance. The latest workforce schedule is understaffed, and 0 of 40 months were classified as needing improvement.",Review demand-based rosters and add coverage during peak periods.
OUT0624,Franchise Outlet 0624,40,13.0,100.0,94.49,92.58,34,0,0,40,0,2026-04-01,92.37,Top Performer,Understaffed,Top Performer,Medium,"Average staff performance is 92.6/100 with 94.5% attendance. The latest workforce schedule is understaffed, and 0 of 40 months were classified as needing improvement.",Review demand-based rosters and add coverage during peak periods.
OUT0625,Franchise Outlet 0625,40,14.0,61.28,92.42,69.04,0,5,12,0,28,2026-04-01,72.09,Meets Expectations,Balanced,Meets Expectations,Low,"Average staff performance is 69.0/100 with 92.4% attendance. The latest workforce schedule is balanced, and 5 of 40 months were classified as needing improvement.",Maintain the current schedule and continue monitoring attendance and productivity.
OUT0626,Franchise Outlet 0626,40,8.0,100.0,93.85,91.17,22,0,0,40,0,2026-04-01,92.61,Top Performer,Understaffed,Top Performer,Medium,"Average staff performance is 91.2/100 with 93.8% attendance. The latest workforce schedule is understaffed, and 0 of 40 months were classified as needing improvement.",Review demand-based rosters and add coverage during peak periods.
OUT0627,Franchise Outlet 0627,40,21.0,100.0,94.64,93.56,40,0,0,40,0,2026-04-01,91.89,Top Performer,Understaffed,Top Performer,Medium,"Average staff performance is 93.6/100 with 94.6% attendance. The latest workforce schedule is understaffed, and 0 of 40 months were classified as needing improvement.",Review demand-based rosters and add coverage during peak periods.
OUT0628,Franchise Outlet 0628,40,26.0,31.43,93.57,57.46,0,40,0,0,40,2026-04-01,55.9,Needs Improvement,Overstaffed,Needs Improvement,High,"Average staff performance is 57.5/100 with 93.6% attendance. The latest workforce schedule is overstaffed, and 40 of 40 months were classified as needing improvement.",Rebalance excess shift coverage and use coaching or role changes to improve staff productivity.
OUT0629,Franchise Outlet 0629,40,18.0,48.89,93.49,65.83,0,23,0,0,40,2026-04-01,66.21,Meets Expectations,Overstaffed,Needs Improvement,High,"Average staff performance is 65.8/100 with 93.5% attendance. The latest workforce schedule is overstaffed, and 23 of 40 months were classified as needing improvement.",Rebalance excess shift coverage and use coaching or role changes to improve staff productivity.
OUT0630,Franchise Outlet 0630,40,24.0,48.35,93.9,65.5,0,25,0,0,40,2026-04-01,64.52,Needs Improvement,Overstaffed,Needs Improvement,High,"Average staff performance is 65.5/100 with 93.9% attendance. The latest workforce schedule is overstaffed, and 25 of 40 months were classified as needing improvement.",Rebalance excess shift coverage and use coaching or role changes to improve staff productivity.
OUT0631,Franchise Outlet 0631,40,16.0,85.44,94.62,85.61,2,0,1,39,0,2026-04-01,82.01,Meets Expectations,Understaffed,Meets Expectations,Medium,"Average staff performance is 85.6/100 with 94.6% attendance. The latest workforce schedule is understaffed, and 0 of 40 months were classified as needing improvement.",Review demand-based rosters and add coverage during peak periods.
OUT0632,Franchise Outlet 0632,40,18.0,93.52,95.16,91.27,24,0,0,40,0,2026-04-01,92.12,Top Performer,Understaffed,Top Performer,Medium,"Average staff performance is 91.3/100 with 95.2% attendance. The latest workforce schedule is understaffed, and 0 of 40 months were classified as needing improvement.",Review demand-based rosters and add coverage during peak periods.
OUT0633,Franchise Outlet 0633,40,16.0,48.95,93.34,64.99,0,32,1,0,39,2026-04-01,64.77,Needs Improvement,Overstaffed,Needs Improvement,High,"Average staff performance is 65.0/100 with 93.3% attendance. The latest workforce schedule is overstaffed, and 32 of 40 months were classified as needing improvement.",Rebalance excess shift coverage and use coaching or role changes to improve staff productivity.
OUT0634,Franchise Outlet 0634,40,23.0,49.79,94.52,68.01,0,9,0,0,40,2026-04-01,64.62,Needs Improvement,Overstaffed,Meets Expectations,Medium,"Average staff performance is 68.0/100 with 94.5% attendance. The latest workforce schedule is overstaffed, and 9 of 40 months were classified as needing improvement.",Align staffing hours with demand and move spare capacity to busier periods.
OUT0635,Franchise Outlet 0635,40,11.0,81.53,93.94,82.13,0,0,3,37,0,2026-04-01,82.64,Meets Expectations,Understaffed,Meets Expectations,Medium,"Average staff performance is 82.1/100 with 93.9% attendance. The latest workforce schedule is understaffed, and 0 of 40 months were classified as needing improvement.",Review demand-based rosters and add coverage during peak periods.
OUT0636,Franchise Outlet 0636,40,21.0,55.06,93.59,68.55,0,6,2,0,38,2026-04-01,67.72,Meets Expectations,Overstaffed,Meets Expectations,Medium,"Average staff performance is 68.6/100 with 93.6% attendance. The latest workforce schedule is overstaffed, and 6 of 40 months were classified as needing improvement.",Align staffing hours with demand and move spare capacity to busier periods.
OUT0637,Franchise Outlet 0637,40,21.0,98.77,94.46,91.88,28,0,0,40,0,2026-04-01,92.48,Top Performer,Understaffed,Top Performer,Medium,"Average staff performance is 91.9/100 with 94.5% attendance. The latest workforce schedule is understaffed, and 0 of 40 months were classified as needing improvement.",Review demand-based rosters and add coverage during peak periods.
OUT0638,Franchise Outlet 0638,40,22.0,62.02,94.18,73.31,0,0,22,0,18,2026-04-01,76.13,Meets Expectations,Balanced,Meets Expectations,Low,"Average staff performance is 73.3/100 with 94.2% attendance. The latest workforce schedule is balanced, and 0 of 40 months were classified as needing improvement.",Maintain the current schedule and continue monitoring attendance and productivity.
OUT0639,Franchise Outlet 0639,40,23.0,57.47,95.34,73.88,0,0,5,0,35,2026-04-01,71.67,Meets Expectations,Overstaffed,Meets Expectations,Medium,"Average staff performance is 73.9/100 with 95.3% attendance. The latest workforce schedule is overstaffed, and 0 of 40 months were classified as needing improvement.",Align staffing hours with demand and move spare capacity to busier periods.
OUT0640,Franchise Outlet 0640,40,13.0,100.0,94.57,92.96,37,0,0,40,0,2026-04-01,91.71,Top Performer,Understaffed,Top Performer,Medium,"Average staff performance is 93.0/100 with 94.6% attendance. The latest workforce schedule is understaffed, and 0 of 40 months were classified as needing improvement.",Review demand-based rosters and add coverage during peak periods.
OUT0641,Franchise Outlet 0641,40,18.0,92.84,95.21,91.34,23,0,1,39,0,2026-04-01,96.94,Top Performer,Understaffed,Top Performer,Medium,"Average staff performance is 91.3/100 with 95.2% attendance. The latest workforce schedule is understaffed, and 0 of 40 months were classified as needing improvement.",Review demand-based rosters and add coverage during peak periods.
OUT0642,Franchise Outlet 0642,40,20.0,96.82,94.98,92.81,34,0,0,38,2,2026-04-01,95.29,Top Performer,Understaffed,Top Performer,Medium,"Average staff performance is 92.8/100 with 95.0% attendance. The latest workforce schedule is understaffed, and 0 of 40 months were classified as needing improvement.",Review demand-based rosters and add coverage during peak periods.
OUT0643,Franchise Outlet 0643,40,22.0,89.63,95.39,89.57,13,0,0,40,0,2026-04-01,87.4,Meets Expectations,Understaffed,Meets Expectations,Medium,"Average staff performance is 89.6/100 with 95.4% attendance. The latest workforce schedule is understaffed, and 0 of 40 months were classified as needing improvement.",Review demand-based rosters and add coverage during peak periods.
OUT0644,Franchise Outlet 0644,40,8.0,100.0,95.08,93.98,40,0,0,40,0,2026-04-01,92.06,Top Performer,Understaffed,Top Performer,Medium,"Average staff performance is 94.0/100 with 95.1% attendance. The latest workforce schedule is understaffed, and 0 of 40 months were classified as needing improvement.",Review demand-based rosters and add coverage during peak periods.
OUT0645,Franchise Outlet 0645,40,17.0,41.67,93.36,61.25,0,40,0,0,40,2026-04-01,60.05,Needs Improvement,Overstaffed,Needs Improvement,High,"Average staff performance is 61.3/100 with 93.4% attendance. The latest workforce schedule is overstaffed, and 40 of 40 months were classified as needing improvement.",Rebalance excess shift coverage and use coaching or role changes to improve staff productivity.
OUT0646,Franchise Outlet 0646,40,25.0,99.63,95.33,94.7,39,0,0,40,0,2026-04-01,96.8,Top Performer,Understaffed,Top Performer,Medium,"Average staff performance is 94.7/100 with 95.3% attendance. The latest workforce schedule is understaffed, and 0 of 40 months were classified as needing improvement.",Review demand-based rosters and add coverage during peak periods.
OUT0647,Franchise Outlet 0647,40,24.0,75.85,95.46,82.93,0,0,9,31,0,2026-04-01,83.51,Meets Expectations,Understaffed,Meets Expectations,Medium,"Average staff performance is 82.9/100 with 95.5% attendance. The latest workforce schedule is understaffed, and 0 of 40 months were classified as needing improvement.",Review demand-based rosters and add coverage during peak periods.
OUT0648,Franchise Outlet 0648,40,19.0,90.67,94.27,87.84,8,0,1,39,0,2026-04-01,86.51,Meets Expectations,Understaffed,Meets Expectations,Medium,"Average staff performance is 87.8/100 with 94.3% attendance. The latest workforce schedule is understaffed, and 0 of 40 months were classified as needing improvement.",Review demand-based rosters and add coverage during peak periods.
OUT0649,Franchise Outlet 0649,40,26.0,57.44,94.23,71.34,0,0,5,0,35,2026-04-01,72.57,Meets Expectations,Balanced,Meets Expectations,Low,"Average staff performance is 71.3/100 with 94.2% attendance. The latest workforce schedule is balanced, and 0 of 40 months were classified as needing improvement.",Maintain the current schedule and continue monitoring attendance and productivity.
OUT0650,Franchise Outlet 0650,40,19.0,37.84,92.56,57.87,0,40,0,0,40,2026-04-01,57.82,Needs Improvement,Overstaffed,Needs Improvement,High,"Average staff performance is 57.9/100 with 92.6% attendance. The latest workforce schedule is overstaffed, and 40 of 40 months were classified as needing improvement.",Rebalance excess shift coverage and use coaching or role changes to improve staff productivity.
OUT0651,Franchise Outlet 0651,40,19.0,69.88,95.69,80.78,0,0,27,11,2,2026-04-01,80.57,Meets Expectations,Understaffed,Meets Expectations,Medium,"Average staff performance is 80.8/100 with 95.7% attendance. The latest workforce schedule is understaffed, and 0 of 40 months were classified as needing improvement.",Review demand-based rosters and add coverage during peak periods.
OUT0652,Franchise Outlet 0652,40,10.0,100.0,94.23,91.85,28,0,0,40,0,2026-04-01,92.48,Top Performer,Understaffed,Top Performer,Medium,"Average staff performance is 91.8/100 with 94.2% attendance. The latest workforce schedule is understaffed, and 0 of 40 months were classified as needing improvement.",Review demand-based rosters and add coverage during peak periods.
OUT0653,Franchise Outlet 0653,40,15.0,49.4,92.82,64.06,0,33,0,0,40,2026-04-01,61.95,Needs Improvement,Overstaffed,Needs Improvement,High,"Average staff performance is 64.1/100 with 92.8% attendance. The latest workforce schedule is overstaffed, and 33 of 40 months were classified as needing improvement.",Rebalance excess shift coverage and use coaching or role changes to improve staff productivity.
OUT0654,Franchise Outlet 0654,40,18.0,73.85,94.65,80.2,0,0,19,21,0,2026-04-01,79.06,Meets Expectations,Understaffed,Meets Expectations,Medium,"Average staff performance is 80.2/100 with 94.6% attendance. The latest workforce schedule is understaffed, and 0 of 40 months were classified as needing improvement.",Review demand-based rosters and add coverage during peak periods.
OUT0655,Franchise Outlet 0655,40,9.0,100.0,95.56,94.82,40,0,0,40,0,2026-04-01,95.3,Top Performer,Understaffed,Top Performer,Medium,"Average staff performance is 94.8/100 with 95.6% attendance. The latest workforce schedule is understaffed, and 0 of 40 months were classified as needing improvement.",Review demand-based rosters and add coverage during peak periods.
OUT0656,Franchise Outlet 0656,40,13.0,100.0,95.08,94.76,40,0,0,40,0,2026-04-01,93.98,Top Performer,Understaffed,Top Performer,Medium,"Average staff performance is 94.8/100 with 95.1% attendance. The latest workforce schedule is understaffed, and 0 of 40 months were classified as needing improvement.",Review demand-based rosters and add coverage during peak periods.
OUT0657,Franchise Outlet 0657,40,29.0,57.46,92.89,68.38,0,5,2,0,38,2026-04-01,69.51,Meets Expectations,Overstaffed,Meets Expectations,Medium,"Average staff performance is 68.4/100 with 92.9% attendance. The latest workforce schedule is overstaffed, and 5 of 40 months were classified as needing improvement.",Align staffing hours with demand and move spare capacity to busier periods.
OUT0658,Franchise Outlet 0658,40,12.0,62.64,93.56,72.06,0,0,26,0,14,2026-04-01,74.82,Meets Expectations,Balanced,Meets Expectations,Low,"Average staff performance is 72.1/100 with 93.6% attendance. The latest workforce schedule is balanced, and 0 of 40 months were classified as needing improvement.",Maintain the current schedule and continue monitoring attendance and productivity.
OUT0659,Franchise Outlet 0659,40,15.0,30.77,92.46,54.17,0,39,0,1,39,2026-04-01,55.25,Needs Improvement,Overstaffed,Needs Improvement,High,"Average staff performance is 54.2/100 with 92.5% attendance. The latest workforce schedule is overstaffed, and 39 of 40 months were classified as needing improvement.",Rebalance excess shift coverage and use coaching or role changes to improve staff productivity.
OUT0660,Franchise Outlet 0660,40,14.0,99.43,94.49,92.49,34,0,0,40,0,2026-04-01,91.7,Top Performer,Understaffed,Top Performer,Medium,"Average staff performance is 92.5/100 with 94.5% attendance. The latest workforce schedule is understaffed, and 0 of 40 months were classified as needing improvement.",Review demand-based rosters and add coverage during peak periods.
OUT0661,Franchise Outlet 0661,40,15.0,94.79,93.53,87.89,9,0,0,40,0,2026-04-01,84.75,Meets Expectations,Understaffed,Meets Expectations,Medium,"Average staff performance is 87.9/100 with 93.5% attendance. The latest workforce schedule is understaffed, and 0 of 40 months were classified as needing improvement.",Review demand-based rosters and add coverage during peak periods.
OUT0662,Franchise Outlet 0662,40,8.0,46.29,93.1,62.78,0,38,0,0,40,2026-04-01,64.11,Needs Improvement,Overstaffed,Needs Improvement,High,"Average staff performance is 62.8/100 with 93.1% attendance. The latest workforce schedule is overstaffed, and 38 of 40 months were classified as needing improvement.",Rebalance excess shift coverage and use coaching or role changes to improve staff productivity.
OUT0663,Franchise Outlet 0663,40,16.0,65.67,93.65,73.7,0,0,37,1,2,2026-04-01,76.11,Meets Expectations,Balanced,Meets Expectations,Low,"Average staff performance is 73.7/100 with 93.7% attendance. The latest workforce schedule is balanced, and 0 of 40 months were classified as needing improvement.",Maintain the current schedule and continue monitoring attendance and productivity.
OUT0664,Franchise Outlet 0664,40,18.0,60.25,94.76,73.7,0,1,17,0,23,2026-04-01,79.49,Meets Expectations,Balanced,Meets Expectations,Low,"Average staff performance is 73.7/100 with 94.8% attendance. The latest workforce schedule is balanced, and 1 of 40 months were classified as needing improvement.",Maintain the current schedule and continue monitoring attendance and productivity.
OUT0665,Franchise Outlet 0665,40,26.0,42.39,94.8,64.93,0,30,0,0,40,2026-04-01,66.59,Meets Expectations,Overstaffed,Needs Improvement,High,"Average staff performance is 64.9/100 with 94.8% attendance. The latest workforce schedule is overstaffed, and 30 of 40 months were classified as needing improvement.",Rebalance excess shift coverage and use coaching or role changes to improve staff productivity.
OUT0666,Franchise Outlet 0666,40,18.0,86.76,93.86,84.87,1,0,0,40,0,2026-04-01,85.95,Meets Expectations,Understaffed,Meets Expectations,Medium,"Average staff performance is 84.9/100 with 93.9% attendance. The latest workforce schedule is understaffed, and 0 of 40 months were classified as needing improvement.",Review demand-based rosters and add coverage during peak periods.
OUT0667,Franchise Outlet 0667,40,19.0,100.0,94.88,94.19,40,0,0,40,0,2026-04-01,93.93,Top Performer,Understaffed,Top Performer,Medium,"Average staff performance is 94.2/100 with 94.9% attendance. The latest workforce schedule is understaffed, and 0 of 40 months were classified as needing improvement.",Review demand-based rosters and add coverage during peak periods.
OUT0668,Franchise Outlet 0668,40,23.0,52.71,93.48,66.88,0,14,0,0,40,2026-04-01,68.25,Meets Expectations,Overstaffed,Meets Expectations,Medium,"Average staff performance is 66.9/100 with 93.5% attendance. The latest workforce schedule is overstaffed, and 14 of 40 months were classified as needing improvement.",Align staffing hours with demand and move spare capacity to busier periods.
OUT0669,Franchise Outlet 0669,40,21.0,82.4,95.64,86.78,2,0,1,38,1,2026-04-01,90.29,Meets Expectations,Understaffed,Meets Expectations,Medium,"Average staff performance is 86.8/100 with 95.6% attendance. The latest workforce schedule is understaffed, and 0 of 40 months were classified as needing improvement.",Review demand-based rosters and add coverage during peak periods.
OUT0670,Franchise Outlet 0670,40,14.0,48.23,92.52,63.02,0,40,0,0,40,2026-04-01,66.12,Needs Improvement,Overstaffed,Needs Improvement,High,"Average staff performance is 63.0/100 with 92.5% attendance. The latest workforce schedule is overstaffed, and 40 of 40 months were classified as needing improvement.",Rebalance excess shift coverage and use coaching or role changes to improve staff productivity.
OUT0671,Franchise Outlet 0671,40,16.0,99.68,94.45,93.21,36,0,0,40,0,2026-04-01,91.09,Top Performer,Understaffed,Top Performer,Medium,"Average staff performance is 93.2/100 with 94.5% attendance. The latest workforce schedule is understaffed, and 0 of 40 months were classified as needing improvement.",Review demand-based rosters and add coverage during peak periods.
OUT0672,Franchise Outlet 0672,40,16.0,83.78,95.05,85.82,2,0,0,40,0,2026-04-01,89.71,Meets Expectations,Understaffed,Meets Expectations,Medium,"Average staff performance is 85.8/100 with 95.0% attendance. The latest workforce schedule is understaffed, and 0 of 40 months were classified as needing improvement.",Review demand-based rosters and add coverage during peak periods.
OUT0673,Franchise Outlet 0673,40,21.0,58.1,94.98,72.8,0,0,4,0,36,2026-04-01,71.18,Meets Expectations,Overstaffed,Meets Expectations,Medium,"Average staff performance is 72.8/100 with 95.0% attendance. The latest workforce schedule is overstaffed, and 0 of 40 months were classified as needing improvement.",Align staffing hours with demand and move spare capacity to busier periods.
OUT0674,Franchise Outlet 0674,40,23.0,30.82,93.17,55.23,0,40,0,0,40,2026-04-01,56.51,Needs Improvement,Overstaffed,Needs Improvement,High,"Average staff performance is 55.2/100 with 93.2% attendance. The latest workforce schedule is overstaffed, and 40 of 40 months were classified as needing improvement.",Rebalance excess shift coverage and use coaching or role changes to improve staff productivity.
OUT0675,Franchise Outlet 0675,40,13.0,93.49,93.68,87.51,8,0,0,40,0,2026-04-01,85.79,Meets Expectations,Understaffed,Meets Expectations,Medium,"Average staff performance is 87.5/100 with 93.7% attendance. The latest workforce schedule is understaffed, and 0 of 40 months were classified as needing improvement.",Review demand-based rosters and add coverage during peak periods.
OUT0676,Franchise Outlet 0676,40,21.0,50.18,95.07,69.17,0,2,0,0,40,2026-04-01,72.86,Meets Expectations,Overstaffed,Meets Expectations,Medium,"Average staff performance is 69.2/100 with 95.1% attendance. The latest workforce schedule is overstaffed, and 2 of 40 months were classified as needing improvement.",Align staffing hours with demand and move spare capacity to busier periods.
OUT0677,Franchise Outlet 0677,40,27.0,72.0,94.55,79.05,0,0,26,14,0,2026-04-01,85.94,Meets Expectations,Understaffed,Meets Expectations,Medium,"Average staff performance is 79.1/100 with 94.5% attendance. The latest workforce schedule is understaffed, and 0 of 40 months were classified as needing improvement.",Review demand-based rosters and add coverage during peak periods.
OUT0678,Franchise Outlet 0678,40,19.0,38.92,93.89,61.16,0,40,0,0,40,2026-04-01,61.83,Needs Improvement,Overstaffed,Needs Improvement,High,"Average staff performance is 61.2/100 with 93.9% attendance. The latest workforce schedule is overstaffed, and 40 of 40 months were classified as needing improvement.",Rebalance excess shift coverage and use coaching or role changes to improve staff productivity.
OUT0679,Franchise Outlet 0679,40,21.0,94.83,94.43,90.0,18,0,0,40,0,2026-04-01,92.55,Top Performer,Understaffed,Meets Expectations,Medium,"Average staff performance is 90.0/100 with 94.4% attendance. The latest workforce schedule is understaffed, and 0 of 40 months were classified as needing improvement.",Review demand-based rosters and add coverage during peak periods.
OUT0680,Franchise Outlet 0680,40,18.0,98.26,95.27,94.2,38,0,2,38,0,2026-04-01,93.86,Top Performer,Understaffed,Top Performer,Medium,"Average staff performance is 94.2/100 with 95.3% attendance. The latest workforce schedule is understaffed, and 0 of 40 months were classified as needing improvement.",Review demand-based rosters and add coverage during peak periods.
OUT0681,Franchise Outlet 0681,40,18.0,42.12,93.6,61.81,0,40,0,0,40,2026-04-01,62.64,Needs Improvement,Overstaffed,Needs Improvement,High,"Average staff performance is 61.8/100 with 93.6% attendance. The latest workforce schedule is overstaffed, and 40 of 40 months were classified as needing improvement.",Rebalance excess shift coverage and use coaching or role changes to improve staff productivity.
OUT0682,Franchise Outlet 0682,40,18.0,54.78,92.61,66.9,0,16,1,0,39,2026-04-01,68.68,Meets Expectations,Overstaffed,Meets Expectations,Medium,"Average staff performance is 66.9/100 with 92.6% attendance. The latest workforce schedule is overstaffed, and 16 of 40 months were classified as needing improvement.",Align staffing hours with demand and move spare capacity to busier periods.
OUT0683,Franchise Outlet 0683,40,15.0,68.63,95.41,79.25,0,0,28,8,4,2026-04-01,80.05,Meets Expectations,Balanced,Meets Expectations,Low,"Average staff performance is 79.3/100 with 95.4% attendance. The latest workforce schedule is balanced, and 0 of 40 months were classified as needing improvement.",Maintain the current schedule and continue monitoring attendance and productivity.
OUT0684,Franchise Outlet 0684,40,24.0,34.46,93.46,58.07,0,39,0,0,40,2026-04-01,59.77,Needs Improvement,Overstaffed,Needs Improvement,High,"Average staff performance is 58.1/100 with 93.5% attendance. The latest workforce schedule is overstaffed, and 39 of 40 months were classified as needing improvement.",Rebalance excess shift coverage and use coaching or role changes to improve staff productivity.
OUT0685,Franchise Outlet 0685,40,26.0,96.16,95.05,91.71,29,0,0,40,0,2026-04-01,92.72,Top Performer,Understaffed,Top Performer,Medium,"Average staff performance is 91.7/100 with 95.0% attendance. The latest workforce schedule is understaffed, and 0 of 40 months were classified as needing improvement.",Review demand-based rosters and add coverage during peak periods.
OUT0686,Franchise Outlet 0686,40,25.0,32.22,92.33,54.44,0,40,0,0,40,2026-04-01,55.13,Needs Improvement,Overstaffed,Needs Improvement,High,"Average staff performance is 54.4/100 with 92.3% attendance. The latest workforce schedule is overstaffed, and 40 of 40 months were classified as needing improvement.",Rebalance excess shift coverage and use coaching or role changes to improve staff productivity.
OUT0687,Franchise Outlet 0687,40,21.0,59.7,94.32,72.4,0,0,8,0,32,2026-04-01,76.79,Meets Expectations,Balanced,Meets Expectations,Low,"Average staff performance is 72.4/100 with 94.3% attendance. The latest workforce schedule is balanced, and 0 of 40 months were classified as needing improvement.",Maintain the current schedule and continue monitoring attendance and productivity.
OUT0688,Franchise Outlet 0688,40,17.0,40.57,93.18,60.4,0,40,0,0,40,2026-04-01,61.0,Needs Improvement,Overstaffed,Needs Improvement,High,"Average staff performance is 60.4/100 with 93.2% attendance. The latest workforce schedule is overstaffed, and 40 of 40 months were classified as needing improvement.",Rebalance excess shift coverage and use coaching or role changes to improve staff productivity.
OUT0689,Franchise Outlet 0689,40,17.0,36.33,94.25,61.04,0,40,0,0,40,2026-04-01,60.94,Needs Improvement,Overstaffed,Needs Improvement,High,"Average staff performance is 61.0/100 with 94.3% attendance. The latest workforce schedule is overstaffed, and 40 of 40 months were classified as needing improvement.",Rebalance excess shift coverage and use coaching or role changes to improve staff productivity.
OUT0690,Franchise Outlet 0690,40,18.0,100.0,94.44,92.74,34,0,0,40,0,2026-04-01,93.51,Top Performer,Understaffed,Top Performer,Medium,"Average staff performance is 92.7/100 with 94.4% attendance. The latest workforce schedule is understaffed, and 0 of 40 months were classified as needing improvement.",Review demand-based rosters and add coverage during peak periods.
OUT0691,Franchise Outlet 0691,40,16.0,77.28,93.46,79.53,0,0,5,35,0,2026-04-01,80.57,Meets Expectations,Understaffed,Meets Expectations,Medium,"Average staff performance is 79.5/100 with 93.5% attendance. The latest workforce schedule is understaffed, and 0 of 40 months were classified as needing improvement.",Review demand-based rosters and add coverage during peak periods.
OUT0692,Franchise Outlet 0692,40,6.0,98.03,93.84,89.84,15,0,0,40,0,2026-04-01,88.46,Meets Expectations,Understaffed,Meets Expectations,Medium,"Average staff performance is 89.8/100 with 93.8% attendance. The latest workforce schedule is understaffed, and 0 of 40 months were classified as needing improvement.",Review demand-based rosters and add coverage during peak periods.
OUT0693,Franchise Outlet 0693,40,19.0,99.97,94.76,93.23,38,0,0,40,0,2026-04-01,94.74,Top Performer,Understaffed,Top Performer,Medium,"Average staff performance is 93.2/100 with 94.8% attendance. The latest workforce schedule is understaffed, and 0 of 40 months were classified as needing improvement.",Review demand-based rosters and add coverage during peak periods.
OUT0694,Franchise Outlet 0694,40,13.0,91.84,95.06,90.79,17,0,0,40,0,2026-04-01,93.53,Top Performer,Understaffed,Meets Expectations,Medium,"Average staff performance is 90.8/100 with 95.1% attendance. The latest workforce schedule is understaffed, and 0 of 40 months were classified as needing improvement.",Review demand-based rosters and add coverage during peak periods.
OUT0695,Franchise Outlet 0695,40,10.0,100.0,95.6,95.25,40,0,0,40,0,2026-04-01,94.16,Top Performer,Understaffed,Top Performer,Medium,"Average staff performance is 95.2/100 with 95.6% attendance. The latest workforce schedule is understaffed, and 0 of 40 months were classified as needing improvement.",Review demand-based rosters and add coverage during peak periods.
OUT0696,Franchise Outlet 0696,40,15.0,56.64,92.68,67.09,0,18,2,0,38,2026-04-01,70.7,Meets Expectations,Overstaffed,Meets Expectations,Medium,"Average staff performance is 67.1/100 with 92.7% attendance. The latest workforce schedule is overstaffed, and 18 of 40 months were classified as needing improvement.",Align staffing hours with demand and move spare capacity to busier periods.
OUT0697,Franchise Outlet 0697,40,20.0,78.96,93.98,81.39,0,0,5,34,1,2026-04-01,83.74,Meets Expectations,Understaffed,Meets Expectations,Medium,"Average staff performance is 81.4/100 with 94.0% attendance. The latest workforce schedule is understaffed, and 0 of 40 months were classified as needing improvement.",Review demand-based rosters and add coverage during peak periods.
OUT0698,Franchise Outlet 0698,40,27.0,70.23,94.87,78.36,0,0,31,9,0,2026-04-01,78.28,Meets Expectations,Balanced,Meets Expectations,Low,"Average staff performance is 78.4/100 with 94.9% attendance. The latest workforce schedule is balanced, and 0 of 40 months were classified as needing improvement.",Maintain the current schedule and continue monitoring attendance and productivity.
OUT0699,Franchise Outlet 0699,40,22.0,99.85,95.63,95.48,40,0,0,40,0,2026-04-01,96.15,Top Performer,Understaffed,Top Performer,Medium,"Average staff performance is 95.5/100 with 95.6% attendance. The latest workforce schedule is understaffed, and 0 of 40 months were classified as needing improvement.",Review demand-based rosters and add coverage during peak periods.
OUT0700,Franchise Outlet 0700,40,20.0,43.18,93.24,61.95,0,40,0,0,40,2026-04-01,61.08,Needs Improvement,Overstaffed,Needs Improvement,High,"Average staff performance is 62.0/100 with 93.2% attendance. The latest workforce schedule is overstaffed, and 40 of 40 months were classified as needing improvement.",Rebalance excess shift coverage and use coaching or role changes to improve staff productivity.
OUT0701,Franchise Outlet 0701,40,19.0,73.91,94.64,79.72,0,0,20,20,0,2026-04-01,83.18,Meets Expectations,Understaffed,Meets Expectations,Medium,"Average staff performance is 79.7/100 with 94.6% attendance. The latest workforce schedule is understaffed, and 0 of 40 months were classified as needing improvement.",Review demand-based rosters and add coverage during peak periods.
OUT0702,Franchise Outlet 0702,40,19.0,100.0,95.24,95.13,40,0,0,40,0,2026-04-01,94.96,Top Performer,Understaffed,Top Performer,Medium,"Average staff performance is 95.1/100 with 95.2% attendance. The latest workforce schedule is understaffed, and 0 of 40 months were classified as needing improvement.",Review demand-based rosters and add coverage during peak periods.
OUT0703,Franchise Outlet 0703,40,13.0,87.7,95.3,89.13,13,0,0,40,0,2026-04-01,91.79,Top Performer,Understaffed,Meets Expectations,Medium,"Average staff performance is 89.1/100 with 95.3% attendance. The latest workforce schedule is understaffed, and 0 of 40 months were classified as needing improvement.",Review demand-based rosters and add coverage during peak periods.
OUT0704,Franchise Outlet 0704,40,24.0,34.9,93.28,58.07,0,40,0,0,40,2026-04-01,57.13,Needs Improvement,Overstaffed,Needs Improvement,High,"Average staff performance is 58.1/100 with 93.3% attendance. The latest workforce schedule is overstaffed, and 40 of 40 months were classified as needing improvement.",Rebalance excess shift coverage and use coaching or role changes to improve staff productivity.
OUT0705,Franchise Outlet 0705,40,18.0,50.21,95.16,70.0,0,0,0,0,40,2026-04-01,67.19,Meets Expectations,Overstaffed,Meets Expectations,Medium,"Average staff performance is 70.0/100 with 95.2% attendance. The latest workforce schedule is overstaffed, and 0 of 40 months were classified as needing improvement.",Align staffing hours with demand and move spare capacity to busier periods.
OUT0706,Franchise Outlet 0706,40,7.0,100.0,94.09,91.7,29,0,0,40,0,2026-04-01,92.02,Top Performer,Understaffed,Top Performer,Medium,"Average staff performance is 91.7/100 with 94.1% attendance. The latest workforce schedule is understaffed, and 0 of 40 months were classified as needing improvement.",Review demand-based rosters and add coverage during peak periods.
OUT0707,Franchise Outlet 0707,40,16.0,100.0,95.15,94.86,40,0,0,40,0,2026-04-01,97.42,Top Performer,Understaffed,Top Performer,Medium,"Average staff performance is 94.9/100 with 95.1% attendance. The latest workforce schedule is understaffed, and 0 of 40 months were classified as needing improvement.",Review demand-based rosters and add coverage during peak periods.
OUT0708,Franchise Outlet 0708,40,23.0,79.63,94.21,82.17,0,0,4,36,0,2026-04-01,86.58,Meets Expectations,Understaffed,Meets Expectations,Medium,"Average staff performance is 82.2/100 with 94.2% attendance. The latest workforce schedule is understaffed, and 0 of 40 months were classified as needing improvement.",Review demand-based rosters and add coverage during peak periods.
OUT0709,Franchise Outlet 0709,40,18.0,87.4,93.68,85.09,3,0,0,40,0,2026-04-01,88.07,Meets Expectations,Understaffed,Meets Expectations,Medium,"Average staff performance is 85.1/100 with 93.7% attendance. The latest workforce schedule is understaffed, and 0 of 40 months were classified as needing improvement.",Review demand-based rosters and add coverage during peak periods.
OUT0710,Franchise Outlet 0710,40,10.0,84.69,93.11,82.66,0,0,2,38,0,2026-04-01,82.47,Meets Expectations,Understaffed,Meets Expectations,Medium,"Average staff performance is 82.7/100 with 93.1% attendance. The latest workforce schedule is understaffed, and 0 of 40 months were classified as needing improvement.",Review demand-based rosters and add coverage during peak periods.
OUT0711,Franchise Outlet 0711,40,15.0,99.89,93.84,90.96,20,0,0,40,0,2026-04-01,90.56,Meets Expectations,Understaffed,Top Performer,Medium,"Average staff performance is 91.0/100 with 93.8% attendance. The latest workforce schedule is understaffed, and 0 of 40 months were classified as needing improvement.",Review demand-based rosters and add coverage during peak periods.
OUT0712,Franchise Outlet 0712,40,28.0,90.92,94.97,89.35,14,0,0,40,0,2026-04-01,94.06,Top Performer,Understaffed,Meets Expectations,Medium,"Average staff performance is 89.3/100 with 95.0% attendance. The latest workforce schedule is understaffed, and 0 of 40 months were classified as needing improvement.",Review demand-based rosters and add coverage during peak periods.
OUT0713,Franchise Outlet 0713,40,16.0,100.0,95.31,95.05,40,0,0,40,0,2026-04-01,93.99,Top Performer,Understaffed,Top Performer,Medium,"Average staff performance is 95.0/100 with 95.3% attendance. The latest workforce schedule is understaffed, and 0 of 40 months were classified as needing improvement.",Review demand-based rosters and add coverage during peak periods.
OUT0714,Franchise Outlet 0714,40,14.0,93.09,94.41,89.47,14,0,0,40,0,2026-04-01,89.32,Meets Expectations,Understaffed,Meets Expectations,Medium,"Average staff performance is 89.5/100 with 94.4% attendance. The latest workforce schedule is understaffed, and 0 of 40 months were classified as needing improvement.",Review demand-based rosters and add coverage during peak periods.
OUT0715,Franchise Outlet 0715,40,23.0,34.26,92.63,56.32,0,40,0,0,40,2026-04-01,58.04,Needs Improvement,Overstaffed,Needs Improvement,High,"Average staff performance is 56.3/100 with 92.6% attendance. The latest workforce schedule is overstaffed, and 40 of 40 months were classified as needing improvement.",Rebalance excess shift coverage and use coaching or role changes to improve staff productivity.
OUT0716,Franchise Outlet 0716,40,25.0,100.0,95.39,95.25,40,0,0,40,0,2026-04-01,93.3,Top Performer,Understaffed,Top Performer,Medium,"Average staff performance is 95.3/100 with 95.4% attendance. The latest workforce schedule is understaffed, and 0 of 40 months were classified as needing improvement.",Review demand-based rosters and add coverage during peak periods.
OUT0717,Franchise Outlet 0717,40,13.0,100.0,94.96,93.88,39,0,0,40,0,2026-04-01,91.13,Top Performer,Understaffed,Top Performer,Medium,"Average staff performance is 93.9/100 with 95.0% attendance. The latest workforce schedule is understaffed, and 0 of 40 months were classified as needing improvement.",Review demand-based rosters and add coverage during peak periods.
OUT0718,Franchise Outlet 0718,40,23.0,90.32,95.05,89.11,11,0,0,40,0,2026-04-01,87.61,Meets Expectations,Understaffed,Meets Expectations,Medium,"Average staff performance is 89.1/100 with 95.1% attendance. The latest workforce schedule is understaffed, and 0 of 40 months were classified as needing improvement.",Review demand-based rosters and add coverage during peak periods.
OUT0719,Franchise Outlet 0719,40,15.0,75.65,93.57,78.59,0,0,9,31,0,2026-04-01,81.15,Meets Expectations,Understaffed,Meets Expectations,Medium,"Average staff performance is 78.6/100 with 93.6% attendance. The latest workforce schedule is understaffed, and 0 of 40 months were classified as needing improvement.",Review demand-based rosters and add coverage during peak periods.
OUT0720,Franchise Outlet 0720,40,22.0,41.22,95.16,65.31,0,28,0,0,40,2026-04-01,66.26,Meets Expectations,Overstaffed,Needs Improvement,High,"Average staff performance is 65.3/100 with 95.2% attendance. The latest workforce schedule is overstaffed, and 28 of 40 months were classified as needing improvement.",Rebalance excess shift coverage and use coaching or role changes to improve staff productivity.
OUT0721,Franchise Outlet 0721,40,6.0,100.0,94.81,94.06,39,0,0,40,0,2026-04-01,91.96,Top Performer,Understaffed,Top Performer,Medium,"Average staff performance is 94.1/100 with 94.8% attendance. The latest workforce schedule is understaffed, and 0 of 40 months were classified as needing improvement.",Review demand-based rosters and add coverage during peak periods.
OUT0722,Franchise Outlet 0722,40,17.0,62.76,92.97,71.2,0,0,27,0,13,2026-04-01,72.19,Meets Expectations,Balanced,Meets Expectations,Low,"Average staff performance is 71.2/100 with 93.0% attendance. The latest workforce schedule is balanced, and 0 of 40 months were classified as needing improvement.",Maintain the current schedule and continue monitoring attendance and productivity.
OUT0723,Franchise Outlet 0723,40,22.0,100.0,94.69,93.79,38,0,0,40,0,2026-04-01,94.82,Top Performer,Understaffed,Top Performer,Medium,"Average staff performance is 93.8/100 with 94.7% attendance. The latest workforce schedule is understaffed, and 0 of 40 months were classified as needing improvement.",Review demand-based rosters and add coverage during peak periods.
OUT0724,Franchise Outlet 0724,40,19.0,85.92,94.15,85.73,3,0,1,39,0,2026-04-01,88.0,Meets Expectations,Understaffed,Meets Expectations,Medium,"Average staff performance is 85.7/100 with 94.1% attendance. The latest workforce schedule is understaffed, and 0 of 40 months were classified as needing improvement.",Review demand-based rosters and add coverage during peak periods.
OUT0725,Franchise Outlet 0725,40,8.0,98.53,93.44,89.5,8,0,0,40,0,2026-04-01,89.13,Meets Expectations,Understaffed,Meets Expectations,Medium,"Average staff performance is 89.5/100 with 93.4% attendance. The latest workforce schedule is understaffed, and 0 of 40 months were classified as needing improvement.",Review demand-based rosters and add coverage during peak periods.
OUT0726,Franchise Outlet 0726,40,19.0,71.16,94.74,78.65,0,0,28,12,0,2026-04-01,81.03,Meets Expectations,Understaffed,Meets Expectations,Medium,"Average staff performance is 78.7/100 with 94.7% attendance. The latest workforce schedule is understaffed, and 0 of 40 months were classified as needing improvement.",Review demand-based rosters and add coverage during peak periods.
OUT0727,Franchise Outlet 0727,40,25.0,36.85,92.87,57.71,0,40,0,0,40,2026-04-01,57.67,Needs Improvement,Overstaffed,Needs Improvement,High,"Average staff performance is 57.7/100 with 92.9% attendance. The latest workforce schedule is overstaffed, and 40 of 40 months were classified as needing improvement.",Rebalance excess shift coverage and use coaching or role changes to improve staff productivity.
OUT0728,Franchise Outlet 0728,40,17.0,74.22,93.28,77.14,0,0,14,26,0,2026-04-01,78.98,Meets Expectations,Understaffed,Meets Expectations,Medium,"Average staff performance is 77.1/100 with 93.3% attendance. The latest workforce schedule is understaffed, and 0 of 40 months were classified as needing improvement.",Review demand-based rosters and add coverage during peak periods.
OUT0729,Franchise Outlet 0729,40,12.0,93.39,93.75,88.07,7,0,0,40,0,2026-04-01,90.77,Meets Expectations,Understaffed,Meets Expectations,Medium,"Average staff performance is 88.1/100 with 93.8% attendance. The latest workforce schedule is understaffed, and 0 of 40 months were classified as needing improvement.",Review demand-based rosters and add coverage during peak periods.
OUT0730,Franchise Outlet 0730,40,13.0,52.99,94.01,67.82,0,11,0,0,40,2026-04-01,67.74,Meets Expectations,Overstaffed,Meets Expectations,Medium,"Average staff performance is 67.8/100 with 94.0% attendance. The latest workforce schedule is overstaffed, and 11 of 40 months were classified as needing improvement.",Align staffing hours with demand and move spare capacity to busier periods.
OUT0731,Franchise Outlet 0731,40,7.0,68.96,92.83,74.33,0,0,18,20,2,2026-04-01,71.98,Meets Expectations,Balanced,Meets Expectations,Low,"Average staff performance is 74.3/100 with 92.8% attendance. The latest workforce schedule is balanced, and 0 of 40 months were classified as needing improvement.",Maintain the current schedule and continue monitoring attendance and productivity.
OUT0732,Franchise Outlet 0732,40,10.0,100.0,95.06,94.37,40,0,0,40,0,2026-04-01,93.53,Top Performer,Understaffed,Top Performer,Medium,"Average staff performance is 94.4/100 with 95.1% attendance. The latest workforce schedule is understaffed, and 0 of 40 months were classified as needing improvement.",Review demand-based rosters and add coverage during peak periods.
OUT0733,Franchise Outlet 0733,40,18.0,66.56,95.48,78.48,0,0,32,2,6,2026-04-01,80.43,Meets Expectations,Balanced,Meets Expectations,Low,"Average staff performance is 78.5/100 with 95.5% attendance. The latest workforce schedule is balanced, and 0 of 40 months were classified as needing improvement.",Maintain the current schedule and continue monitoring attendance and productivity.
OUT0734,Franchise Outlet 0734,40,23.0,98.14,95.44,94.5,38,0,0,40,0,2026-04-01,96.56,Top Performer,Understaffed,Top Performer,Medium,"Average staff performance is 94.5/100 with 95.4% attendance. The latest workforce schedule is understaffed, and 0 of 40 months were classified as needing improvement.",Review demand-based rosters and add coverage during peak periods.
OUT0735,Franchise Outlet 0735,40,16.0,100.0,95.3,95.14,40,0,0,40,0,2026-04-01,93.75,Top Performer,Understaffed,Top Performer,Medium,"Average staff performance is 95.1/100 with 95.3% attendance. The latest workforce schedule is understaffed, and 0 of 40 months were classified as needing improvement.",Review demand-based rosters and add coverage during peak periods.
OUT0736,Franchise Outlet 0736,40,21.0,57.36,94.86,72.8,0,0,4,0,36,2026-04-01,75.95,Meets Expectations,Overstaffed,Meets Expectations,Medium,"Average staff performance is 72.8/100 with 94.9% attendance. The latest workforce schedule is overstaffed, and 0 of 40 months were classified as needing improvement.",Align staffing hours with demand and move spare capacity to busier periods.
OUT0737,Franchise Outlet 0737,40,13.0,100.0,95.45,95.12,39,0,0,40,0,2026-04-01,97.98,Top Performer,Understaffed,Top Performer,Medium,"Average staff performance is 95.1/100 with 95.5% attendance. The latest workforce schedule is understaffed, and 0 of 40 months were classified as needing improvement.",Review demand-based rosters and add coverage during peak periods.
OUT0738,Franchise Outlet 0738,40,24.0,32.72,92.68,55.3,0,40,0,0,40,2026-04-01,53.59,Needs Improvement,Overstaffed,Needs Improvement,High,"Average staff performance is 55.3/100 with 92.7% attendance. The latest workforce schedule is overstaffed, and 40 of 40 months were classified as needing improvement.",Rebalance excess shift coverage and use coaching or role changes to improve staff productivity.
OUT0739,Franchise Outlet 0739,40,17.0,57.93,93.32,69.04,0,5,7,0,33,2026-04-01,72.96,Meets Expectations,Balanced,Meets Expectations,Low,"Average staff performance is 69.0/100 with 93.3% attendance. The latest workforce schedule is balanced, and 5 of 40 months were classified as needing improvement.",Maintain the current schedule and continue monitoring attendance and productivity.
OUT0740,Franchise Outlet 0740,40,11.0,100.0,93.77,91.95,31,0,0,40,0,2026-04-01,91.68,Top Performer,Understaffed,Top Performer,Medium,"Average staff performance is 92.0/100 with 93.8% attendance. The latest workforce schedule is understaffed, and 0 of 40 months were classified as needing improvement.",Review demand-based rosters and add coverage during peak periods.
OUT0741,Franchise Outlet 0741,40,20.0,55.13,93.5,68.06,0,10,0,0,40,2026-04-01,68.81,Meets Expectations,Overstaffed,Meets Expectations,Medium,"Average staff performance is 68.1/100 with 93.5% attendance. The latest workforce schedule is overstaffed, and 10 of 40 months were classified as needing improvement.",Align staffing hours with demand and move spare capacity to busier periods.
OUT0742,Franchise Outlet 0742,40,23.0,55.97,94.12,69.84,0,0,2,0,38,2026-04-01,70.1,Meets Expectations,Overstaffed,Meets Expectations,Medium,"Average staff performance is 69.8/100 with 94.1% attendance. The latest workforce schedule is overstaffed, and 0 of 40 months were classified as needing improvement.",Align staffing hours with demand and move spare capacity to busier periods.
OUT0743,Franchise Outlet 0743,40,13.0,100.0,95.35,94.86,40,0,0,40,0,2026-04-01,96.68,Top Performer,Understaffed,Top Performer,Medium,"Average staff performance is 94.9/100 with 95.3% attendance. The latest workforce schedule is understaffed, and 0 of 40 months were classified as needing improvement.",Review demand-based rosters and add coverage during peak periods.
OUT0744,Franchise Outlet 0744,40,23.0,42.31,94.42,63.58,0,39,0,0,40,2026-04-01,64.32,Needs Improvement,Overstaffed,Needs Improvement,High,"Average staff performance is 63.6/100 with 94.4% attendance. The latest workforce schedule is overstaffed, and 39 of 40 months were classified as needing improvement.",Rebalance excess shift coverage and use coaching or role changes to improve staff productivity.
OUT0745,Franchise Outlet 0745,40,19.0,72.83,93.43,77.07,0,0,22,18,0,2026-04-01,81.33,Meets Expectations,Understaffed,Meets Expectations,Medium,"Average staff performance is 77.1/100 with 93.4% attendance. The latest workforce schedule is understaffed, and 0 of 40 months were classified as needing improvement.",Review demand-based rosters and add coverage during peak periods.
OUT0746,Franchise Outlet 0746,40,9.0,61.86,92.86,70.35,0,2,35,0,5,2026-04-01,72.66,Meets Expectations,Balanced,Meets Expectations,Low,"Average staff performance is 70.3/100 with 92.9% attendance. The latest workforce schedule is balanced, and 2 of 40 months were classified as needing improvement.",Maintain the current schedule and continue monitoring attendance and productivity.
OUT0747,Franchise Outlet 0747,40,19.0,43.47,94.24,63.29,0,38,0,0,40,2026-04-01,64.65,Needs Improvement,Overstaffed,Needs Improvement,High,"Average staff performance is 63.3/100 with 94.2% attendance. The latest workforce schedule is overstaffed, and 38 of 40 months were classified as needing improvement.",Rebalance excess shift coverage and use coaching or role changes to improve staff productivity.
OUT0748,Franchise Outlet 0748,40,21.0,99.31,94.23,91.86,30,0,0,40,0,2026-04-01,92.66,Top Performer,Understaffed,Top Performer,Medium,"Average staff performance is 91.9/100 with 94.2% attendance. The latest workforce schedule is understaffed, and 0 of 40 months were classified as needing improvement.",Review demand-based rosters and add coverage during peak periods.
OUT0749,Franchise Outlet 0749,40,17.0,59.56,93.26,69.63,0,1,13,0,27,2026-04-01,73.36,Meets Expectations,Balanced,Meets Expectations,Low,"Average staff performance is 69.6/100 with 93.3% attendance. The latest workforce schedule is balanced, and 1 of 40 months were classified as needing improvement.",Maintain the current schedule and continue monitoring attendance and productivity.
OUT0750,Franchise Outlet 0750,40,25.0,74.5,95.35,82.08,0,0,13,27,0,2026-04-01,83.48,Meets Expectations,Understaffed,Meets Expectations,Medium,"Average staff performance is 82.1/100 with 95.4% attendance. The latest workforce schedule is understaffed, and 0 of 40 months were classified as needing improvement.",Review demand-based rosters and add coverage during peak periods.
