Outlet_ID,Outlet_Name,Total_Sales,Total_Profit,Avg_Profit_Margin,Total_Orders,Total_Footfall,Avg_Conversion_Rate,Avg_Order_Value,Avg_Customer_Satisfaction,Total_Complaints,Months_Recorded,Avg_Monthly_Sales,Sales_Rank,Profit_Rank,Margin_Rank,Conversion_Rank,AOV_Rank,Satisfaction_Rank,Benchmark_Score,Benchmark_Rank,Benchmark_Category
OUT0615,Franchise Outlet 0615,385946519.99,68587357.46,17.94,222972.0,611932.0,37.59,1685.85,4.1,653.0,40,9648663.0,1,1,384,12,58,68,87.6,1,Top Performer
OUT0723,Franchise Outlet 0723,315954420.41,65532570.33,20.79,227996.0,548929.0,41.51,1384.45,3.88,711.0,40,7898860.51,4,2,12,3,234,168,85.74,2,Top Performer
OUT0595,Franchise Outlet 0595,321958991.86,62565428.81,19.58,186267.0,550904.0,32.18,1727.89,4.13,715.0,40,8048974.8,3,3,80,51,31,49,82.52,3,Top Performer
OUT0604,Franchise Outlet 0604,279000749.36,51625388.28,18.57,155757.0,479911.0,32.51,1790.01,4.13,675.0,40,6975018.73,6,6,256,44,6,49,74.28,4,Top Performer
OUT0735,Franchise Outlet 0735,306016828.62,52834117.05,17.4,228982.0,604987.0,37.81,1336.45,4.14,711.0,40,7650420.72,5,5,508,9,263,43,73.26,5,Top Performer
OUT0579,Franchise Outlet 0579,325527500.55,52966674.88,16.16,194355.0,563566.0,34.48,1676.01,3.96,762.0,40,8138187.51,2,4,705,23,62,132,72.14,6,Top Performer
OUT0445,Franchise Outlet 0445,260036759.92,46086837.04,17.73,157530.0,418987.0,37.64,1652.86,4.08,684.0,40,6500919.0,8,8,427,11,75,81,70.31,7,Top Performer
OUT0324,Franchise Outlet 0324,230765307.99,41541480.03,18.09,142077.0,391823.0,37.19,1588.45,3.95,710.0,40,5769132.7,12,14,350,13,122,136,66.01,8,Top Performer
OUT0354,Franchise Outlet 0354,234398186.84,46644680.03,19.87,145253.0,552033.0,26.3,1613.22,3.76,761.0,40,5859954.67,11,7,50,201,105,233,65.94,9,Top Performer
OUT0476,Franchise Outlet 0476,229001230.7,41965399.79,18.41,138411.0,441014.0,31.44,1648.71,4.01,708.0,40,5725030.77,14,11,285,66,79,111,64.94,10,Top Performer
OUT0422,Franchise Outlet 0422,218461483.0,41376310.22,18.83,146000.0,446083.0,33.71,1451.46,4.08,686.0,40,5461537.08,19,16,196,28,191,81,64.81,11,Top Performer
OUT0606,Franchise Outlet 0606,193724086.82,38575523.85,20.11,136415.0,424309.0,32.13,1419.1,4.18,638.0,40,4843102.17,35,20,32,52,212,25,64.32,12,Top Performer
OUT0349,Franchise Outlet 0349,273323182.2,43730317.65,16.12,160623.0,501884.0,32.04,1707.11,3.86,717.0,40,6833079.56,7,9,709,53,41,176,63.82,13,Top Performer
OUT0250,Franchise Outlet 0250,206237517.58,41843662.21,20.19,188055.0,632907.0,29.72,1096.59,4.18,672.0,40,5155937.94,23,12,31,99,411,25,63.09,14,Top Performer
OUT0021,Franchise Outlet 0021,194005262.25,37535089.51,19.44,185180.0,488090.0,37.93,1048.5,4.24,644.0,40,4850131.56,33,22,97,8,432,8,62.82,15,Top Performer
OUT0560,Franchise Outlet 0560,243556352.52,42998587.87,17.5,142633.0,459663.0,31.05,1657.07,3.69,760.0,40,6088908.81,9,10,479,76,70,258,62.53,16,Top Performer
OUT0640,Franchise Outlet 0640,204714935.79,41616228.22,20.49,138062.0,500040.0,27.64,1483.66,3.65,809.0,40,5117873.39,24,13,21,158,172,278,62.36,17,Top Performer
OUT0116,Franchise Outlet 0116,207557225.32,41520063.94,20.05,122466.0,576571.0,21.72,1652.89,3.92,690.0,40,5188930.63,22,15,35,366,74,156,61.84,18,Top Performer
OUT0129,Franchise Outlet 0129,236703859.15,41371608.76,17.43,169351.0,516712.0,32.8,1397.31,3.9,689.0,40,5917596.48,10,17,496,38,226,163,61.42,19,Top Performer
OUT0641,Franchise Outlet 0641,153103527.34,29201809.27,19.13,86161.0,225921.0,39.15,1730.48,4.09,630.0,40,3827588.18,77,65,144,6,28,71,61.12,20,Top Performer
OUT0290,Franchise Outlet 0290,210991730.62,35699925.04,16.81,124053.0,384656.0,32.22,1698.09,4.09,675.0,40,5274793.27,21,30,614,48,49,71,59.47,21,Top Performer
OUT0033,Franchise Outlet 0033,185884992.55,37265052.74,19.83,147533.0,519162.0,28.45,1258.91,4.06,749.0,40,4647124.81,42,25,53,130,316,91,59.3,22,Top Performer
OUT0667,Franchise Outlet 0667,225869071.43,39392993.8,17.49,179745.0,558403.0,32.19,1255.6,3.93,704.0,40,5646726.79,16,18,482,50,318,151,58.97,23,Top Performer
OUT0359,Franchise Outlet 0359,200813546.74,37017788.34,18.29,119590.0,366540.0,31.84,1678.55,3.51,822.0,40,5020338.67,26,26,306,58,60,344,58.55,24,Top Performer
OUT0521,Franchise Outlet 0521,199024672.77,35553740.95,17.86,120691.0,436544.0,27.64,1650.05,4.12,729.0,40,4975616.82,28,31,399,158,78,58,58.5,25,Top Performer
OUT0118,Franchise Outlet 0118,166413338.19,33038052.11,19.93,97258.0,344871.0,28.89,1671.0,3.82,732.0,40,4160333.45,60,46,45,118,64,198,58.49,26,Top Performer
OUT0275,Franchise Outlet 0275,224664207.58,38951965.1,17.23,140643.0,580996.0,24.17,1600.16,4.07,657.0,40,5616605.19,17,19,544,269,116,85,58.02,27,Top Performer
OUT0245,Franchise Outlet 0245,191365386.86,34522599.28,18.04,120862.0,446792.0,26.36,1583.04,4.25,660.0,40,4784134.67,37,37,362,195,126,7,57.67,28,Top Performer
OUT0515,Franchise Outlet 0515,170424757.6,32057203.71,18.89,100575.0,343725.0,29.22,1696.61,3.99,708.0,40,4260618.94,56,50,189,109,52,117,57.65,29,Top Performer
OUT0009,Franchise Outlet 0009,196913250.38,37460563.54,19.02,163279.0,512936.0,31.81,1205.6,3.69,760.0,40,4922831.26,29,23,165,59,344,258,57.46,30,Top Performer
OUT0716,Franchise Outlet 0716,158933669.08,29453916.57,18.72,156051.0,370866.0,42.1,1017.05,4.18,724.0,40,3973341.73,66,61,224,1,444,25,57.38,31,Top Performer
OUT0561,Franchise Outlet 0561,222155674.74,37822384.24,17.03,155222.0,544676.0,28.51,1431.33,3.94,680.0,40,5553891.87,18,21,582,127,200,144,56.97,32,Top Performer
OUT0413,Franchise Outlet 0413,154434344.93,29667948.41,19.39,94249.0,311937.0,30.24,1639.91,3.99,696.0,40,3860858.62,74,58,102,92,84,117,56.74,33,Top Performer
OUT0061,Franchise Outlet 0061,169931924.09,32175325.73,18.82,106854.0,367161.0,29.13,1589.22,3.99,698.0,40,4248298.1,57,49,199,112,120,117,56.7,34,Top Performer
OUT0086,Franchise Outlet 0086,229758761.57,37312373.0,16.21,185305.0,569977.0,32.53,1241.49,4.0,691.0,40,5743969.04,13,24,702,43,327,115,56.39,35,Top Performer
OUT0484,Franchise Outlet 0484,184967866.85,35162316.25,19.26,152059.0,559256.0,27.18,1215.61,4.01,677.0,40,4624196.67,43,33,118,174,337,111,56.18,36,Top Performer
OUT0028,Franchise Outlet 0028,201282780.14,33653270.3,17.03,153688.0,453224.0,33.07,1308.94,4.1,631.0,40,5032069.5,25,44,582,34,282,68,56.09,37,Top Performer
OUT0294,Franchise Outlet 0294,150148104.79,27254258.18,18.09,112750.0,288932.0,39.1,1332.67,4.24,647.0,40,3753702.62,84,77,350,7,264,8,56.09,37,Top Performer
OUT0300,Franchise Outlet 0300,228863807.74,36246572.96,15.91,133888.0,464050.0,29.58,1668.26,3.81,762.0,40,5721595.19,15,27,721,101,65,207,56.08,39,Top Performer
OUT0713,Franchise Outlet 0713,163101795.83,30877845.99,19.0,110469.0,380183.0,29.05,1477.65,4.11,727.0,40,4077544.9,63,57,167,114,177,62,55.97,40,Top Performer
OUT0137,Franchise Outlet 0137,186311405.54,34677540.23,18.56,115326.0,399921.0,28.87,1617.41,3.58,824.0,40,4657785.14,41,34,262,119,99,315,55.92,41,Top Performer
OUT0067,Franchise Outlet 0067,188384892.33,35867933.9,19.04,102478.0,510935.0,20.53,1796.37,3.66,774.0,40,4709622.31,40,29,159,421,4,271,55.55,42,Top Performer
OUT0642,Franchise Outlet 0642,182386134.06,34607609.43,18.92,107487.0,532507.0,21.18,1615.97,3.98,714.0,40,4559653.35,47,36,184,394,103,124,55.26,43,Top Performer
OUT0469,Franchise Outlet 0469,177887926.13,34677324.55,19.53,154290.0,510501.0,30.19,1154.14,3.71,762.0,40,4447198.15,50,35,88,93,373,252,55.21,44,Top Performer
OUT0276,Franchise Outlet 0276,152791873.0,28298657.9,18.72,83592.0,307114.0,27.33,1774.66,4.06,679.0,40,3819796.82,79,71,224,170,12,91,54.92,45,Top Performer
OUT0516,Franchise Outlet 0516,193813132.0,36140916.14,18.77,119593.0,485713.0,25.26,1580.74,3.47,874.0,40,4845328.3,34,28,211,230,128,357,54.88,46,Top Performer
OUT0158,Franchise Outlet 0158,177855605.66,33730637.92,18.98,133794.0,500514.0,26.77,1326.03,3.94,698.0,40,4446390.14,51,41,173,182,270,144,54.86,47,Top Performer
OUT0743,Franchise Outlet 0743,214028987.34,35408927.22,16.41,181460.0,547476.0,32.31,1180.35,4.06,667.0,40,5350724.68,20,32,683,45,357,91,54.85,48,Top Performer
OUT0627,Franchise Outlet 0627,182813350.83,33712260.93,18.58,142582.0,461204.0,30.17,1282.16,3.8,853.0,40,4570333.77,46,42,253,94,303,211,54.76,49,Top Performer
OUT0562,Franchise Outlet 0562,184116674.27,34072010.95,18.57,119882.0,454152.0,26.91,1502.5,3.67,797.0,40,4602916.86,44,39,256,179,163,264,54.39,50,Top Performer
OUT0522,Franchise Outlet 0522,181519343.34,31972076.92,17.54,140263.0,447344.0,31.38,1294.9,4.04,650.0,40,4537983.58,49,52,469,69,294,100,53.99,51,Top Performer
OUT0395,Franchise Outlet 0395,152506058.11,29416098.84,19.23,92119.0,335193.0,28.1,1617.38,3.77,771.0,40,3812651.45,81,62,123,142,100,228,53.84,52,Top Performer
OUT0044,Franchise Outlet 0044,169229896.7,34008116.7,20.2,119575.0,464626.0,25.73,1415.38,3.37,896.0,40,4230747.42,58,40,29,217,215,401,53.72,53,Top Performer
OUT0457,Franchise Outlet 0457,199798746.13,34077712.73,17.15,158369.0,510874.0,30.95,1262.46,3.85,741.0,40,4994968.65,27,38,556,78,312,185,53.68,54,Top Performer
OUT0435,Franchise Outlet 0435,158537144.7,27708209.96,17.82,87570.0,318480.0,28.12,1767.58,4.07,661.0,40,3963428.62,67,73,406,141,15,85,53.66,55,Top Performer
OUT0535,Franchise Outlet 0535,193089238.64,33560771.01,17.47,207772.0,550406.0,36.83,929.77,3.82,803.0,40,4827230.97,36,45,487,15,502,198,53.65,56,Top Performer
OUT0513,Franchise Outlet 0513,132780675.4,27508270.4,20.71,82499.0,362921.0,21.66,1609.91,4.07,694.0,40,3319516.88,105,75,14,368,108,85,53.6,57,Top Performer
OUT0332,Franchise Outlet 0332,164946948.79,31572923.54,19.04,146204.0,462754.0,31.61,1128.35,3.86,704.0,40,4123673.72,61,53,159,64,391,176,53.56,58,Top Performer
OUT0748,Franchise Outlet 0748,168973445.24,33696736.55,19.89,123650.0,481412.0,25.68,1366.79,3.49,820.0,40,4224336.13,59,43,48,219,245,356,53.29,59,Top Performer
OUT0471,Franchise Outlet 0471,190867641.16,32004710.9,16.81,115555.0,462033.0,25.59,1617.11,3.99,734.0,40,4771691.03,38,51,614,223,101,117,52.71,60,Top Performer
OUT0419,Franchise Outlet 0419,132263591.88,24002753.66,18.12,95063.0,265508.0,35.84,1392.56,4.15,714.0,40,3306589.8,106,103,341,19,228,36,52.27,61,Top Performer
OUT0646,Franchise Outlet 0646,196756631.95,31229839.61,15.88,148998.0,465127.0,31.96,1321.3,4.09,683.0,40,4918915.8,30,56,722,54,274,71,52.19,62,Top Performer
OUT0489,Franchise Outlet 0489,152948167.74,29596137.89,19.22,177687.0,541132.0,33.58,839.27,3.99,668.0,40,3823704.19,78,59,125,29,557,117,51.89,63,Top Performer
OUT0463,Franchise Outlet 0463,194288613.01,33013322.19,16.97,133810.0,489218.0,28.03,1419.82,3.73,766.0,40,4857215.33,32,47,598,145,211,245,51.75,64,Top Performer
OUT0468,Franchise Outlet 0468,119748384.95,21091787.71,17.66,67880.0,201347.0,33.75,1762.33,4.2,703.0,40,2993709.62,127,134,448,27,19,16,51.55,65,Top Performer
OUT0091,Franchise Outlet 0091,174485188.29,31541110.36,18.18,175233.0,552003.0,31.75,994.91,3.83,750.0,40,4362129.71,52,54,327,62,455,193,51.39,66,Top Performer
OUT0732,Franchise Outlet 0732,154643615.25,28508054.42,18.3,113157.0,403232.0,28.08,1366.51,3.96,701.0,40,3866090.38,72,69,303,143,246,132,51.06,67,Top Performer
OUT0247,Franchise Outlet 0247,131514778.86,23501627.39,17.82,92033.0,259384.0,35.46,1429.0,4.02,687.0,40,3287869.47,109,109,406,21,204,107,50.8,68,Top Performer
OUT0317,Franchise Outlet 0317,189303795.09,31359803.61,16.55,111112.0,464071.0,23.86,1664.1,3.87,760.0,40,4732594.88,39,55,661,280,67,173,50.75,69,Top Performer
OUT0693,Franchise Outlet 0693,172687351.61,29121498.42,16.98,122453.0,369875.0,32.23,1409.0,3.71,731.0,40,4317183.79,53,66,596,47,221,252,50.57,70,Top Performer
OUT0608,Franchise Outlet 0608,194378097.12,32893829.23,16.83,148157.0,556560.0,25.89,1312.92,3.85,728.0,40,4859452.43,31,48,613,212,278,185,50.41,71,Top Performer
OUT0192,Franchise Outlet 0192,171677541.15,29501557.59,17.25,182679.0,552656.0,33.08,939.94,4.09,700.0,40,4291938.53,54,60,538,33,495,71,50.3,72,Top Performer
OUT0441,Franchise Outlet 0441,124812807.96,23737250.5,18.93,88175.0,282499.0,31.22,1415.46,3.95,752.0,40,3120320.2,120,105,183,74,214,136,50.27,73,Top Performer
OUT0194,Franchise Outlet 0194,117733866.94,22144317.62,18.99,67960.0,242526.0,27.37,1731.29,3.98,690.0,40,2943346.67,133,124,171,169,27,124,50.13,74,Top Performer
OUT0571,Franchise Outlet 0571,126183245.29,22554029.79,17.72,125825.0,320632.0,39.25,1002.26,4.28,693.0,40,3154581.13,117,120,429,5,450,5,49.94,75,Top Performer
OUT0594,Franchise Outlet 0594,150445768.31,27689828.8,18.26,141930.0,495638.0,27.97,1060.26,4.21,637.0,40,3761144.21,83,74,312,148,427,14,49.56,76,Top Performer
OUT0597,Franchise Outlet 0597,171092460.11,28342983.73,16.51,100752.0,368345.0,26.71,1696.83,3.66,841.0,40,4277311.5,55,70,667,183,51,271,48.65,77,Top Performer
OUT0361,Franchise Outlet 0361,122835206.62,24508051.85,19.76,129399.0,435661.0,31.37,899.13,3.98,747.0,40,3070880.17,125,100,59,70,524,124,48.51,78,Top Performer
OUT0572,Franchise Outlet 0572,117054006.3,22803290.97,19.7,72346.0,255066.0,28.35,1619.05,3.46,829.0,40,2926350.16,137,114,66,136,97,359,48.34,79,Top Performer
OUT0702,Franchise Outlet 0702,155717974.69,26513795.25,16.98,136807.0,447383.0,30.58,1138.88,4.14,715.0,40,3892949.37,71,84,596,84,385,43,48.27,80,Top Performer
OUT0049,Franchise Outlet 0049,133342045.51,25611725.94,19.0,114802.0,464329.0,24.71,1161.52,4.18,696.0,40,3333551.14,103,93,167,248,370,25,48.26,81,Top Performer
OUT0660,Franchise Outlet 0660,156523275.96,28998967.86,18.77,121073.0,481914.0,25.13,1257.01,3.61,775.0,40,3913081.9,69,68,211,235,317,300,48.18,82,Top Performer
OUT0582,Franchise Outlet 0582,153634678.07,29256577.51,19.08,91308.0,383820.0,24.37,1642.28,3.05,965.0,40,3840866.95,75,63,152,258,83,564,47.97,83,Top Performer
OUT0039,Franchise Outlet 0039,115867619.26,22192651.8,19.03,96042.0,307053.0,32.2,1172.77,3.95,692.0,40,2896690.48,141,123,161,49,365,136,47.96,84,Top Performer
OUT0581,Franchise Outlet 0581,147675183.94,26727040.69,18.16,92040.0,421949.0,21.84,1604.27,3.82,752.0,40,3691879.6,85,82,335,363,112,198,47.87,85,Top Performer
OUT0140,Franchise Outlet 0140,126933817.51,23409569.89,18.5,95581.0,300237.0,31.87,1327.78,3.7,834.0,40,3173345.44,115,111,271,57,268,256,47.65,86,Top Performer
OUT0685,Franchise Outlet 0685,143584811.46,27133160.61,19.09,136658.0,511621.0,26.69,1051.16,3.79,735.0,40,3589620.29,89,79,151,184,431,217,47.49,87,Top Performer
OUT0342,Franchise Outlet 0342,147304158.88,25903191.66,17.83,87336.0,301024.0,28.38,1686.1,3.31,915.0,40,3682603.97,86,87,405,134,57,435,47.43,88,Top Performer
OUT0690,Franchise Outlet 0690,182332188.82,29225289.92,16.04,135661.0,455931.0,29.74,1343.39,3.61,869.0,40,4558304.72,48,64,714,98,255,300,47.25,89,Top Performer
OUT0672,Franchise Outlet 0672,115395025.67,21724357.08,18.82,66845.0,284210.0,22.97,1725.9,3.86,740.0,40,2884875.64,142,129,199,317,33,176,46.83,90,Top Performer
OUT0423,Franchise Outlet 0423,164199425.21,27961694.83,17.04,106481.0,430396.0,24.17,1543.37,3.64,767.0,40,4104985.63,62,72,580,269,144,286,46.75,91,Top Performer
OUT0203,Franchise Outlet 0203,183678005.24,29088094.75,15.69,112338.0,457424.0,23.36,1635.93,3.74,776.0,40,4591950.13,45,67,729,303,87,240,46.68,92,Top Performer
OUT0253,Franchise Outlet 0253,134245154.36,26497429.37,19.72,89228.0,433629.0,20.59,1505.08,3.46,898.0,40,3356128.86,102,85,64,416,162,359,46.63,93,Top Performer
OUT0459,Franchise Outlet 0459,154610800.73,27335696.52,17.87,95015.0,372359.0,25.59,1625.11,3.24,967.0,40,3865270.02,73,76,396,223,93,472,46.44,94,Top Performer
OUT0506,Franchise Outlet 0506,94145861.8,17296670.65,18.26,71336.0,215465.0,32.27,1321.7,4.31,649.0,40,2353646.54,193,189,312,46,272,2,46.41,95,Top Performer
OUT0051,Franchise Outlet 0051,140698948.77,26967696.21,19.19,102356.0,482825.0,21.26,1374.81,3.6,787.0,40,3517473.72,94,80,132,388,239,306,46.33,96,Top Performer
OUT0370,Franchise Outlet 0370,135195587.6,22470949.24,16.37,92736.0,285083.0,32.56,1458.83,3.94,691.0,40,3379889.69,98,121,688,42,187,144,46.3,97,Top Performer
OUT0703,Franchise Outlet 0703,93976186.3,16345441.8,17.5,57842.0,177160.0,32.67,1626.76,4.19,657.0,40,2349404.66,195,208,479,41,90,21,46.27,98,Top Performer
OUT0647,Franchise Outlet 0647,123357733.83,22978652.43,18.76,87107.0,398479.0,21.88,1416.82,4.09,638.0,40,3083943.35,123,113,215,360,213,71,46.27,98,Top Performer
OUT0592,Franchise Outlet 0592,151705736.17,26765819.4,17.71,108032.0,425250.0,25.43,1401.52,3.63,796.0,40,3792643.4,82,81,433,227,224,293,46.26,100,Top Performer
OUT0381,Franchise Outlet 0381,145732811.63,25689050.7,17.76,136543.0,539175.0,25.38,1065.92,4.17,590.0,40,3643320.29,87,91,420,228,424,32,46.2,101,Top Performer
OUT0558,Franchise Outlet 0558,122981804.07,21539320.75,17.69,69172.0,247120.0,28.75,1734.77,3.61,797.0,40,3074545.1,124,130,440,124,26,300,46.2,101,Top Performer
OUT0718,Franchise Outlet 0718,162281509.16,26706638.88,16.56,107127.0,452673.0,23.67,1514.2,3.86,734.0,40,4057037.73,65,83,660,292,158,176,46.05,103,Top Performer
OUT0401,Franchise Outlet 0401,117379507.75,20720640.5,17.41,78534.0,265823.0,30.3,1455.74,4.0,650.0,40,2934487.69,134,141,501,89,189,115,45.86,104,Top Performer
OUT0010,Franchise Outlet 0010,89808414.2,18718482.51,20.82,69043.0,270184.0,25.58,1299.96,3.83,745.0,40,2245210.36,213,166,11,225,288,193,45.83,105,Top Performer
OUT0699,Franchise Outlet 0699,74162006.11,16403701.93,22.08,133822.0,430809.0,31.07,554.41,4.24,708.0,40,1854050.15,281,207,1,75,699,8,45.74,106,Top Performer
OUT0239,Franchise Outlet 0239,134364222.63,24812476.58,18.59,90948.0,332406.0,24.7,1479.92,3.51,857.0,40,3359105.57,101,97,249,249,174,344,45.7,107,Top Performer
OUT0079,Franchise Outlet 0079,153453990.94,27167124.39,17.52,154377.0,508841.0,30.36,993.32,3.67,764.0,40,3836349.77,76,78,474,88,456,264,45.56,108,Top Performer
OUT0734,Franchise Outlet 0734,131207980.86,23331075.01,17.78,124292.0,451407.0,27.57,1055.94,4.2,671.0,40,3280199.52,110,112,415,162,428,16,45.48,109,Top Performer
OUT0346,Franchise Outlet 0346,140769635.75,25816686.91,18.28,111485.0,382791.0,29.14,1260.9,3.38,942.0,40,3519240.89,93,88,308,111,313,399,45.48,109,Top Performer
OUT0671,Franchise Outlet 0671,124922585.95,23712071.25,18.98,97871.0,397413.0,24.63,1276.56,3.76,789.0,40,3123064.65,119,106,173,250,306,233,45.36,111,Top Performer
OUT0737,Franchise Outlet 0737,111975901.5,21001313.04,18.71,113775.0,381250.0,29.84,984.51,4.14,713.0,40,2799397.54,146,139,227,96,465,43,45.32,112,Top Performer
OUT0157,Franchise Outlet 0157,58057622.05,12466296.33,21.56,65306.0,189606.0,34.45,889.23,4.09,666.0,40,1451440.55,367,300,4,24,530,71,45.28,113,Top Performer
OUT0179,Franchise Outlet 0179,152768870.98,26406903.02,17.2,86436.0,369381.0,24.08,1717.91,3.27,986.0,40,3819221.77,80,86,550,273,37,456,44.85,114,Top Performer
OUT0082,Franchise Outlet 0082,142219099.66,24917954.15,17.69,111159.0,500237.0,22.24,1277.88,3.98,729.0,40,3555477.49,91,96,440,344,305,124,44.63,115,Top Performer
OUT0151,Franchise Outlet 0151,88285266.65,16318171.08,18.62,51141.0,176290.0,28.29,1726.51,3.78,748.0,40,2207131.67,220,210,242,138,32,224,44.54,116,Top Performer
OUT0526,Franchise Outlet 0526,123748067.7,23563705.86,19.07,68121.0,363633.0,18.74,1817.16,3.37,848.0,40,3093701.69,122,108,156,522,1,401,44.54,116,Top Performer
OUT0108,Franchise Outlet 0108,137007323.28,25707293.93,18.61,98853.0,440078.0,21.42,1385.01,3.57,822.0,40,3425183.08,96,90,245,381,233,319,44.46,118,Top Performer
OUT0222,Franchise Outlet 0222,103030598.69,17795632.39,17.38,95176.0,261385.0,36.46,1082.73,4.11,595.0,40,2575764.97,168,181,515,16,415,62,44.39,119,Top Performer
OUT0386,Franchise Outlet 0386,136829351.29,24763128.44,18.1,148227.0,514919.0,28.82,922.36,3.81,819.0,40,3420733.78,97,98,346,121,507,207,44.34,120,Top Performer
OUT0311,Franchise Outlet 0311,91483417.72,16299079.58,17.97,67563.0,201113.0,32.83,1314.37,4.11,696.0,40,2287085.44,206,211,378,37,276,62,44.34,120,Top Performer
OUT0171,Franchise Outlet 0171,118437263.86,22644512.99,19.08,120110.0,433924.0,27.68,985.34,3.82,749.0,40,2960931.6,131,117,152,155,464,198,44.29,122,Top Performer
OUT0259,Franchise Outlet 0259,162863448.94,25035662.43,15.47,183354.0,575517.0,31.94,887.94,4.19,628.0,40,4071586.22,64,95,739,56,531,21,44.27,123,Top Performer
OUT0230,Franchise Outlet 0230,118875512.54,20491766.8,17.23,120288.0,357350.0,32.91,986.72,4.18,631.0,40,2971887.81,129,144,544,36,462,25,44.27,123,Top Performer
OUT0669,Franchise Outlet 0669,111259439.24,17538388.2,15.88,84429.0,233260.0,37.06,1287.21,4.22,656.0,40,2781485.98,149,185,722,14,299,12,44.27,123,Top Performer
OUT0525,Franchise Outlet 0525,93430241.82,18765053.78,19.82,83532.0,294069.0,28.39,1118.98,3.86,692.0,40,2335756.05,198,165,54,133,400,176,44.2,126,Top Performer
OUT0339,Franchise Outlet 0339,100827581.91,18242279.14,18.09,55934.0,200136.0,28.0,1800.44,3.55,902.0,40,2520689.55,174,172,350,147,3,333,44.12,127,Top Performer
OUT0707,Franchise Outlet 0707,156511515.54,25596289.38,16.51,137182.0,572291.0,24.05,1140.66,4.11,687.0,40,3912787.89,70,94,667,275,382,62,44.03,128,Top Performer
OUT0536,Franchise Outlet 0536,100655891.76,21206877.16,21.0,106348.0,471201.0,22.57,946.85,3.84,748.0,40,2516397.29,175,132,7,334,490,189,43.96,129,Top Performer
OUT0267,Franchise Outlet 0267,143957685.91,25727311.37,17.96,127811.0,562554.0,22.75,1126.77,3.85,714.0,40,3598942.15,88,89,381,326,394,185,43.94,130,Top Performer
OUT0492,Franchise Outlet 0492,134582728.64,24743511.42,18.42,113270.0,457066.0,24.33,1189.59,3.66,809.0,40,3364568.22,99,99,284,260,350,271,43.93,131,Top Performer
OUT0249,Franchise Outlet 0249,109116310.45,20339498.08,18.59,101291.0,364555.0,27.88,1046.43,4.08,650.0,40,2727907.76,157,146,249,149,434,81,43.9,132,Top Performer
OUT0018,Franchise Outlet 0018,56029295.94,11633055.68,20.65,44014.0,146321.0,29.38,1271.43,4.1,712.0,40,1400732.4,375,333,16,106,309,68,43.68,133,Top Performer
OUT0382,Franchise Outlet 0382,118480787.31,22782528.02,19.38,86162.0,369336.0,22.72,1376.05,3.45,908.0,40,2962019.68,130,115,105,330,238,365,43.49,134,Top Performer
OUT0580,Franchise Outlet 0580,54986601.65,10774593.56,19.56,47055.0,137957.0,35.06,1139.72,4.2,643.0,40,1374665.04,382,359,83,22,384,16,43.26,135,Top Performer
OUT0233,Franchise Outlet 0233,67373134.5,12114267.06,17.75,40783.0,124060.0,32.72,1621.27,4.15,680.0,40,1684328.36,316,310,422,40,94,36,43.21,136,Top Performer
OUT0134,Franchise Outlet 0134,57256088.32,10765772.12,18.96,38932.0,122377.0,31.77,1471.25,4.18,697.0,40,1431402.21,368,361,179,61,180,25,43.09,137,Top Performer
OUT0467,Franchise Outlet 0467,132101383.4,23658555.58,17.86,133449.0,507396.0,25.7,991.15,3.95,677.0,40,3302534.58,107,107,399,218,460,136,43.09,137,Top Performer
OUT0085,Franchise Outlet 0085,117096849.42,21045825.23,17.93,86161.0,332389.0,25.26,1361.46,3.82,756.0,40,2927421.24,136,138,386,230,248,198,43.05,139,Top Performer
OUT0096,Franchise Outlet 0096,96207939.54,16344823.14,17.24,155654.0,389202.0,42.01,589.58,4.3,662.0,40,2405198.49,188,209,540,2,676,3,43.05,139,Top Performer
OUT0473,Franchise Outlet 0473,105017870.02,19986674.53,18.98,108658.0,456025.0,23.85,966.49,4.26,638.0,40,2625446.75,165,151,173,282,474,6,42.95,141,Top Performer
OUT0617,Franchise Outlet 0617,88572862.94,17204255.08,19.48,88547.0,298527.0,29.75,999.99,3.95,736.0,40,2214321.57,219,190,93,97,452,136,42.88,142,Top Performer
OUT0016,Franchise Outlet 0016,103913418.6,16735467.26,16.3,86087.0,229008.0,37.7,1175.17,4.06,683.0,40,2597835.47,166,201,694,10,360,91,42.86,143,Top Performer
OUT0470,Franchise Outlet 0470,133222564.15,23763167.55,18.0,93007.0,358098.0,25.97,1433.38,3.24,1049.0,40,3330564.1,104,104,373,209,199,472,42.75,144,Top Performer
OUT0221,Franchise Outlet 0221,123904349.92,21175257.05,17.13,86235.0,307015.0,28.07,1435.92,3.63,803.0,40,3097608.75,121,133,561,144,198,293,42.65,145,Top Performer
OUT0530,Franchise Outlet 0530,64782151.15,12013818.49,18.62,37111.0,116182.0,30.92,1704.1,3.82,727.0,40,1619553.78,330,313,242,79,45,198,42.64,146,Top Performer
OUT0712,Franchise Outlet 0712,119644988.98,21049044.04,17.64,131402.0,411446.0,31.95,911.52,3.86,678.0,40,2991124.72,128,137,453,55,515,176,42.52,147,Top Performer
OUT0112,Franchise Outlet 0112,85786855.95,15627454.28,18.1,51145.0,199995.0,25.52,1678.56,3.95,702.0,40,2144671.4,224,225,346,226,59,136,42.51,148,Top Performer
OUT0576,Franchise Outlet 0576,98097861.05,20390461.63,20.77,65972.0,307414.0,21.5,1486.46,3.13,968.0,40,2452446.53,182,145,13,374,168,527,42.44,149,Top Performer
OUT0573,Franchise Outlet 0573,81107019.11,14969441.73,18.47,47757.0,196101.0,23.68,1698.82,4.02,648.0,40,2027675.48,243,234,278,291,47,107,42.43,150,Top Performer
OUT0111,Franchise Outlet 0111,116657786.64,21075600.53,18.18,89189.0,382926.0,22.8,1306.65,3.88,743.0,40,2916444.67,139,135,327,323,285,168,42.38,151,Top Performer
OUT0153,Franchise Outlet 0153,102746534.07,16934761.44,16.39,64964.0,227773.0,27.77,1580.9,4.17,709.0,40,2568663.35,170,194,685,151,127,32,42.28,152,Top Performer
OUT0178,Franchise Outlet 0178,118164568.54,21736977.37,18.49,106759.0,448869.0,23.81,1107.36,3.87,737.0,40,2954114.21,132,128,273,284,408,173,42.26,153,Top Performer
OUT0666,Franchise Outlet 0666,140179632.64,23456075.61,16.85,78981.0,357810.0,22.11,1774.49,3.33,953.0,40,3504490.82,95,110,611,351,13,422,42.15,154,Top Performer
OUT0254,Franchise Outlet 0254,158070148.77,25660982.04,16.27,126399.0,553267.0,22.85,1250.22,3.79,757.0,40,3951753.72,68,92,698,321,322,217,42.12,155,Top Performer
OUT0256,Franchise Outlet 0256,142822746.98,22603882.56,16.09,178697.0,539466.0,31.35,798.79,4.14,694.0,40,3570568.67,90,118,711,72,574,43,42.08,156,Top Performer
OUT0724,Franchise Outlet 0724,131833368.58,22556750.87,17.1,80896.0,376011.0,21.53,1592.27,3.64,838.0,40,3295834.21,108,119,568,372,118,286,41.95,157,Top Performer
OUT0199,Franchise Outlet 0199,122213704.39,22366120.8,18.18,67611.0,345494.0,19.54,1807.2,3.27,909.0,40,3055342.61,126,122,327,471,2,456,41.95,157,Top Performer
OUT0127,Franchise Outlet 0127,141799353.42,24381676.08,17.07,91391.0,447668.0,20.86,1516.74,3.56,792.0,40,3544983.84,92,101,574,404,156,326,41.91,159,Top Performer
OUT0100,Franchise Outlet 0100,129310295.49,24058864.75,18.48,103803.0,446906.0,22.15,1245.36,3.45,869.0,40,3232757.39,113,102,276,349,325,365,41.7,160,Top Performer
OUT0299,Franchise Outlet 0299,134393707.49,21743079.76,16.2,79067.0,348069.0,22.65,1656.47,3.75,737.0,40,3359842.69,100,127,703,331,71,235,41.64,161,Top Performer
OUT0554,Franchise Outlet 0554,117157298.05,20512906.73,17.39,142505.0,455060.0,30.51,822.62,4.07,657.0,40,2928932.45,135,143,510,86,566,85,41.59,162,Top Performer
OUT0175,Franchise Outlet 0175,103271994.74,18872217.43,18.19,216987.0,632712.0,34.32,476.73,4.21,685.0,40,2581799.87,167,162,324,25,734,14,41.59,162,Top Performer
OUT0577,Franchise Outlet 0577,101641988.85,17760859.71,17.67,56981.0,294992.0,19.33,1781.55,3.94,714.0,40,2541049.72,173,182,444,481,10,144,41.47,164,Top Performer
OUT0160,Franchise Outlet 0160,76781018.33,16651704.15,21.59,51027.0,262147.0,20.01,1465.09,3.29,975.0,40,1919525.46,260,204,2,452,183,445,41.39,165,Top Performer
OUT0001,Franchise Outlet 0001,65503882.04,13292791.99,20.36,37120.0,147671.0,25.13,1762.53,3.26,991.0,40,1637597.05,328,276,23,235,18,463,41.24,166,Top Performer
OUT0532,Franchise Outlet 0532,98058506.31,19170638.57,19.59,58444.0,273686.0,21.36,1676.82,3.11,1026.0,40,2451462.66,183,159,78,384,61,538,40.89,167,Top Performer
OUT0721,Franchise Outlet 0721,90446539.04,17135324.56,19.15,101106.0,355293.0,29.1,875.37,3.9,687.0,40,2261163.48,212,191,137,113,540,163,40.85,168,Top Performer
OUT0287,Franchise Outlet 0287,94875526.11,19554527.28,20.54,70465.0,337495.0,21.43,1310.35,3.24,997.0,40,2371888.15,191,157,19,380,280,472,40.78,169,Top Performer
OUT0195,Franchise Outlet 0195,102872733.11,19768510.44,19.26,119440.0,507407.0,23.0,862.79,4.01,692.0,40,2571818.33,169,155,118,316,546,111,40.71,170,Top Performer
OUT0632,Franchise Outlet 0632,91406727.89,16781754.37,18.57,88820.0,319908.0,27.79,1029.1,3.99,721.0,40,2285168.2,207,199,256,150,441,117,40.7,171,Top Performer
OUT0728,Franchise Outlet 0728,96719580.11,18862406.96,19.67,59784.0,255571.0,23.4,1619.64,3.0,1028.0,40,2417989.5,186,164,69,300,96,584,40.69,172,Top Performer
OUT0119,Franchise Outlet 0119,106509131.53,20195750.67,19.0,83770.0,363464.0,23.06,1271.84,3.5,873.0,40,2662728.29,161,149,167,314,308,353,40.68,173,Top Performer
OUT0490,Franchise Outlet 0490,76045653.44,14530526.48,18.92,67343.0,253931.0,26.53,1129.41,4.15,681.0,40,1901141.34,263,244,184,190,390,36,40.66,174,Top Performer
OUT0025,Franchise Outlet 0025,82350644.29,13828805.93,16.91,52218.0,189385.0,28.23,1540.81,4.15,665.0,40,2058766.11,236,259,604,140,145,36,40.62,175,Top Performer
OUT0372,Franchise Outlet 0372,43529332.41,8268632.67,19.17,27066.0,96789.0,28.76,1568.99,4.04,698.0,40,1088233.31,465,442,133,123,134,100,40.27,176,Top Performer
OUT0549,Franchise Outlet 0549,93650876.0,18865372.37,20.28,53591.0,318508.0,16.84,1747.52,3.07,1038.0,40,2341271.9,196,163,26,604,24,556,40.14,177,Top Performer
OUT0202,Franchise Outlet 0202,65719564.22,11926770.63,17.97,63766.0,176975.0,36.02,1029.19,4.07,745.0,40,1642989.11,326,318,378,18,440,85,40.12,178,Top Performer
OUT0177,Franchise Outlet 0177,110951209.37,19852734.94,17.9,75597.0,334236.0,22.63,1466.46,3.53,775.0,40,2773780.23,152,153,391,332,181,335,40.09,179,Top Performer
OUT0456,Franchise Outlet 0456,112056740.07,19558390.28,17.44,116762.0,404671.0,28.86,960.52,3.85,716.0,40,2801418.5,145,156,493,120,476,185,40.02,180,Top Performer
OUT0591,Franchise Outlet 0591,126197542.08,22736873.21,17.98,98151.0,398937.0,23.96,1283.47,3.25,942.0,40,3154938.55,116,116,377,276,302,468,39.95,181,Top Performer
OUT0472,Franchise Outlet 0472,85286561.74,16728837.65,19.37,99889.0,374219.0,26.69,853.16,3.94,705.0,40,2132164.04,227,202,108,184,553,144,39.8,182,Top Performer
OUT0031,Franchise Outlet 0031,113065239.41,18681258.79,16.61,83007.0,344051.0,24.95,1319.87,3.96,707.0,40,2826630.99,144,167,657,242,275,132,39.68,183,Top Performer
OUT0210,Franchise Outlet 0210,66069880.96,12112383.95,18.37,38786.0,147060.0,25.76,1700.0,3.74,762.0,40,1651747.02,325,311,292,216,46,240,39.51,184,Top Performer
OUT0012,Franchise Outlet 0012,127583053.55,22096037.64,17.03,111991.0,490532.0,22.81,1141.31,3.79,742.0,40,3189576.34,114,125,582,322,381,217,39.49,185,Top Performer
OUT0654,Franchise Outlet 0654,77084536.64,14309717.11,18.67,62842.0,220069.0,28.55,1226.59,3.73,779.0,40,1927113.42,257,249,235,125,333,245,39.34,186,Top Performer
OUT0740,Franchise Outlet 0740,116357269.45,20233821.62,17.24,95820.0,345532.0,27.72,1215.78,3.45,938.0,40,2908931.74,140,147,540,154,336,365,39.23,187,Top Performer
OUT0295,Franchise Outlet 0295,110038618.43,20210902.84,18.01,75851.0,341077.0,22.22,1448.3,3.37,894.0,40,2750965.46,154,148,369,345,192,401,39.15,188,Top Performer
OUT0631,Franchise Outlet 0631,71882057.98,14510091.08,20.3,67384.0,248083.0,25.62,1046.56,3.62,774.0,40,1797051.45,291,245,25,222,433,297,39.04,189,Above Average
OUT0433,Franchise Outlet 0433,78518688.44,15919415.1,19.94,165859.0,546677.0,30.25,462.63,3.96,687.0,40,1962967.21,250,216,44,91,743,132,39.0,190,Above Average
OUT0540,Franchise Outlet 0540,80810557.05,13996946.56,17.3,60265.0,202876.0,29.05,1340.59,3.92,743.0,40,2020263.93,244,257,525,114,260,156,38.92,191,Above Average
OUT0407,Franchise Outlet 0407,63205207.04,11900101.53,19.03,40297.0,166694.0,24.85,1526.38,3.74,815.0,40,1580130.18,340,321,161,243,152,240,38.87,192,Above Average
OUT0341,Franchise Outlet 0341,78373353.56,15053671.53,19.14,60811.0,254809.0,23.88,1289.71,3.69,779.0,40,1959333.84,251,231,138,278,297,258,38.8,193,Above Average
OUT0369,Franchise Outlet 0369,60628332.67,11808142.2,19.45,62012.0,192988.0,31.23,978.8,3.82,726.0,40,1515708.32,351,327,96,73,469,198,38.75,194,Above Average
OUT0475,Franchise Outlet 0475,129349988.67,22004681.53,16.95,76291.0,365826.0,20.35,1695.12,3.15,940.0,40,3233749.72,112,126,600,432,53,516,38.71,195,Above Average
OUT0496,Franchise Outlet 0496,105527041.1,17530708.35,16.72,74766.0,366512.0,20.39,1413.59,4.13,634.0,40,2638176.03,163,186,634,428,218,49,38.64,196,Above Average
OUT0139,Franchise Outlet 0139,111380943.0,20542256.75,18.33,62455.0,446425.0,14.0,1786.2,3.33,904.0,40,2784523.58,148,142,296,685,7,422,38.62,197,Above Average
OUT0611,Franchise Outlet 0611,108102653.01,19971110.65,18.59,126685.0,461707.0,27.49,853.97,3.45,884.0,40,2702566.33,158,152,249,165,551,365,38.5,198,Above Average
OUT0698,Franchise Outlet 0698,73485524.22,15592160.68,21.13,87505.0,409075.0,21.44,839.68,3.7,712.0,40,1837138.11,284,227,6,377,556,256,38.29,199,Above Average
OUT0083,Franchise Outlet 0083,76936704.22,13704990.09,18.13,73582.0,260039.0,28.32,1045.31,4.02,699.0,40,1923417.61,258,263,340,137,435,107,38.28,200,Above Average
OUT0736,Franchise Outlet 0736,65585822.17,11985462.92,18.24,49352.0,179818.0,27.48,1329.51,3.92,682.0,40,1639645.55,327,317,317,166,267,156,38.26,201,Above Average
OUT0568,Franchise Outlet 0568,71404282.98,14708503.62,20.68,56794.0,332649.0,17.07,1255.43,3.73,762.0,40,1785107.07,294,240,15,597,319,245,38.24,202,Above Average
OUT0106,Franchise Outlet 0106,74518191.9,13591275.83,18.14,77951.0,274132.0,28.48,957.31,4.14,663.0,40,1862954.8,275,268,338,129,480,43,38.22,203,Above Average
OUT0104,Franchise Outlet 0104,111218742.5,19818846.26,17.71,70356.0,372826.0,19.31,1545.71,3.42,887.0,40,2780468.56,151,154,433,484,140,382,38.21,204,Above Average
OUT0556,Franchise Outlet 0556,75576694.55,13599016.08,18.09,94874.0,275355.0,33.58,795.89,3.93,758.0,40,1889417.36,265,267,350,29,577,151,38.04,205,Above Average
OUT0446,Franchise Outlet 0446,53261433.22,9151654.36,17.28,34401.0,119173.0,28.9,1546.47,4.13,669.0,40,1331535.83,394,410,532,117,139,49,37.93,206,Above Average
OUT0695,Franchise Outlet 0695,106031452.74,18052964.95,17.02,85653.0,435362.0,19.66,1238.38,4.14,650.0,40,2650786.32,162,177,589,466,330,43,37.91,207,Above Average
OUT0623,Franchise Outlet 0623,89180000.86,17612957.55,19.92,83639.0,394166.0,21.23,1066.29,3.46,855.0,40,2229500.02,216,184,46,391,423,359,37.87,208,Above Average
OUT0673,Franchise Outlet 0673,66205074.8,12804088.65,19.43,50429.0,221016.0,21.78,1312.71,3.83,785.0,40,1655126.87,324,290,100,365,279,193,37.8,209,Above Average
OUT0379,Franchise Outlet 0379,111255024.27,18892332.24,17.03,72985.0,378256.0,19.3,1523.08,3.67,791.0,40,2781375.61,150,161,582,486,154,264,37.8,209,Above Average
OUT0236,Franchise Outlet 0236,43024523.78,8129153.91,19.11,24487.0,92125.0,26.5,1756.19,3.57,903.0,40,1075613.09,469,449,146,192,21,319,37.75,211,Above Average
OUT0019,Franchise Outlet 0019,74682456.97,12433417.56,16.71,50737.0,154937.0,32.73,1472.13,3.64,798.0,40,1867061.42,273,301,636,39,179,286,37.75,211,Above Average
OUT0228,Franchise Outlet 0228,70760377.14,14437624.99,20.43,58002.0,341929.0,16.98,1221.6,3.8,735.0,40,1769009.43,301,246,22,600,335,211,37.72,213,Above Average
OUT0426,Franchise Outlet 0426,77746704.59,15669938.99,20.01,60055.0,297824.0,19.13,1294.94,3.52,845.0,40,1943667.61,254,223,38,494,293,341,37.67,214,Above Average
OUT0316,Franchise Outlet 0316,48304441.85,8268028.07,17.29,28933.0,88556.0,32.94,1620.63,3.77,744.0,40,1207611.05,429,443,528,35,95,228,37.55,215,Above Average
OUT0348,Franchise Outlet 0348,125843290.52,21051533.39,16.66,76238.0,408354.0,18.69,1651.56,3.33,934.0,40,3146082.26,118,136,645,523,77,422,37.55,215,Above Average
OUT0266,Franchise Outlet 0266,89770368.65,16894965.64,18.82,63263.0,299741.0,21.16,1415.08,3.37,932.0,40,2244259.22,214,196,199,395,217,401,37.48,217,Above Average
OUT0353,Franchise Outlet 0353,40764549.21,7983121.81,20.0,23212.0,96107.0,24.13,1755.53,3.43,875.0,40,1019113.73,480,455,39,271,22,374,37.44,218,Above Average
OUT0109,Franchise Outlet 0109,130492724.1,21327708.05,16.31,100372.0,459579.0,21.86,1299.58,3.56,850.0,40,3262318.1,111,131,693,362,289,326,37.4,219,Above Average
OUT0719,Franchise Outlet 0719,85382567.43,16045011.25,18.57,54234.0,233277.0,23.25,1574.61,3.17,1018.0,40,2134564.19,226,215,256,309,131,503,37.32,220,Above Average
OUT0314,Franchise Outlet 0314,63734132.6,13274547.53,20.98,124677.0,421559.0,29.56,499.5,3.65,793.0,40,1593353.32,333,277,8,102,720,278,37.29,221,Above Average
OUT0714,Franchise Outlet 0714,76882347.12,14296214.35,18.53,68282.0,251963.0,27.09,1128.19,3.66,818.0,40,1922058.68,259,250,265,176,393,271,37.28,222,Above Average
OUT0636,Franchise Outlet 0636,71112757.97,14019287.48,20.03,46021.0,230694.0,19.95,1545.3,3.24,1045.0,40,1777818.95,296,256,37,457,141,472,37.25,223,Above Average
OUT0416,Franchise Outlet 0416,72621505.46,14263568.32,19.44,44208.0,211853.0,20.85,1642.64,3.18,949.0,40,1815537.64,287,251,97,405,82,498,37.04,224,Above Average
OUT0330,Franchise Outlet 0330,51653434.45,10182026.67,19.44,42833.0,163425.0,26.24,1205.73,3.8,731.0,40,1291335.86,406,379,97,203,343,211,36.9,225,Above Average
OUT0303,Franchise Outlet 0303,116824421.61,20036631.63,17.43,85887.0,432445.0,19.86,1360.54,3.4,896.0,40,2920610.54,138,150,496,460,249,390,36.88,226,Above Average
OUT0077,Franchise Outlet 0077,62485670.77,11822593.02,18.69,65184.0,250600.0,26.01,959.79,4.15,664.0,40,1562141.77,343,326,231,208,479,36,36.85,227,Above Average
OUT0711,Franchise Outlet 0711,110076972.0,19466065.38,17.76,91306.0,358433.0,24.79,1205.9,3.21,925.0,40,2751924.3,153,158,420,245,342,485,36.82,228,Above Average
OUT0511,Franchise Outlet 0511,53463889.94,9519220.23,17.66,31714.0,130901.0,24.3,1686.93,3.95,706.0,40,1336597.25,393,396,448,261,55,136,36.8,229,Above Average
OUT0412,Franchise Outlet 0412,88906354.97,16691243.88,18.75,92413.0,381315.0,23.59,961.17,3.69,782.0,40,2222658.87,218,203,218,295,475,258,36.8,229,Above Average
OUT0014,Franchise Outlet 0014,53643501.61,10266882.67,19.1,30375.0,148959.0,19.75,1765.33,3.63,810.0,40,1341087.54,391,377,150,464,16,293,36.66,231,Above Average
OUT0166,Franchise Outlet 0166,114006082.42,20805226.29,18.02,79282.0,371283.0,20.77,1437.33,2.97,1106.0,40,2850152.06,143,140,366,406,197,603,36.63,232,Above Average
OUT0282,Franchise Outlet 0282,70975059.8,13629483.48,19.22,121722.0,387786.0,31.4,583.98,3.78,772.0,40,1774376.5,297,266,125,68,680,224,36.6,233,Above Average
OUT0003,Franchise Outlet 0003,70656261.59,13186310.65,18.73,131722.0,417597.0,30.66,536.44,4.09,687.0,40,1766406.54,302,280,222,83,704,71,36.56,234,Above Average
OUT0510,Franchise Outlet 0510,44179299.93,7780156.32,17.63,28839.0,95821.0,29.35,1531.36,3.94,698.0,40,1104482.5,460,467,455,108,148,144,36.52,235,Above Average
OUT0185,Franchise Outlet 0185,52356729.5,9863840.63,18.86,39162.0,166882.0,22.88,1336.84,4.03,667.0,40,1308918.24,402,390,192,320,262,103,36.49,236,Above Average
OUT0677,Franchise Outlet 0677,105096727.14,18907025.13,18.01,90806.0,483010.0,18.79,1155.69,3.68,780.0,40,2627418.18,164,160,369,517,371,263,36.48,237,Above Average
OUT0218,Franchise Outlet 0218,92123456.05,16629761.43,18.08,67756.0,331258.0,20.5,1326.16,3.59,851.0,40,2303086.4,203,205,356,422,269,309,36.41,238,Above Average
OUT0165,Franchise Outlet 0165,99693497.85,18231929.82,18.4,102965.0,475000.0,21.69,968.45,3.65,783.0,40,2492337.45,177,173,287,367,472,278,36.37,239,Above Average
OUT0624,Franchise Outlet 0624,109419106.67,18199493.39,16.66,108120.0,379128.0,28.49,1012.97,3.56,845.0,40,2735477.67,156,174,645,128,445,326,36.37,239,Above Average
OUT0224,Franchise Outlet 0224,64102834.17,10713539.74,16.68,105997.0,263122.0,40.24,604.26,4.17,674.0,40,1602570.85,331,362,643,4,667,32,36.35,241,Above Average
OUT0420,Franchise Outlet 0420,89557295.66,15635808.45,17.5,64489.0,336235.0,19.14,1386.56,3.89,701.0,40,2238932.39,215,224,479,492,232,165,36.3,242,Above Average
OUT0026,Franchise Outlet 0026,109471057.4,18608500.88,17.17,139514.0,507430.0,27.48,785.32,3.71,809.0,40,2736776.44,155,169,554,166,582,252,36.28,243,Above Average
OUT0097,Franchise Outlet 0097,99415016.4,18373726.88,18.33,70003.0,476411.0,15.04,1388.98,3.61,855.0,40,2485375.41,178,170,296,657,229,300,36.2,244,Above Average
OUT0068,Franchise Outlet 0068,98670793.62,18280886.27,18.57,62240.0,362322.0,17.21,1583.36,3.13,1043.0,40,2466769.84,180,171,256,589,125,527,36.2,244,Above Average
OUT0013,Franchise Outlet 0013,58850615.78,11067972.44,18.77,54993.0,200186.0,27.5,1071.54,3.84,771.0,40,1471265.39,362,348,211,163,421,189,36.18,246,Above Average
OUT0638,Franchise Outlet 0638,72354295.81,13220519.29,18.31,58801.0,215181.0,27.29,1232.69,3.51,820.0,40,1808857.4,290,279,301,171,332,344,36.14,247,Above Average
OUT0603,Franchise Outlet 0603,33851298.59,6287755.22,18.51,34026.0,99974.0,34.07,992.88,4.11,676.0,40,846282.46,550,540,270,26,457,62,36.13,248,Above Average
OUT0514,Franchise Outlet 0514,90486446.11,14570855.75,16.13,90442.0,294817.0,30.71,1001.43,3.97,678.0,40,2262161.15,211,243,708,81,451,129,36.0,249,Above Average
OUT0071,Franchise Outlet 0071,74074390.13,14176477.37,19.24,41824.0,216665.0,19.33,1773.28,3.0,1021.0,40,1851859.75,282,254,122,481,14,584,35.97,250,Above Average
OUT0584,Franchise Outlet 0584,55480182.78,11166745.99,20.23,36237.0,207919.0,16.57,1530.18,3.57,757.0,40,1387004.57,377,344,28,614,149,319,35.87,251,Above Average
OUT0340,Franchise Outlet 0340,92763647.4,17305137.87,18.54,134007.0,592918.0,22.59,691.78,3.93,697.0,40,2319091.18,200,188,264,333,620,151,35.83,252,Above Average
OUT0207,Franchise Outlet 0207,93525771.14,16620584.05,17.82,102831.0,450973.0,23.3,891.75,3.89,727.0,40,2338144.28,197,206,406,307,529,165,35.76,253,Above Average
OUT0375,Franchise Outlet 0375,97000275.68,18024082.91,18.57,91497.0,427281.0,21.44,1060.29,3.43,921.0,40,2425006.89,184,178,256,377,426,374,35.75,254,Above Average
OUT0107,Franchise Outlet 0107,71722968.69,13489521.18,18.64,49377.0,271196.0,18.17,1452.67,3.73,790.0,40,1793074.22,292,273,238,548,190,245,35.72,255,Above Average
OUT0212,Franchise Outlet 0212,81431204.13,14676133.93,17.87,84934.0,283624.0,29.22,960.26,3.59,753.0,40,2035780.1,241,241,396,109,477,309,35.72,255,Above Average
OUT0074,Franchise Outlet 0074,56228171.67,10935184.07,19.36,95870.0,266699.0,35.84,573.37,3.59,847.0,40,1405704.29,371,357,109,19,684,309,35.7,257,Above Average
OUT0258,Franchise Outlet 0258,72429028.35,12714483.0,17.41,42139.0,167738.0,25.13,1722.61,3.31,868.0,40,1810725.71,289,292,501,235,35,435,35.68,258,Above Average
OUT0088,Franchise Outlet 0088,92427486.06,17744825.19,19.26,56457.0,344139.0,16.4,1638.22,2.89,1158.0,40,2310687.15,202,183,118,616,85,638,35.62,259,Above Average
OUT0197,Franchise Outlet 0197,85899587.31,15839681.44,18.49,51918.0,306164.0,16.98,1655.2,3.27,901.0,40,2147489.68,223,217,273,600,73,456,35.54,260,Above Average
OUT0213,Franchise Outlet 0213,52501814.89,10120745.15,19.22,34250.0,137281.0,24.97,1534.28,3.3,910.0,40,1312545.37,400,384,125,240,147,440,35.47,261,Above Average
OUT0483,Franchise Outlet 0483,99036467.99,17962371.77,18.1,59983.0,331970.0,18.12,1652.16,3.02,1061.0,40,2475911.7,179,179,346,551,76,576,35.46,262,Above Average
OUT0070,Franchise Outlet 0070,62017947.96,10655023.42,17.02,53252.0,168428.0,30.73,1163.87,3.93,708.0,40,1550448.7,344,364,589,80,368,151,35.4,263,Above Average
OUT0697,Franchise Outlet 0697,85757528.98,16235277.3,18.92,75591.0,363963.0,21.25,1108.11,3.43,879.0,40,2143938.22,225,212,184,390,406,374,35.31,264,Above Average
OUT0656,Franchise Outlet 0656,91176728.51,15810352.89,17.29,133803.0,498145.0,26.86,681.44,4.06,784.0,40,2279418.21,208,218,528,180,625,91,35.27,265,Above Average
OUT0198,Franchise Outlet 0198,90829493.99,16965147.16,18.52,65175.0,334362.0,20.02,1356.99,3.22,994.0,40,2270737.35,209,193,269,448,250,483,35.2,266,Above Average
OUT0041,Franchise Outlet 0041,96561639.12,17449621.61,18.19,112001.0,422060.0,26.51,859.45,3.37,983.0,40,2414040.98,187,187,324,191,548,401,35.18,267,Above Average
OUT0668,Franchise Outlet 0668,83126780.29,14734765.59,17.65,46662.0,221043.0,21.12,1785.19,3.11,1081.0,40,2078169.51,231,237,450,396,8,538,35.15,268,Above Average
OUT0717,Franchise Outlet 0717,92870384.66,15784011.05,17.12,89256.0,355440.0,23.77,1040.07,3.86,735.0,40,2321759.62,199,219,566,285,437,176,35.15,268,Above Average
OUT0708,Franchise Outlet 0708,89102473.44,16808720.83,18.82,89496.0,431339.0,20.74,999.66,3.52,888.0,40,2227561.84,217,198,199,408,453,341,35.04,270,Above Average
OUT0147,Franchise Outlet 0147,59151026.58,10996601.6,18.83,38848.0,182935.0,21.26,1525.57,3.52,771.0,40,1478775.66,360,352,196,388,153,341,35.03,271,Above Average
OUT0527,Franchise Outlet 0527,100193460.28,17908733.15,17.71,57313.0,342270.0,17.18,1705.8,3.07,1024.0,40,2504836.51,176,180,433,591,43,556,35.01,272,Above Average
OUT0531,Franchise Outlet 0531,102715716.08,16918610.15,16.5,164834.0,560661.0,29.45,622.88,3.95,698.0,40,2567892.9,171,195,670,104,656,136,34.95,273,Above Average
OUT0563,Franchise Outlet 0563,75802415.78,14202189.16,18.73,147387.0,533659.0,27.59,514.31,3.92,716.0,40,1895060.39,264,253,222,160,711,156,34.79,274,Above Average
OUT0338,Franchise Outlet 0338,78546231.53,15008674.48,19.14,60312.0,337402.0,17.87,1302.5,3.43,890.0,40,1963655.79,249,233,138,559,287,374,34.76,275,Above Average
OUT0691,Franchise Outlet 0691,81626903.81,15544675.67,19.0,59656.0,308969.0,19.35,1368.73,3.21,920.0,40,2040672.6,239,228,167,479,242,485,34.75,276,Above Average
OUT0196,Franchise Outlet 0196,85977347.94,14890232.11,17.26,127152.0,414490.0,30.68,675.93,3.79,783.0,40,2149433.7,222,236,536,82,627,217,34.61,277,Above Average
OUT0313,Franchise Outlet 0313,45902985.84,7654917.66,16.77,27611.0,106028.0,26.64,1626.58,3.97,702.0,40,1147574.65,445,475,626,188,91,129,34.57,278,Above Average
OUT0499,Franchise Outlet 0499,72471577.23,12528456.23,17.39,50692.0,243169.0,20.9,1429.95,3.81,791.0,40,1811789.43,288,296,510,401,203,207,34.45,279,Above Average
OUT0701,Franchise Outlet 0701,63272165.76,12157205.73,19.31,66408.0,268118.0,24.75,953.57,3.59,783.0,40,1581804.14,339,309,116,247,484,309,34.43,280,Above Average
OUT0297,Franchise Outlet 0297,56163321.66,12110908.96,21.58,42229.0,231551.0,17.79,1329.88,2.94,1118.0,40,1404083.04,373,312,3,564,266,617,34.37,281,Above Average
OUT0612,Franchise Outlet 0612,94070905.43,16219010.9,17.23,54750.0,312680.0,17.54,1713.4,3.26,954.0,40,2351772.64,194,213,544,572,38,463,34.35,282,Above Average
OUT0066,Franchise Outlet 0066,48727674.37,8764457.34,17.9,30689.0,166684.0,18.42,1588.71,4.11,675.0,40,1218191.86,426,423,391,534,121,62,34.31,283,Above Average
OUT0308,Franchise Outlet 0308,106546195.07,18625853.85,17.48,79278.0,443512.0,18.38,1308.25,3.32,922.0,40,2663654.88,160,168,483,536,283,428,34.3,284,Above Average
OUT0519,Franchise Outlet 0519,75333587.35,14710617.84,19.64,75934.0,381588.0,19.92,992.65,3.46,896.0,40,1883339.68,268,239,72,459,458,359,34.23,285,Above Average
OUT0048,Franchise Outlet 0048,69992589.36,12229431.17,17.46,52854.0,219505.0,23.47,1321.66,3.72,773.0,40,1749814.73,309,306,490,298,273,249,34.13,286,Above Average
OUT0520,Franchise Outlet 0520,111384252.62,18101119.2,16.44,127142.0,520791.0,23.86,876.29,3.75,769.0,40,2784606.32,147,175,680,280,537,235,34.09,287,Above Average
OUT0055,Franchise Outlet 0055,59770161.48,11241855.53,18.64,33506.0,209905.0,16.0,1782.82,3.44,890.0,40,1494254.04,355,343,238,631,9,372,33.91,288,Above Average
OUT0488,Franchise Outlet 0488,71356379.89,12872849.13,18.1,44197.0,231401.0,19.14,1613.43,3.34,964.0,40,1783909.5,295,289,346,492,104,417,33.77,289,Above Average
OUT0639,Franchise Outlet 0639,54949866.23,9484828.97,17.3,54235.0,196250.0,27.65,1012.62,4.13,677.0,40,1373746.66,383,397,525,157,447,49,33.75,290,Above Average
OUT0620,Franchise Outlet 0620,98139005.82,16736879.83,17.02,103554.0,472371.0,22.5,924.25,3.77,705.0,40,2453475.15,181,200,589,337,506,228,33.73,291,Above Average
OUT0087,Franchise Outlet 0087,94450520.43,15029370.2,16.03,78743.0,283424.0,26.33,1198.41,3.56,785.0,40,2361263.01,192,232,716,198,345,326,33.39,292,Above Average
OUT0149,Franchise Outlet 0149,91800740.07,15349533.54,16.77,96703.0,355053.0,27.22,951.97,3.56,828.0,40,2295018.5,204,229,626,172,485,326,33.38,293,Above Average
OUT0255,Franchise Outlet 0255,63384376.32,12490807.25,19.81,47107.0,261581.0,18.02,1344.54,3.23,979.0,40,1584609.41,337,298,56,555,254,479,33.38,293,Above Average
OUT0437,Franchise Outlet 0437,82704346.57,15127143.63,18.17,76697.0,295743.0,25.86,1077.68,3.14,998.0,40,2067608.66,233,230,332,213,418,520,33.36,295,Above Average
OUT0509,Franchise Outlet 0509,63615452.91,10935197.53,17.14,49115.0,243325.0,20.22,1296.33,4.12,677.0,40,1590386.32,336,356,558,440,291,58,33.3,296,Above Average
OUT0234,Franchise Outlet 0234,81411698.31,13334838.02,16.4,89683.0,307370.0,28.4,908.04,3.88,727.0,40,2035292.46,242,275,684,131,518,168,33.26,297,Above Average
OUT0101,Franchise Outlet 0101,29761114.03,5906230.82,20.09,54174.0,168084.0,31.41,549.49,3.91,769.0,40,744027.85,590,561,33,67,701,161,33.26,297,Above Average
OUT0215,Franchise Outlet 0215,61308788.18,11873235.26,19.36,87315.0,394824.0,22.12,702.64,3.93,737.0,40,1532719.7,349,323,109,350,615,151,33.25,299,Above Average
OUT0181,Franchise Outlet 0181,90807478.07,15691706.41,17.53,96969.0,477978.0,20.27,910.61,3.84,728.0,40,2270186.95,210,221,473,437,516,189,33.19,300,Above Average
OUT0380,Franchise Outlet 0380,32547679.18,6272032.69,19.39,29632.0,141645.0,21.44,1075.15,4.15,631.0,40,813691.98,564,544,102,377,420,36,33.06,301,Above Average
OUT0190,Franchise Outlet 0190,68437937.77,10930748.5,16.01,47389.0,167236.0,27.68,1443.85,3.65,824.0,40,1710948.44,311,358,718,155,194,278,33.04,302,Above Average
OUT0103,Franchise Outlet 0103,79783134.97,13796116.74,17.39,111590.0,530157.0,20.63,715.63,4.33,648.0,40,1994578.37,246,261,510,411,610,1,33.04,302,Above Average
OUT0661,Franchise Outlet 0661,92627572.2,16808952.44,17.81,75000.0,347620.0,22.03,1207.64,3.11,1065.0,40,2315689.31,201,197,410,353,341,538,33.02,304,Above Average
OUT0458,Franchise Outlet 0458,35697922.62,6975170.17,19.43,44308.0,183267.0,24.24,786.69,4.2,642.0,40,892448.07,532,497,100,266,580,16,33.01,305,Above Average
OUT0264,Franchise Outlet 0264,74178943.97,12211251.76,16.46,80854.0,306037.0,27.74,874.27,4.06,697.0,40,1854473.6,280,307,674,152,542,91,32.99,306,Above Average
OUT0180,Franchise Outlet 0180,45198563.6,8143597.79,18.07,31715.0,131434.0,24.81,1388.56,3.66,777.0,40,1129964.09,451,447,358,244,230,271,32.93,307,Above Average
OUT0534,Franchise Outlet 0534,80358695.61,13670086.52,17.11,76141.0,290316.0,26.92,1028.72,3.53,860.0,40,2008967.39,245,265,567,178,442,335,32.93,307,Above Average
OUT0005,Franchise Outlet 0005,72951597.49,14429176.43,19.76,62730.0,322523.0,19.43,1164.29,3.04,1005.0,40,1823789.94,285,247,59,475,367,570,32.83,309,Above Average
OUT0480,Franchise Outlet 0480,77549865.79,13375428.68,17.13,132544.0,434448.0,30.52,584.46,3.84,699.0,40,1938746.64,255,274,561,85,679,189,32.79,310,Above Average
OUT0130,Franchise Outlet 0130,24822783.19,4976636.94,19.91,40187.0,135917.0,29.66,617.24,4.04,749.0,40,620569.58,630,613,47,100,658,100,32.72,311,Above Average
OUT0360,Franchise Outlet 0360,55882079.95,9308896.39,16.57,41007.0,148028.0,27.04,1363.48,3.8,780.0,40,1397052.0,376,404,659,177,247,211,32.72,311,Above Average
OUT0477,Franchise Outlet 0477,44976766.56,7672312.58,16.9,34338.0,129281.0,26.55,1310.15,4.02,720.0,40,1124419.16,452,473,606,189,281,107,32.71,313,Above Average
OUT0683,Franchise Outlet 0683,32646999.1,6342309.67,19.34,46949.0,167675.0,28.01,695.31,4.08,668.0,40,816174.98,563,536,113,146,617,81,32.69,314,Above Average
OUT0710,Franchise Outlet 0710,58475816.8,11026732.94,18.91,39803.0,179098.0,23.36,1397.71,3.09,1082.0,40,1461895.42,365,351,187,303,225,552,32.67,315,Above Average
OUT0637,Franchise Outlet 0637,95815110.63,15681570.88,16.45,117795.0,401784.0,28.55,813.14,3.54,846.0,40,2395377.77,189,222,678,125,568,334,32.59,316,Above Average
OUT0400,Franchise Outlet 0400,29088504.91,5719445.26,19.59,26345.0,96211.0,27.43,1104.33,3.58,877.0,40,727212.62,603,576,78,168,409,315,32.58,317,Above Average
OUT0279,Franchise Outlet 0279,66990856.97,10650840.7,15.92,68970.0,227957.0,30.29,969.56,4.03,687.0,40,1674771.42,319,365,720,90,471,103,32.53,318,Above Average
OUT0099,Franchise Outlet 0099,59694502.74,11480989.91,19.16,129444.0,430353.0,29.43,462.26,3.66,803.0,40,1492362.57,357,338,135,105,744,271,32.51,319,Above Average
OUT0206,Franchise Outlet 0206,62003434.63,11863833.72,19.21,118760.0,498732.0,23.85,521.61,3.94,789.0,40,1550085.87,345,325,129,282,708,144,32.49,320,Above Average
OUT0280,Franchise Outlet 0280,50949082.73,9520816.1,18.69,39938.0,174576.0,23.31,1247.23,3.51,888.0,40,1273727.07,411,395,231,306,323,344,32.48,321,Above Average
OUT0269,Franchise Outlet 0269,102644971.51,16990111.62,16.65,72436.0,389870.0,19.05,1383.49,3.29,930.0,40,2566124.29,172,192,649,498,235,445,32.48,321,Above Average
OUT0436,Franchise Outlet 0436,75444119.82,14921872.13,19.48,50105.0,285282.0,17.6,1505.35,2.71,1307.0,40,1886103.0,266,235,93,570,161,730,32.42,323,Above Average
OUT0034,Franchise Outlet 0034,82571558.45,13701105.61,16.48,74001.0,283887.0,26.07,1085.16,3.61,831.0,40,2064288.96,234,264,671,206,414,300,32.35,324,Above Average
OUT0705,Franchise Outlet 0705,40600763.65,6385376.45,15.67,33400.0,99775.0,33.5,1212.08,4.09,694.0,40,1015019.09,482,534,731,31,339,71,32.26,325,Above Average
OUT0542,Franchise Outlet 0542,74484116.17,13117700.3,17.54,123676.0,448806.0,27.59,602.18,3.86,678.0,40,1862102.9,277,282,469,160,669,176,32.26,325,Above Average
OUT0257,Franchise Outlet 0257,71488024.16,13705400.81,19.22,58852.0,288234.0,19.99,1179.9,3.12,980.0,40,1787200.6,293,262,125,455,358,533,32.22,327,Above Average
OUT0544,Franchise Outlet 0544,37753179.76,6279353.81,16.65,22239.0,87341.0,26.31,1605.85,3.83,730.0,40,943829.49,512,542,649,199,110,193,32.19,328,Above Average
OUT0616,Franchise Outlet 0616,84385016.13,16072378.88,19.11,59297.0,319762.0,18.59,1422.18,2.65,1287.0,40,2109625.4,229,214,146,529,207,746,32.18,329,Above Average
OUT0358,Franchise Outlet 0358,107060379.57,18073299.91,16.71,65388.0,417381.0,16.14,1590.67,3.05,1019.0,40,2676509.49,159,176,636,624,119,564,32.14,330,Above Average
OUT0533,Franchise Outlet 0533,36354420.92,6580152.86,18.25,59955.0,189237.0,31.71,606.78,4.13,656.0,40,908860.52,522,520,316,63,664,49,32.14,330,Above Average
OUT0482,Franchise Outlet 0482,43569632.61,9085536.5,20.9,27497.0,204358.0,13.46,1584.25,3.11,939.0,40,1089240.82,464,414,10,696,124,538,32.03,332,Above Average
OUT0725,Franchise Outlet 0725,79148746.66,13535279.16,17.32,46073.0,240166.0,19.18,1719.81,3.03,1088.0,40,1978718.67,248,271,524,489,36,572,32.0,333,Above Average
OUT0163,Franchise Outlet 0163,50477725.13,9428862.12,18.81,52248.0,240400.0,21.22,967.22,3.91,716.0,40,1261943.13,413,399,204,392,473,161,31.99,334,Above Average
OUT0371,Franchise Outlet 0371,30050411.29,5869447.48,19.7,40330.0,153575.0,24.2,744.88,4.12,713.0,40,751260.28,585,563,66,268,596,58,31.98,335,Above Average
OUT0047,Franchise Outlet 0047,33012652.63,6397066.38,19.39,34599.0,129391.0,27.5,930.36,3.67,766.0,40,825316.32,557,530,102,163,501,264,31.97,336,Above Average
OUT0217,Franchise Outlet 0217,68853227.82,11678005.0,17.13,150837.0,486575.0,31.0,455.62,4.03,727.0,40,1721330.7,310,331,561,77,746,103,31.96,337,Above Average
OUT0578,Franchise Outlet 0578,29251074.99,6059776.29,20.64,46878.0,201731.0,23.74,611.36,3.99,685.0,40,731276.87,600,553,17,287,660,117,31.92,338,Above Average
OUT0167,Franchise Outlet 0167,74909510.08,11276399.01,14.95,52898.0,203554.0,26.03,1415.19,3.88,744.0,40,1872737.75,271,342,749,207,216,168,31.9,339,Above Average
OUT0075,Franchise Outlet 0075,44007583.51,8847038.81,19.85,38290.0,178670.0,22.01,1122.94,3.37,868.0,40,1100189.59,461,421,52,354,398,401,31.78,340,Above Average
OUT0564,Franchise Outlet 0564,49186147.86,10435370.86,21.18,31903.0,230510.0,13.83,1543.56,2.84,1172.0,40,1229653.7,425,372,5,687,143,668,31.76,341,Above Average
OUT0307,Franchise Outlet 0307,47896227.18,8915352.78,18.59,30882.0,135384.0,23.41,1510.16,3.14,1053.0,40,1197405.68,430,419,249,299,160,520,31.71,342,Above Average
OUT0409,Franchise Outlet 0409,27832720.77,5454996.1,19.5,15795.0,71912.0,20.37,1759.82,3.19,981.0,40,695818.02,614,590,90,430,20,492,31.68,343,Above Average
OUT0694,Franchise Outlet 0694,53935549.53,10169907.54,18.76,61933.0,328381.0,18.85,870.38,4.09,666.0,40,1348388.74,388,382,215,511,544,71,31.68,343,Above Average
OUT0750,Franchise Outlet 0750,49456138.42,8169968.35,16.65,88405.0,231518.0,36.33,559.68,4.05,678.0,40,1236403.46,421,445,649,17,695,98,31.67,345,Above Average
OUT0629,Franchise Outlet 0629,44568951.74,8733828.45,19.57,31755.0,166274.0,18.62,1404.34,3.34,987.0,40,1114223.79,457,426,82,527,222,417,31.62,346,Above Average
OUT0123,Franchise Outlet 0123,63348015.74,10991976.13,17.41,49125.0,222398.0,22.09,1289.75,3.6,863.0,40,1583700.39,338,353,501,352,296,306,31.62,346,Above Average
OUT0500,Franchise Outlet 0500,66987507.36,11777204.77,17.65,56615.0,276852.0,19.96,1154.96,3.75,714.0,40,1674687.68,320,328,450,456,372,235,31.56,348,Above Average
OUT0383,Franchise Outlet 0383,52877577.0,9773906.07,18.17,32124.0,175268.0,17.45,1648.37,3.42,889.0,40,1321939.42,396,392,332,578,80,382,31.53,349,Above Average
OUT0523,Franchise Outlet 0523,27962794.69,5281204.08,18.84,49919.0,169367.0,29.47,559.94,4.23,655.0,40,699069.87,612,594,195,103,694,11,31.52,350,Above Average
OUT0455,Franchise Outlet 0455,36448942.17,6393711.48,17.73,32905.0,125013.0,26.36,1107.62,3.98,687.0,40,911223.55,521,532,427,195,407,124,31.51,351,Above Average
OUT0537,Franchise Outlet 0537,78341148.55,12240436.41,15.75,77581.0,267431.0,29.04,1009.27,3.71,764.0,40,1958528.71,252,304,726,116,448,252,31.42,352,Above Average
OUT0032,Franchise Outlet 0032,66966652.14,11868195.31,17.74,37759.0,189647.0,20.36,1737.89,2.91,1214.0,40,1674166.3,321,324,426,431,25,628,31.38,353,Above Average
OUT0029,Franchise Outlet 0029,63993908.94,11877061.44,18.58,39621.0,221764.0,18.26,1578.03,3.02,1053.0,40,1599847.72,332,322,253,541,130,576,31.38,353,Above Average
OUT0539,Franchise Outlet 0539,75424884.8,14149361.62,18.79,50559.0,350861.0,14.45,1492.54,3.07,1087.0,40,1885622.12,267,255,206,672,166,556,31.37,355,Above Average
OUT0367,Franchise Outlet 0367,59724944.45,9978214.99,16.73,52792.0,200945.0,26.31,1130.79,3.77,765.0,40,1493123.61,356,386,632,199,389,228,31.33,356,Above Average
OUT0406,Franchise Outlet 0406,61958929.94,11064199.84,17.95,97153.0,420088.0,23.04,623.27,4.15,637.0,40,1548973.25,346,349,383,315,655,36,31.31,357,Above Average
OUT0485,Franchise Outlet 0485,32864773.44,6296245.69,19.27,42987.0,151988.0,28.28,763.96,3.75,817.0,40,821619.34,560,539,117,139,590,235,31.28,358,Above Average
OUT0285,Franchise Outlet 0285,83328216.25,13839903.53,16.66,55014.0,261333.0,21.56,1478.85,3.18,1021.0,40,2083205.41,230,258,645,371,175,498,31.24,359,Above Average
OUT0211,Franchise Outlet 0211,70793002.67,13118478.16,18.19,47989.0,315903.0,15.21,1473.93,3.33,961.0,40,1769825.07,300,281,324,650,178,422,31.2,360,Above Average
OUT0318,Franchise Outlet 0318,76122109.34,13822603.57,17.96,67494.0,307587.0,21.94,1128.28,3.23,1016.0,40,1903052.73,262,260,381,357,392,479,31.2,360,Above Average
OUT0017,Franchise Outlet 0017,67323220.11,12691058.36,18.85,111228.0,415793.0,26.17,604.27,3.43,895.0,40,1683080.5,317,293,194,205,666,374,31.13,362,Above Average
OUT0331,Franchise Outlet 0331,83013043.52,13016161.4,15.63,54675.0,272142.0,20.1,1521.83,3.62,738.0,40,2075326.09,232,285,733,444,155,297,31.09,363,Above Average
OUT0315,Franchise Outlet 0315,81573436.13,12998867.3,16.09,53442.0,213641.0,24.99,1526.93,3.09,1042.0,40,2039335.9,240,286,711,238,151,552,31.03,364,Above Average
OUT0362,Franchise Outlet 0362,52755980.25,10538089.12,19.99,33251.0,200248.0,16.61,1585.89,2.8,1132.0,40,1318899.51,397,368,41,612,123,686,30.99,365,Above Average
OUT0504,Franchise Outlet 0504,46213078.04,8095185.8,17.52,29385.0,132701.0,22.18,1572.02,3.46,834.0,40,1155326.95,443,451,474,348,133,359,30.94,366,Above Average
OUT0651,Franchise Outlet 0651,43249388.81,7570157.6,17.62,61112.0,228786.0,25.97,708.59,4.3,678.0,40,1081234.72,467,476,457,209,613,3,30.92,367,Above Average
OUT0298,Franchise Outlet 0298,96882885.99,14712476.95,15.17,164930.0,574754.0,29.37,573.08,3.97,730.0,40,2422072.15,185,238,745,107,685,129,30.86,368,Above Average
OUT0680,Franchise Outlet 0680,70049553.29,11103219.86,15.75,140716.0,442579.0,33.48,472.76,4.12,674.0,40,1751238.83,306,346,726,32,737,58,30.84,369,Above Average
OUT0575,Franchise Outlet 0575,59146737.65,10175861.52,17.17,35558.0,166855.0,21.22,1627.0,3.28,965.0,40,1478668.44,361,380,554,392,89,452,30.81,370,Above Average
OUT0102,Franchise Outlet 0102,79740238.09,14409602.79,18.04,67444.0,315689.0,21.4,1182.48,2.99,1154.0,40,1993505.95,247,248,362,382,355,591,30.59,371,Above Average
OUT0428,Franchise Outlet 0428,74453012.22,12962196.07,17.45,66438.0,310912.0,21.38,1118.43,3.41,877.0,40,1861325.31,279,287,491,383,401,387,30.49,372,Above Average
OUT0454,Franchise Outlet 0454,70023614.54,11454082.82,16.46,75220.0,339334.0,22.78,905.49,4.06,685.0,40,1750590.36,307,339,674,324,519,91,30.49,372,Above Average
OUT0065,Franchise Outlet 0065,52555240.92,10161305.73,19.11,90128.0,394866.0,23.4,568.17,3.79,770.0,40,1313881.02,399,383,146,300,689,217,30.33,374,Above Average
OUT0398,Franchise Outlet 0398,34362698.5,6284277.63,18.07,63124.0,207701.0,30.41,543.22,4.09,639.0,40,859067.46,549,541,358,87,703,71,30.28,375,Above Average
OUT0081,Franchise Outlet 0081,39864282.68,7160743.77,17.9,49362.0,208623.0,24.22,787.29,4.19,665.0,40,996607.07,489,492,391,267,579,21,30.28,375,Above Average
OUT0156,Franchise Outlet 0156,70508739.3,12419496.55,17.64,51027.0,227820.0,23.6,1313.6,2.95,1049.0,40,1762718.48,304,302,453,294,277,611,30.16,377,Average
OUT0503,Franchise Outlet 0503,56541869.56,10324782.61,18.08,48128.0,273065.0,17.64,1174.99,3.72,762.0,40,1413546.74,369,375,356,568,361,249,30.14,378,Average
OUT0643,Franchise Outlet 0643,63681510.25,10964817.76,17.48,100867.0,415586.0,23.64,631.32,4.03,656.0,40,1592037.76,335,354,483,293,651,103,30.1,379,Average
OUT0741,Franchise Outlet 0741,66408109.3,11904706.92,17.92,43926.0,245437.0,17.83,1511.28,3.11,1008.0,40,1660202.73,323,320,387,561,159,538,30.09,380,Average
OUT0633,Franchise Outlet 0633,44348108.65,7976236.22,17.99,26997.0,123997.0,22.31,1604.12,3.13,995.0,40,1108702.72,459,456,374,341,113,527,30.09,380,Average
OUT0238,Franchise Outlet 0238,53819649.4,10392486.92,19.38,37375.0,209678.0,17.83,1439.51,2.94,1112.0,40,1345491.24,390,374,105,561,195,617,30.08,382,Average
OUT0529,Franchise Outlet 0529,82490141.61,14603711.45,17.86,84819.0,445759.0,19.13,947.88,3.39,835.0,40,2062253.54,235,242,399,494,489,395,30.08,382,Average
OUT0739,Franchise Outlet 0739,63075298.93,12230650.29,19.38,39323.0,343799.0,11.71,1566.94,3.02,1092.0,40,1576882.47,341,305,105,732,135,576,30.07,384,Average
OUT0466,Franchise Outlet 0466,41192092.33,7785407.6,19.03,30061.0,126686.0,23.75,1370.75,3.0,1106.0,40,1029802.31,478,465,161,286,241,584,30.04,385,Average
OUT0141,Franchise Outlet 0141,49269008.05,9940468.84,19.78,50072.0,239714.0,20.88,984.35,3.21,947.0,40,1231725.2,424,387,58,402,466,485,29.96,386,Average
OUT0015,Franchise Outlet 0015,63714992.5,11999553.48,18.69,53826.0,277364.0,19.41,1183.27,3.14,1054.0,40,1592874.81,334,315,231,478,354,520,29.93,387,Average
OUT0465,Franchise Outlet 0465,67951030.34,11989469.86,17.59,49558.0,244516.0,20.27,1371.0,3.16,1020.0,40,1698775.76,313,316,461,437,240,511,29.91,388,Average
OUT0334,Franchise Outlet 0334,91712777.68,15704023.32,16.91,52805.0,337854.0,16.01,1697.55,2.79,1201.0,40,2292819.44,205,220,604,630,50,690,29.89,389,Average
OUT0427,Franchise Outlet 0427,25126815.28,4913121.94,19.56,22190.0,116482.0,19.06,1130.91,3.8,777.0,40,628170.38,628,614,83,497,388,211,29.75,390,Average
OUT0322,Franchise Outlet 0322,27813679.19,5014877.34,18.01,54328.0,173143.0,31.37,511.82,4.13,641.0,40,695341.98,615,609,369,70,713,49,29.69,391,Average
OUT0676,Franchise Outlet 0676,35693931.9,6243896.56,17.51,38933.0,140462.0,27.74,916.05,3.89,727.0,40,892348.3,534,549,478,152,510,165,29.66,392,Average
OUT0122,Franchise Outlet 0122,47499566.94,9004688.59,18.83,39808.0,168976.0,22.34,1193.73,3.18,996.0,40,1187489.17,433,416,196,340,347,498,29.63,393,Average
OUT0744,Franchise Outlet 0744,27476411.24,5214659.35,18.88,30114.0,106126.0,28.37,912.84,3.53,827.0,40,686910.28,618,598,191,135,513,335,29.62,394,Average
OUT0059,Franchise Outlet 0059,47886719.73,8980112.93,18.72,77887.0,293653.0,27.1,602.19,3.6,816.0,40,1197167.99,431,418,224,175,668,306,29.6,395,Average
OUT0084,Franchise Outlet 0084,41076430.38,8002751.52,19.26,28442.0,152466.0,18.66,1447.83,3.12,1035.0,40,1026910.76,479,454,118,525,193,533,29.58,396,Average
OUT0541,Franchise Outlet 0541,51254160.61,9140258.61,17.67,52196.0,215037.0,24.28,982.2,3.63,792.0,40,1281354.02,408,411,444,264,468,293,29.53,397,Average
OUT0373,Franchise Outlet 0373,81730910.78,13572966.6,16.66,85310.0,414884.0,20.56,957.3,3.65,770.0,40,2043272.77,238,270,645,419,481,278,29.48,398,Average
OUT0726,Franchise Outlet 0726,70857990.26,12524259.24,17.75,62798.0,416831.0,15.07,1126.66,3.67,713.0,40,1771449.76,299,297,422,656,395,264,29.47,399,Average
OUT0388,Franchise Outlet 0388,59204058.26,11603967.14,19.64,62156.0,273242.0,22.74,951.51,2.85,1110.0,40,1480101.46,359,336,72,329,487,659,29.45,400,Average
OUT0114,Franchise Outlet 0114,23539202.49,4466924.3,19.07,21098.0,89299.0,23.71,1116.63,3.62,853.0,40,588480.06,639,633,156,290,402,297,29.42,401,Average
OUT0040,Franchise Outlet 0040,95396153.71,15626299.71,16.34,57058.0,310047.0,17.95,1673.3,2.75,1298.0,40,2384903.84,190,226,691,558,63,706,29.42,401,Average
OUT0648,Franchise Outlet 0648,52347516.25,10298219.31,19.81,87558.0,427612.0,20.48,582.4,3.56,847.0,40,1308687.91,403,376,56,424,682,326,29.25,403,Average
OUT0635,Franchise Outlet 0635,60574551.33,10542821.98,17.21,44250.0,210635.0,21.01,1368.54,3.29,906.0,40,1514363.78,352,367,548,399,243,445,29.2,404,Average
OUT0464,Franchise Outlet 0464,38396588.0,6971700.1,18.22,31123.0,161108.0,19.35,1235.22,3.72,757.0,40,959914.7,502,498,322,479,331,249,29.18,405,Average
OUT0304,Franchise Outlet 0304,51162675.29,9222537.92,18.03,47300.0,212227.0,23.54,1023.85,3.44,815.0,40,1279066.88,410,407,364,297,443,372,29.16,406,Average
OUT0512,Franchise Outlet 0512,56078092.37,9105366.96,16.24,34022.0,152283.0,22.35,1647.32,3.3,945.0,40,1401952.31,374,412,701,339,81,440,29.15,407,Average
OUT0596,Franchise Outlet 0596,51951954.69,8653954.45,16.64,32503.0,132422.0,24.57,1597.9,3.13,930.0,40,1298798.87,404,430,654,252,117,527,29.13,408,Average
OUT0644,Franchise Outlet 0644,64997015.62,11440880.56,17.4,117382.0,456661.0,24.43,553.59,3.88,673.0,40,1624925.39,329,340,508,254,700,168,29.12,409,Average
OUT0027,Franchise Outlet 0027,77416103.08,12555671.41,16.15,45632.0,279860.0,15.86,1698.34,3.29,922.0,40,1935402.58,256,294,706,635,48,445,29.11,410,Average
OUT0618,Franchise Outlet 0618,50059615.2,9853506.82,19.6,60455.0,284212.0,20.73,830.58,3.32,923.0,40,1251490.38,415,391,76,409,561,428,29.07,411,Average
OUT0036,Franchise Outlet 0036,61604757.39,11917469.69,19.08,62209.0,337360.0,18.41,989.55,3.19,974.0,40,1540118.93,347,319,152,535,461,492,28.96,412,Average
OUT0486,Franchise Outlet 0486,74911838.55,13503285.9,18.12,52343.0,288452.0,17.71,1430.37,2.75,1331.0,40,1872795.96,270,272,341,567,201,706,28.92,413,Average
OUT0664,Franchise Outlet 0664,35487658.58,6631593.57,18.81,44604.0,195095.0,23.32,779.31,3.8,776.0,40,887191.46,540,519,204,305,585,211,28.89,414,Average
OUT0378,Franchise Outlet 0378,82203710.54,14221536.57,17.21,95532.0,495323.0,19.33,860.34,3.53,813.0,40,2055092.76,237,252,548,481,547,335,28.89,414,Average
OUT0461,Franchise Outlet 0461,43668967.22,8436436.23,19.34,27174.0,143860.0,18.92,1610.27,2.68,1302.0,40,1091724.18,463,436,113,507,107,737,28.84,416,Average
OUT0675,Franchise Outlet 0675,74646638.18,12196157.52,16.08,64637.0,237635.0,27.19,1153.07,3.15,1026.0,40,1866165.95,274,308,713,173,375,516,28.84,416,Average
OUT0390,Franchise Outlet 0390,43811118.14,7911507.83,18.11,92347.0,321199.0,28.8,474.12,3.82,751.0,40,1095277.95,462,458,343,122,736,198,28.82,418,Average
OUT0076,Franchise Outlet 0076,73716565.39,12251141.77,16.79,41079.0,260655.0,15.78,1793.64,2.96,1133.0,40,1842914.13,283,303,620,637,5,608,28.78,419,Average
OUT0453,Franchise Outlet 0453,20513165.01,3922899.64,19.2,15999.0,86762.0,17.55,1281.07,3.79,769.0,40,512829.13,676,650,130,571,304,217,28.76,420,Average
OUT0550,Franchise Outlet 0550,49465580.17,8248769.11,16.76,71753.0,283349.0,25.26,689.96,4.18,689.0,40,1236639.5,420,444,628,230,621,25,28.75,421,Average
OUT0337,Franchise Outlet 0337,39561470.18,7696588.91,19.66,21885.0,143481.0,15.15,1762.56,2.74,1266.0,40,989036.75,491,471,71,653,17,712,28.74,422,Average
OUT0585,Franchise Outlet 0585,45662699.25,8711245.69,19.11,30552.0,184505.0,16.95,1457.42,3.04,1038.0,40,1141567.48,448,427,146,603,188,570,28.71,423,Average
OUT0547,Franchise Outlet 0547,44605572.23,8157435.57,18.17,31357.0,173835.0,18.06,1420.15,3.37,920.0,40,1115139.31,455,446,332,553,210,401,28.7,424,Average
OUT0291,Franchise Outlet 0291,22630882.27,4479028.44,19.73,28398.0,116298.0,23.89,797.28,3.66,823.0,40,565772.06,648,632,62,277,576,271,28.64,425,Average
OUT0742,Franchise Outlet 0742,60440860.22,11370900.77,18.86,51842.0,372160.0,13.62,1164.87,3.4,869.0,40,1511021.51,353,341,192,692,366,390,28.64,425,Average
OUT0733,Franchise Outlet 0733,30787425.13,5814034.7,19.08,53762.0,248831.0,21.59,572.64,4.16,673.0,40,769685.63,575,569,152,370,686,35,28.61,427,Average
OUT0385,Franchise Outlet 0385,24229763.66,4683637.1,19.35,27656.0,124641.0,22.22,875.49,3.78,737.0,40,605744.09,632,628,112,345,539,224,28.6,428,Average
OUT0105,Franchise Outlet 0105,74939711.08,11652824.42,15.68,81842.0,327960.0,24.98,916.32,3.74,816.0,40,1873492.78,269,332,730,239,509,240,28.56,429,Average
OUT0271,Franchise Outlet 0271,45639955.26,8315025.9,18.23,27463.0,159951.0,16.32,1663.0,3.12,1105.0,40,1140998.88,449,440,319,617,69,533,28.52,430,Average
OUT0590,Franchise Outlet 0590,70008969.22,11631903.48,16.58,64266.0,344238.0,18.67,1089.38,3.74,745.0,40,1750224.23,308,334,658,524,413,240,28.49,431,Average
OUT0545,Franchise Outlet 0545,70112627.55,12008625.72,17.18,58345.0,321070.0,18.64,1173.49,3.39,905.0,40,1752815.69,305,314,553,526,364,395,28.41,432,Average
OUT0326,Franchise Outlet 0326,54661043.14,9903028.31,18.09,36465.0,197449.0,18.46,1496.45,2.99,1113.0,40,1366526.08,386,389,350,532,164,591,28.39,433,Average
OUT0209,Franchise Outlet 0209,78035815.01,12881371.93,16.69,59706.0,330487.0,18.08,1306.17,3.28,1029.0,40,1950895.38,253,288,641,552,286,452,28.38,434,Average
OUT0022,Franchise Outlet 0022,47171668.22,9247693.07,19.72,30860.0,232558.0,13.28,1527.77,2.89,1217.0,40,1179291.71,436,405,64,703,150,638,28.25,435,Average
OUT0183,Franchise Outlet 0183,54712681.78,9537805.87,17.39,51621.0,208903.0,24.78,1060.9,3.29,900.0,40,1367817.04,385,394,510,246,425,445,28.2,436,Average
OUT0265,Franchise Outlet 0265,42503432.6,7467352.59,17.81,47463.0,183687.0,25.22,895.61,3.59,813.0,40,1062585.82,471,479,410,233,525,309,28.17,437,Average
OUT0135,Franchise Outlet 0135,37217038.84,6639642.98,17.7,22314.0,105336.0,20.63,1667.38,3.11,1106.0,40,930425.97,516,517,438,411,66,538,28.17,437,Average
OUT0216,Franchise Outlet 0216,34828705.95,5809048.65,16.47,42447.0,136633.0,31.78,804.47,3.83,676.0,40,870717.65,545,572,673,60,571,193,28.01,439,Average
OUT0384,Franchise Outlet 0384,30626989.0,5806286.93,18.79,19079.0,94084.0,19.81,1605.14,2.97,1111.0,40,765674.72,577,573,206,462,111,603,27.96,440,Average
OUT0064,Franchise Outlet 0064,42265084.36,8109183.52,19.14,51122.0,246246.0,20.29,827.03,3.51,859.0,40,1056627.11,472,450,138,434,562,344,27.88,441,Average
OUT0008,Franchise Outlet 0008,31187279.94,5810177.93,18.4,22752.0,113526.0,20.48,1341.37,3.35,934.0,40,779682.0,572,571,287,424,258,414,27.78,442,Average
OUT0281,Franchise Outlet 0281,67791507.04,12466729.48,18.32,73168.0,376644.0,19.43,926.94,3.14,1034.0,40,1694787.68,315,299,299,475,504,520,27.77,443,Average
OUT0678,Franchise Outlet 0678,24288230.74,4796753.77,19.64,20424.0,107934.0,18.93,1187.36,3.38,904.0,40,607205.77,631,622,72,506,351,399,27.76,444,Average
OUT0730,Franchise Outlet 0730,35651290.07,6712112.24,18.97,26626.0,153524.0,17.34,1338.54,3.27,936.0,40,891282.25,535,510,177,581,261,456,27.67,445,Average
OUT0133,Franchise Outlet 0133,40043776.81,7212845.04,17.72,23194.0,164024.0,14.15,1728.82,3.36,906.0,40,1001094.42,487,490,429,683,30,411,27.65,446,Average
OUT0244,Franchise Outlet 0244,52711119.23,9379606.43,17.69,41039.0,271524.0,15.12,1286.77,3.57,831.0,40,1317777.98,398,401,440,654,300,319,27.62,447,Average
OUT0035,Franchise Outlet 0035,32242394.45,5981544.96,18.37,67331.0,230151.0,28.4,479.07,3.79,725.0,40,806059.86,566,558,292,131,729,217,27.55,448,Average
OUT0182,Franchise Outlet 0182,76296616.03,13032081.75,17.03,52125.0,303436.0,16.75,1464.48,2.93,1175.0,40,1907415.4,261,284,582,608,185,622,27.55,448,Average
OUT0056,Franchise Outlet 0056,49429028.48,9918587.83,19.87,44585.0,245482.0,17.18,1109.14,2.87,1285.0,40,1235725.71,422,388,50,591,405,647,27.47,450,Average
OUT0292,Franchise Outlet 0292,29220156.82,5348754.69,18.35,42570.0,164692.0,25.81,670.98,3.81,788.0,40,730503.92,601,591,294,215,631,207,27.46,451,Average
OUT0478,Franchise Outlet 0478,70578723.88,12541467.84,17.67,88644.0,400622.0,21.64,795.72,3.27,945.0,40,1764468.1,303,295,444,369,578,456,27.46,451,Average
OUT0080,Franchise Outlet 0080,55166545.72,11086555.42,20.04,48042.0,329280.0,15.03,1112.03,2.83,1144.0,40,1379163.64,379,347,36,659,404,672,27.46,451,Average
OUT0126,Franchise Outlet 0126,86078177.48,13573509.15,15.78,68981.0,345728.0,19.5,1246.01,3.24,933.0,40,2151954.44,221,269,725,472,324,472,27.33,454,Average
OUT0320,Franchise Outlet 0320,29551747.97,4694854.63,16.04,46877.0,149011.0,31.54,629.97,4.22,695.0,40,738793.7,596,627,714,65,653,12,27.27,455,Average
OUT0240,Franchise Outlet 0240,60759623.81,10401672.23,17.2,109367.0,433307.0,25.27,555.79,3.67,763.0,40,1518990.6,350,373,550,229,698,264,27.24,456,Average
OUT0273,Franchise Outlet 0273,35635952.3,6395755.8,17.82,26056.0,129132.0,20.21,1367.47,3.35,939.0,40,890898.81,536,531,406,442,244,414,27.22,457,Average
OUT0565,Franchise Outlet 0565,74504202.41,12725452.52,17.41,50168.0,308242.0,16.29,1484.83,2.79,1268.0,40,1862605.06,276,291,501,618,170,690,27.21,458,Average
OUT0225,Franchise Outlet 0225,84399377.28,13260973.02,15.4,48083.0,301109.0,15.58,1755.53,3.03,1078.0,40,2109984.43,228,278,740,642,22,572,27.15,459,Average
OUT0462,Franchise Outlet 0462,50931193.28,9415978.77,18.44,30771.0,259873.0,11.84,1655.53,3.02,1092.0,40,1273279.83,412,400,280,729,72,576,27.09,460,Average
OUT0327,Franchise Outlet 0327,68302311.22,11629076.41,17.05,111479.0,430584.0,25.84,613.34,3.41,909.0,40,1707557.78,312,335,577,214,659,387,27.07,461,Average
OUT0634,Franchise Outlet 0634,70950232.99,10668803.57,15.05,40715.0,310257.0,13.04,1706.22,3.69,708.0,40,1773755.82,298,363,746,708,42,258,26.95,462,Average
OUT0007,Franchise Outlet 0007,29559993.15,5150645.57,17.37,32394.0,155073.0,21.47,868.2,4.13,725.0,40,738999.83,594,600,516,376,545,49,26.86,463,Average
OUT0093,Franchise Outlet 0093,32193184.51,6331997.83,19.75,28751.0,146644.0,19.61,1120.77,3.02,1082.0,40,804829.61,567,537,61,468,399,576,26.8,464,Average
OUT0376,Franchise Outlet 0376,60347752.6,11119782.43,18.33,68667.0,358315.0,19.18,879.37,3.21,1033.0,40,1508693.82,354,345,296,489,534,485,26.75,465,Average
OUT0574,Franchise Outlet 0574,74469231.38,13049049.03,17.55,69296.0,405517.0,17.82,1029.91,3.1,1002.0,40,1861730.78,278,283,467,563,439,547,26.73,466,Average
OUT0043,Franchise Outlet 0043,31121781.63,5493295.27,17.6,24406.0,102710.0,23.73,1275.47,3.29,977.0,40,778044.54,573,587,459,288,307,445,26.68,467,Average
OUT0355,Franchise Outlet 0355,48608771.25,9186235.04,19.16,33242.0,207324.0,16.07,1461.93,2.66,1424.0,40,1215219.28,427,409,135,627,186,741,26.64,468,Average
OUT0319,Franchise Outlet 0319,30200819.95,5936646.78,19.82,17911.0,131242.0,13.34,1686.42,2.77,1293.0,40,755020.5,583,559,54,701,56,701,26.61,469,Average
OUT0679,Franchise Outlet 0679,62891413.61,11044650.59,17.41,106664.0,468785.0,22.75,590.9,3.57,824.0,40,1572285.34,342,350,501,326,673,319,26.61,469,Average
OUT0746,Franchise Outlet 0746,36977630.74,6777777.05,18.44,23954.0,126159.0,19.03,1544.17,2.85,1204.0,40,924440.77,517,505,280,499,142,659,26.57,471,Average
OUT0154,Franchise Outlet 0154,51211149.51,8988869.14,17.58,32549.0,178670.0,18.27,1573.99,2.86,1150.0,40,1280278.74,409,417,463,540,132,654,26.57,471,Average
OUT0063,Franchise Outlet 0063,74852501.76,11714429.89,15.52,50325.0,297441.0,17.85,1411.65,3.35,921.0,40,1871312.54,272,330,738,560,220,414,26.51,473,Average
OUT0502,Franchise Outlet 0502,56473015.72,10478065.65,18.71,66231.0,351147.0,18.86,853.19,3.17,1035.0,40,1411825.39,370,369,227,509,552,503,26.45,474,Average
OUT0607,Franchise Outlet 0607,59367398.94,10770773.13,18.29,42325.0,298646.0,14.15,1403.54,2.92,1103.0,40,1484184.97,358,360,306,683,223,625,26.44,475,Average
OUT0619,Franchise Outlet 0619,26974740.02,4838024.48,17.89,16135.0,90390.0,18.32,1629.01,3.2,924.0,40,674368.5,619,620,395,538,88,490,26.44,475,Average
OUT0652,Franchise Outlet 0652,66487847.38,11724647.72,17.56,70218.0,419512.0,16.75,946.79,3.4,803.0,40,1662196.18,322,329,465,608,491,390,26.38,477,Average
OUT0321,Franchise Outlet 0321,37792265.9,6772740.5,17.77,26525.0,153939.0,17.25,1424.73,3.32,891.0,40,944806.65,510,506,418,586,206,428,26.35,478,Average
OUT0350,Franchise Outlet 0350,33122389.62,6523430.24,19.69,34996.0,177257.0,19.79,946.55,3.14,984.0,40,828059.74,554,522,68,463,492,520,26.31,479,Average
OUT0161,Franchise Outlet 0161,58289721.13,10077513.05,17.28,35980.0,205755.0,17.49,1616.28,2.77,1174.0,40,1457243.03,366,385,532,576,102,701,26.29,480,Average
OUT0599,Franchise Outlet 0599,22539319.4,4537437.32,20.09,50027.0,187345.0,26.21,450.22,3.39,896.0,40,563482.98,649,630,33,204,750,395,26.29,480,Average
OUT0252,Franchise Outlet 0252,32742386.04,5612473.03,17.19,46522.0,177135.0,26.25,704.36,3.87,742.0,40,818559.65,561,581,552,202,614,173,26.29,480,Average
OUT0296,Franchise Outlet 0296,39678288.16,7017137.16,17.79,62404.0,236195.0,26.34,634.53,3.57,856.0,40,991957.2,490,494,414,197,646,319,26.25,483,Average
OUT0665,Franchise Outlet 0665,38963364.17,6990697.46,18.01,34179.0,248702.0,13.76,1137.33,3.82,766.0,40,974084.1,495,496,369,690,386,198,26.22,484,Average
OUT0037,Franchise Outlet 0037,53102329.85,8754625.06,16.36,29953.0,158072.0,18.95,1775.11,2.89,1112.0,40,1327558.25,395,425,689,505,11,638,26.15,485,Average
OUT0176,Franchise Outlet 0176,58515320.88,10460181.37,17.87,36080.0,250933.0,14.38,1626.3,2.74,1282.0,40,1462883.02,364,371,396,676,92,712,26.14,486,Average
OUT0687,Franchise Outlet 0687,46349897.92,7784588.55,16.94,52765.0,217609.0,24.29,878.71,3.56,802.0,40,1158747.45,441,466,602,263,536,326,26.12,487,Average
OUT0336,Franchise Outlet 0336,15718791.09,3303987.66,20.92,30958.0,157680.0,19.63,507.74,3.65,813.0,40,392969.78,709,694,9,467,717,278,26.05,488,Average
OUT0155,Franchise Outlet 0155,55163992.06,10197826.26,18.65,86658.0,443032.0,19.58,637.11,3.37,811.0,40,1379099.8,380,378,236,469,644,401,26.03,489,Average
OUT0548,Franchise Outlet 0548,20613532.35,3819871.34,18.65,12843.0,87077.0,14.36,1606.34,3.33,901.0,40,515338.31,674,654,236,677,109,422,25.98,490,Average
OUT0552,Franchise Outlet 0552,43461730.39,7377584.86,17.08,29304.0,133620.0,21.95,1484.05,2.95,1103.0,40,1086543.26,466,483,572,356,171,611,25.96,491,Average
OUT0450,Franchise Outlet 0450,49604761.16,8519231.85,17.24,42266.0,188406.0,22.43,1174.18,3.1,1031.0,40,1240119.03,419,435,540,338,363,547,25.9,492,Average
OUT0551,Franchise Outlet 0551,32652311.23,6304325.69,19.36,26856.0,126208.0,21.31,1215.06,2.74,1239.0,40,816307.78,562,538,109,387,338,712,25.88,493,Average
OUT0655,Franchise Outlet 0655,55315999.49,9099515.35,16.45,87461.0,419256.0,20.88,633.37,4.07,648.0,40,1382899.99,378,413,678,402,648,85,25.87,494,Average
OUT0268,Franchise Outlet 0268,49426211.71,9377223.39,19.2,71160.0,377080.0,18.86,695.3,3.25,955.0,40,1235655.29,423,402,130,509,618,468,25.85,495,Average
OUT0226,Franchise Outlet 0226,44861686.05,8419137.42,18.96,38147.0,213869.0,17.29,1175.6,2.95,1127.0,40,1121542.15,453,438,179,584,359,611,25.83,496,Average
OUT0023,Franchise Outlet 0023,29552178.91,5173828.88,17.52,21380.0,99794.0,21.91,1354.71,3.24,996.0,40,738804.47,595,599,474,359,251,472,25.8,497,Average
OUT0553,Franchise Outlet 0553,36143699.7,6835843.73,18.78,43094.0,251273.0,17.14,837.89,3.64,844.0,40,903592.49,530,504,208,595,559,286,25.75,498,Average
OUT0186,Franchise Outlet 0186,33538945.14,5811915.95,17.41,25863.0,141795.0,18.26,1297.23,3.51,845.0,40,838473.63,552,570,501,541,290,344,25.61,499,Average
OUT0333,Franchise Outlet 0333,49674655.78,8684668.37,17.48,33603.0,183464.0,18.31,1478.5,2.87,1275.0,40,1241866.39,417,428,483,539,176,647,25.53,500,Average
OUT0684,Franchise Outlet 0684,29623669.57,5091011.41,17.34,17094.0,101741.0,17.22,1687.96,3.19,1023.0,40,740591.74,592,605,521,588,54,492,25.51,501,Average
OUT0479,Franchise Outlet 0479,29353972.06,5140136.41,17.67,28164.0,105472.0,26.65,1042.39,3.17,992.0,40,733849.3,598,601,444,187,436,503,25.46,502,Average
OUT0601,Franchise Outlet 0601,32879804.2,6756665.91,20.34,22184.0,226102.0,9.57,1485.06,2.85,1146.0,40,821995.1,559,507,24,746,169,659,25.44,503,Average
OUT0030,Franchise Outlet 0030,16742580.69,3268510.16,19.58,11292.0,71053.0,15.92,1482.81,3.01,1048.0,40,418564.52,703,695,80,633,173,582,25.29,504,Average
OUT0110,Franchise Outlet 0110,51562057.58,9030816.81,17.54,79111.0,317635.0,24.28,652.33,3.36,974.0,40,1289051.44,407,415,469,264,636,411,25.29,504,Average
OUT0024,Franchise Outlet 0024,40169820.87,7363612.34,18.38,41546.0,228363.0,18.22,915.62,3.43,881.0,40,1004245.52,485,485,290,546,511,374,25.25,506,Average
OUT0242,Franchise Outlet 0242,40750397.34,7707757.96,19.01,36173.0,190378.0,19.03,1126.55,2.85,1199.0,40,1018759.93,481,469,166,499,396,659,25.22,507,Average
OUT0524,Franchise Outlet 0524,39950911.1,7234100.05,18.24,43181.0,210742.0,20.57,900.3,3.32,888.0,40,998772.78,488,488,317,418,522,428,25.2,508,Average
OUT0364,Franchise Outlet 0364,61503166.9,10474359.37,16.95,38924.0,248530.0,15.67,1579.5,2.81,1163.0,40,1537579.17,348,370,600,638,129,681,25.16,509,Average
OUT0366,Franchise Outlet 0366,23923167.45,4556696.9,19.14,16951.0,108521.0,15.65,1412.31,3.08,1048.0,40,598079.19,635,629,138,639,219,555,25.14,510,Average
OUT0689,Franchise Outlet 0689,23059433.99,3819706.3,16.54,15222.0,80934.0,18.82,1514.77,3.65,859.0,40,576485.85,642,655,663,515,157,278,25.12,511,Average
OUT0598,Franchise Outlet 0598,19928439.99,3718931.3,18.61,15893.0,81588.0,19.49,1253.14,3.26,1022.0,40,498211.0,686,662,245,473,320,463,25.09,512,Average
OUT0431,Franchise Outlet 0431,67289844.58,10941102.63,16.2,50154.0,257451.0,18.99,1341.8,3.0,984.0,40,1682246.11,318,355,703,503,257,584,25.05,513,Average
OUT0444,Franchise Outlet 0444,37398955.01,7278271.88,19.49,25991.0,182925.0,13.89,1439.24,2.71,1276.0,40,934973.88,514,487,92,686,196,730,25.02,514,Average
OUT0613,Franchise Outlet 0613,30027099.81,5236260.44,17.47,64638.0,252388.0,24.96,464.52,4.01,708.0,40,750677.5,587,597,487,241,740,111,25.01,515,Average
OUT0626,Franchise Outlet 0626,67835653.61,11557301.38,17.09,83626.0,412382.0,19.71,811.22,3.25,925.0,40,1695891.34,314,337,570,465,569,468,24.93,516,Average
OUT0438,Franchise Outlet 0438,20824755.75,4106899.89,19.46,39572.0,176735.0,22.95,513.48,3.58,800.0,40,520618.89,667,644,95,318,712,315,24.9,517,Average
OUT0138,Franchise Outlet 0138,58550176.58,10171091.04,17.26,61356.0,329338.0,18.62,954.92,3.26,944.0,40,1463754.41,363,381,536,527,483,463,24.78,518,Average
OUT0143,Franchise Outlet 0143,34620767.43,6260125.17,17.69,26775.0,128549.0,20.42,1290.8,3.07,1123.0,40,865519.19,546,547,440,427,295,556,24.77,519,Average
OUT0200,Franchise Outlet 0200,22369604.98,3909351.4,17.22,43283.0,177873.0,24.34,516.81,4.19,660.0,40,559240.12,651,651,547,259,709,21,24.67,520,Average
OUT0411,Franchise Outlet 0411,35507183.28,5836384.43,16.55,46327.0,200684.0,23.08,766.24,3.92,705.0,40,887679.58,538,566,661,313,588,156,24.64,521,Average
OUT0722,Franchise Outlet 0722,45699069.72,8320433.14,18.2,46302.0,224957.0,20.59,986.02,2.98,1203.0,40,1142476.74,447,439,323,416,463,595,24.58,522,Average
OUT0142,Franchise Outlet 0142,21453050.46,3602389.82,16.8,22037.0,73292.0,30.11,973.25,3.32,919.0,40,536326.26,660,671,618,95,470,428,24.54,523,Average
OUT0399,Franchise Outlet 0399,24105127.36,4898384.33,20.5,21135.0,122673.0,16.79,1139.74,2.74,1229.0,40,602628.18,633,615,20,606,383,712,24.51,524,Average
OUT0706,Franchise Outlet 0706,35572137.32,6901890.59,19.6,56826.0,323895.0,18.0,610.83,3.37,875.0,40,889303.43,537,502,76,556,661,401,24.51,524,Average
OUT0132,Franchise Outlet 0132,39005449.26,7296164.91,18.78,59799.0,286154.0,20.38,652.66,3.34,975.0,40,975136.23,494,486,208,429,635,417,24.45,526,Average
OUT0293,Franchise Outlet 0293,45563523.01,8600904.41,18.71,42560.0,258299.0,16.06,1070.9,3.0,1091.0,40,1139088.08,450,432,227,628,422,584,24.43,527,Average
OUT0731,Franchise Outlet 0731,35694098.49,6010769.17,16.9,22069.0,117377.0,18.79,1617.48,2.99,1173.0,40,892352.46,533,556,606,517,98,591,24.41,528,Average
OUT0417,Franchise Outlet 0417,35489647.9,6269213.21,17.92,28170.0,160923.0,17.53,1259.21,3.18,1016.0,40,887241.2,539,545,387,574,315,498,24.41,528,Average
OUT0543,Franchise Outlet 0543,38777262.55,7719727.33,19.98,77446.0,365832.0,21.08,489.24,3.05,1064.0,40,969431.56,497,468,42,397,725,564,24.39,530,Average
OUT0312,Franchise Outlet 0312,45957594.03,7944069.3,17.29,28081.0,190481.0,14.77,1637.89,2.87,1306.0,40,1148939.85,444,457,528,664,86,647,24.26,531,Average
OUT0146,Franchise Outlet 0146,42118625.37,7378721.76,17.6,83539.0,316564.0,26.46,504.96,3.39,874.0,40,1052965.63,473,482,459,194,719,395,24.24,532,Average
OUT0403,Franchise Outlet 0403,37736606.73,6878528.89,18.49,35718.0,163076.0,21.36,1055.85,2.85,1169.0,40,943415.17,513,503,273,384,429,659,24.2,533,Average
OUT0377,Franchise Outlet 0377,55139561.1,8762402.81,16.02,43456.0,203195.0,20.92,1268.59,3.13,985.0,40,1378489.03,381,424,717,400,310,527,24.15,534,Average
OUT0570,Franchise Outlet 0570,28883009.0,4300712.72,15.01,29683.0,120805.0,25.21,949.5,4.13,678.0,40,722075.22,605,634,748,234,488,49,24.1,535,Average
OUT0410,Franchise Outlet 0410,28974340.21,5517376.74,19.23,40100.0,175091.0,22.92,722.81,3.07,1026.0,40,724358.51,604,586,123,319,606,556,24.09,536,Average
OUT0095,Franchise Outlet 0095,36333059.96,6040849.53,16.79,40365.0,197709.0,20.43,900.21,3.75,763.0,40,908326.5,523,555,620,426,523,235,24.08,537,Average
OUT0246,Franchise Outlet 0246,34397325.99,5531273.19,16.14,28435.0,129997.0,21.88,1208.52,3.5,908.0,40,859933.15,548,585,707,360,340,353,23.95,538,Average
OUT0688,Franchise Outlet 0688,31257319.48,5805922.71,18.76,20217.0,187522.0,10.79,1546.57,3.03,1066.0,40,781432.99,571,574,215,741,138,572,23.9,539,Average
OUT0201,Franchise Outlet 0201,17169497.67,3324199.29,19.5,15004.0,123734.0,11.83,1142.63,3.53,859.0,40,429237.44,702,693,90,731,379,335,23.89,540,Average
OUT0274,Franchise Outlet 0274,34929053.42,6177638.06,17.77,41657.0,198964.0,20.5,838.24,3.46,837.0,40,873226.34,543,551,418,422,558,359,23.88,541,Average
OUT0440,Franchise Outlet 0440,20343164.05,4061076.85,19.97,23632.0,116909.0,20.28,859.1,3.0,1159.0,40,508579.1,679,646,43,436,549,584,23.88,541,Average
OUT0657,Franchise Outlet 0657,48490385.65,8896136.01,18.53,68361.0,311574.0,21.99,709.95,2.92,1152.0,40,1212259.64,428,420,265,355,611,625,23.88,541,Average
OUT0628,Franchise Outlet 0628,19413597.05,3346886.37,17.37,14475.0,76215.0,19.03,1341.28,3.42,894.0,40,485339.93,689,691,516,499,259,382,23.84,544,Average
OUT0460,Franchise Outlet 0460,13259434.85,2726249.35,20.59,9042.0,89778.0,10.09,1465.58,2.95,1184.0,40,331485.87,723,710,18,744,182,611,23.82,545,Average
OUT0414,Franchise Outlet 0414,53892751.52,9763274.76,18.14,46808.0,324229.0,14.43,1151.42,2.94,1159.0,40,1347318.79,389,393,338,675,378,617,23.81,546,Average
OUT0229,Franchise Outlet 0229,31908057.71,5488112.1,17.29,32099.0,138304.0,23.21,995.65,3.28,939.0,40,797701.44,569,589,528,310,454,452,23.79,547,Average
OUT0173,Franchise Outlet 0173,41319480.56,7526984.1,18.02,27489.0,183433.0,14.63,1464.54,2.85,1284.0,40,1032987.01,477,477,366,669,184,659,23.79,547,Average
OUT0447,Franchise Outlet 0447,30049985.64,5686216.85,18.75,59010.0,253627.0,23.28,509.22,3.4,914.0,40,751249.64,586,579,218,308,716,390,23.77,549,Average
OUT0020,Franchise Outlet 0020,32982774.76,6048345.73,18.48,18906.0,163679.0,11.84,1704.9,2.78,1307.0,40,824569.37,558,554,276,729,44,697,23.73,550,Average
OUT0528,Franchise Outlet 0528,54881194.59,9363278.46,17.06,39618.0,262983.0,15.08,1348.84,3.0,997.0,40,1372029.86,384,403,576,655,253,584,23.68,551,Average
OUT0243,Franchise Outlet 0243,38158508.0,6710138.14,17.61,50714.0,224579.0,23.13,734.39,3.33,936.0,40,953962.7,505,511,458,311,601,422,23.62,552,Average
OUT0374,Franchise Outlet 0374,46684241.35,7890677.72,16.71,32831.0,170329.0,19.31,1420.96,2.88,1257.0,40,1167106.03,438,459,636,484,209,644,23.61,553,Average
OUT0439,Franchise Outlet 0439,28617816.65,5788901.49,20.2,50271.0,251941.0,20.0,568.86,3.06,1040.0,40,715445.42,606,575,29,453,688,563,23.61,553,Average
OUT0235,Franchise Outlet 0235,44482197.68,8136929.23,18.16,64784.0,315464.0,20.02,686.5,3.27,1000.0,40,1112054.94,458,448,335,448,623,456,23.58,555,Average
OUT0405,Franchise Outlet 0405,33573522.07,6673661.49,19.89,26811.0,283771.0,9.46,1250.6,2.98,1116.0,40,839338.05,551,513,48,747,321,595,23.56,556,Average
OUT0220,Franchise Outlet 0220,19140318.94,3061925.69,16.1,29539.0,112504.0,25.66,647.64,4.2,626.0,40,478507.97,691,703,710,221,637,16,23.54,557,Average
OUT0658,Franchise Outlet 0658,38513946.32,6918204.99,18.18,32584.0,213287.0,14.9,1182.42,3.16,1041.0,40,962848.66,500,500,327,663,356,511,23.53,558,Average
OUT0692,Franchise Outlet 0692,37220391.21,6278094.33,16.81,32309.0,141945.0,22.25,1152.86,3.16,961.0,40,930509.78,515,543,614,343,376,511,23.53,558,Average
OUT0605,Franchise Outlet 0605,27590126.03,5015189.78,18.38,45777.0,199787.0,23.57,586.07,3.43,840.0,40,689753.15,617,608,290,296,677,374,23.5,560,Average
OUT0538,Franchise Outlet 0538,30260537.15,5874878.37,19.56,34195.0,203844.0,16.78,885.28,3.07,1094.0,40,756513.43,580,562,83,607,532,556,23.45,561,Average
OUT0609,Franchise Outlet 0609,29310113.74,4701068.55,16.0,22400.0,91809.0,24.41,1307.22,3.25,925.0,40,732752.84,599,625,719,255,284,468,23.43,562,Average
OUT0517,Franchise Outlet 0517,44860751.68,7842441.14,17.44,78095.0,393564.0,20.33,561.86,3.64,817.0,40,1121518.79,454,461,493,433,693,286,23.43,562,Average
OUT0159,Franchise Outlet 0159,42851542.18,7704765.77,18.23,45058.0,270334.0,16.66,951.72,3.17,955.0,40,1071288.55,470,470,319,611,486,503,23.35,564,Below Average
OUT0046,Franchise Outlet 0046,41734150.56,7688982.4,18.46,60127.0,345066.0,17.43,694.0,3.36,854.0,40,1043353.76,476,472,279,579,619,411,23.26,565,Below Average
OUT0193,Franchise Outlet 0193,52480242.89,9191933.79,17.43,57460.0,325780.0,17.18,914.34,3.23,935.0,40,1312006.07,401,408,496,591,512,479,23.25,566,Below Average
OUT0356,Franchise Outlet 0356,21827361.07,3945474.33,17.94,28832.0,134391.0,21.49,757.28,3.61,749.0,40,545684.03,655,649,384,375,593,300,23.24,567,Below Average
OUT0098,Franchise Outlet 0098,56188744.1,9449415.98,16.72,32811.0,257112.0,12.77,1711.88,2.73,1286.0,40,1404718.6,372,398,634,713,39,722,23.22,568,Below Average
OUT0365,Franchise Outlet 0365,47218307.53,8281468.38,17.59,27628.0,256533.0,10.81,1710.35,2.75,1289.0,40,1180457.69,435,441,461,739,40,706,23.15,569,Below Average
OUT0424,Franchise Outlet 0424,23593751.17,4215847.17,17.9,25200.0,112049.0,21.94,936.77,3.3,910.0,40,589843.78,638,637,391,357,497,440,23.1,570,Below Average
OUT0494,Franchise Outlet 0494,39246427.49,7492702.01,18.98,26872.0,224186.0,11.95,1430.29,2.66,1270.0,40,981160.69,492,478,173,727,202,741,23.01,571,Below Average
OUT0747,Franchise Outlet 0747,25338328.37,4747727.04,18.82,26400.0,162367.0,16.25,959.86,3.32,825.0,40,633458.21,626,624,199,619,478,428,23.01,571,Below Average
OUT0696,Franchise Outlet 0696,53501220.2,8683868.63,16.35,34513.0,196968.0,17.53,1549.34,2.74,1236.0,40,1337530.51,392,429,690,574,137,712,22.99,573,Below Average
OUT0343,Franchise Outlet 0343,25662392.44,4859309.75,19.17,28245.0,181397.0,15.59,908.82,3.3,963.0,40,641559.81,623,616,133,640,517,440,22.98,574,Below Average
OUT0682,Franchise Outlet 0682,34406830.87,6463791.58,18.89,39092.0,195283.0,20.03,879.23,2.89,1274.0,40,860170.77,547,526,189,447,535,638,22.97,575,Below Average
OUT0323,Franchise Outlet 0323,49767809.86,8052725.77,16.3,32318.0,195839.0,16.52,1539.88,2.91,1165.0,40,1244195.25,416,452,694,615,146,628,22.88,576,Below Average
OUT0042,Franchise Outlet 0042,20379695.4,3606682.01,17.39,12630.0,61327.0,20.63,1612.25,2.75,1232.0,40,509492.39,678,670,510,411,106,706,22.87,577,Below Average
OUT0060,Franchise Outlet 0060,45891145.45,7824131.68,17.08,67841.0,370467.0,18.77,660.15,3.64,807.0,40,1147278.64,446,462,572,520,633,286,22.82,578,Below Average
OUT0434,Franchise Outlet 0434,24087068.18,4154274.54,17.28,47241.0,180888.0,26.79,497.84,3.64,836.0,40,602176.7,634,642,532,181,722,286,22.77,579,Below Average
OUT0709,Franchise Outlet 0709,42015799.55,7671486.0,18.27,79800.0,388580.0,20.54,526.77,3.31,964.0,40,1050394.99,475,474,310,420,707,435,22.76,580,Below Average
OUT0546,Franchise Outlet 0546,54361500.18,9240136.31,17.04,74090.0,428854.0,16.03,733.88,3.57,900.0,40,1359037.5,387,406,580,629,602,319,22.75,581,Below Average
OUT0727,Franchise Outlet 0727,29357557.15,5491578.21,18.91,23293.0,156087.0,14.93,1260.58,2.86,1172.0,40,733938.93,597,588,187,662,314,654,22.7,582,Below Average
OUT0120,Franchise Outlet 0120,17588118.57,3435091.42,19.67,18870.0,86663.0,21.36,931.86,2.79,1171.0,40,439702.96,701,686,69,384,499,690,22.68,583,Below Average
OUT0057,Franchise Outlet 0057,35152247.71,6494744.35,18.41,74998.0,425381.0,18.05,459.09,3.67,808.0,40,878806.19,542,523,285,554,745,264,22.63,584,Below Average
OUT0418,Franchise Outlet 0418,28258640.84,4855490.56,17.54,44935.0,189284.0,23.73,628.81,3.5,815.0,40,706466.02,609,617,469,288,654,353,22.62,585,Below Average
OUT0653,Franchise Outlet 0653,36217263.35,6400720.05,17.65,26991.0,158945.0,17.03,1342.38,2.87,1106.0,40,905431.58,527,529,450,598,256,647,22.59,586,Below Average
OUT0481,Franchise Outlet 0481,20766049.43,3675470.54,17.48,32102.0,125155.0,25.68,647.49,3.45,898.0,40,519151.24,670,664,483,219,638,365,22.28,587,Below Average
OUT0150,Franchise Outlet 0150,28398205.01,5308315.91,18.64,22105.0,151281.0,14.26,1286.6,2.91,1208.0,40,709955.13,608,592,238,679,301,628,22.22,588,Below Average
OUT0474,Franchise Outlet 0474,46456990.22,7814816.66,16.76,38108.0,195372.0,20.02,1186.12,2.87,1160.0,40,1161424.76,440,463,628,448,352,647,22.2,589,Below Average
OUT0621,Franchise Outlet 0621,21432229.65,3789513.97,17.85,35037.0,146578.0,24.44,582.66,3.47,829.0,40,535805.74,662,656,403,253,681,357,22.19,590,Below Average
OUT0174,Franchise Outlet 0174,42033919.8,7458632.82,17.75,74743.0,345370.0,21.02,561.95,3.32,917.0,40,1050847.99,474,480,422,398,692,428,22.18,591,Below Average
OUT0131,Franchise Outlet 0131,30607496.21,5578594.45,17.99,26535.0,163984.0,16.58,1125.54,3.11,1023.0,40,765187.41,578,582,374,613,397,538,22.18,591,Below Average
OUT0363,Franchise Outlet 0363,23811668.41,4025851.66,17.03,26563.0,115011.0,22.57,895.23,3.45,834.0,40,595291.71,637,648,582,334,526,365,22.17,593,Below Average
OUT0262,Franchise Outlet 0262,49631462.68,8816791.96,17.58,85915.0,415033.0,20.72,578.28,3.2,1016.0,40,1240786.57,418,422,463,410,683,490,22.14,594,Below Average
OUT0223,Franchise Outlet 0223,46651703.39,8570852.13,18.62,56577.0,328482.0,17.25,825.12,2.83,1227.0,40,1166292.58,439,433,242,586,564,672,22.06,595,Below Average
OUT0004,Franchise Outlet 0004,14569182.52,2658722.3,18.16,17329.0,114422.0,15.17,841.27,3.86,708.0,40,364229.56,714,712,335,651,555,176,22.0,596,Below Average
OUT0593,Franchise Outlet 0593,23162092.35,4161638.01,18.02,22877.0,121619.0,18.8,1012.64,3.21,998.0,40,579052.31,641,640,366,516,446,485,21.95,597,Below Average
OUT0569,Franchise Outlet 0569,30876516.46,5243815.2,16.97,17873.0,118571.0,15.04,1724.58,2.77,1248.0,40,771912.91,574,596,598,657,34,701,21.82,598,Below Average
OUT0402,Franchise Outlet 0402,36630387.67,6414382.85,17.47,38426.0,222032.0,17.74,931.01,3.26,837.0,40,915759.69,519,528,487,566,500,463,21.81,599,Below Average
OUT0310,Franchise Outlet 0310,47279576.18,8550010.75,17.86,39624.0,254428.0,15.16,1191.32,2.73,1300.0,40,1181989.4,434,434,399,652,349,722,21.79,600,Below Average
OUT0277,Franchise Outlet 0277,31871715.79,5913708.2,18.61,52077.0,257405.0,20.22,610.78,3.16,1030.0,40,796792.89,570,560,245,440,662,511,21.72,601,Below Average
OUT0729,Franchise Outlet 0729,40211007.09,7210660.26,17.8,59036.0,323919.0,18.26,680.92,3.31,1039.0,40,1005275.18,483,491,413,541,626,435,21.67,602,Below Average
OUT0649,Franchise Outlet 0649,38919795.12,6701413.23,17.3,59949.0,337647.0,18.19,633.92,3.59,887.0,40,972994.88,496,512,525,547,647,309,21.65,603,Below Average
OUT0232,Franchise Outlet 0232,16091836.3,2883399.52,18.11,12158.0,66014.0,18.46,1322.97,2.91,1136.0,40,402295.91,705,706,343,532,271,628,21.59,604,Below Average
OUT0430,Franchise Outlet 0430,18657646.76,3535209.94,18.7,32559.0,134452.0,24.3,557.27,3.15,1005.0,40,466441.17,695,677,230,261,696,516,21.5,605,Below Average
OUT0052,Franchise Outlet 0052,23485129.64,4075207.99,17.52,43115.0,154633.0,26.47,544.74,3.31,958.0,40,587128.24,640,645,474,193,702,435,21.48,606,Below Average
OUT0645,Franchise Outlet 0645,15823609.35,3036155.64,19.13,21509.0,103781.0,20.77,735.78,3.1,1086.0,40,395590.23,706,704,144,406,599,547,21.44,607,Below Average
OUT0559,Franchise Outlet 0559,27937957.71,5549630.89,19.62,28524.0,234354.0,12.51,956.1,2.98,1025.0,40,698448.94,613,584,75,719,482,595,21.43,608,Below Average
OUT0169,Franchise Outlet 0169,47070518.02,7872231.38,16.51,47412.0,205568.0,22.55,992.5,2.86,1255.0,40,1176762.95,437,460,667,336,459,654,21.4,609,Below Average
OUT0715,Franchise Outlet 0715,21437414.74,3775946.87,17.63,17311.0,81915.0,20.61,1240.15,2.85,1222.0,40,535935.37,661,658,455,414,329,659,21.32,610,Below Average
OUT0309,Franchise Outlet 0309,22968331.22,3532208.25,15.24,24357.0,101434.0,24.08,943.3,3.77,740.0,40,574208.28,644,678,744,273,494,228,21.27,611,Below Average
OUT0117,Franchise Outlet 0117,30199957.09,5716734.47,18.97,40909.0,205510.0,19.42,736.51,2.87,1251.0,40,754998.93,584,577,177,477,598,647,21.15,612,Below Average
OUT0589,Franchise Outlet 0589,33329800.93,5613628.01,16.68,63003.0,261352.0,24.09,529.24,3.51,841.0,40,833245.02,553,580,643,272,706,344,21.03,613,Below Average
OUT0168,Franchise Outlet 0168,21275840.25,3565340.04,16.8,44592.0,183082.0,24.39,477.9,3.78,751.0,40,531896.01,663,676,618,256,732,224,21.03,613,Below Average
OUT0272,Franchise Outlet 0272,32308100.2,6216755.0,19.14,27691.0,256044.0,10.8,1163.44,2.83,1225.0,40,807702.5,565,550,138,740,369,672,20.92,615,Below Average
OUT0090,Franchise Outlet 0090,25292939.94,4695833.13,18.55,43249.0,175968.0,24.58,584.7,2.89,1239.0,40,632323.5,627,626,263,251,678,638,20.9,616,Below Average
OUT0429,Franchise Outlet 0429,20793987.38,3479102.15,16.76,40757.0,156407.0,26.67,498.92,3.58,859.0,40,519849.68,668,682,628,186,721,315,20.89,617,Below Average
OUT0391,Franchise Outlet 0391,36217500.52,5998096.05,16.65,20935.0,160867.0,13.05,1729.18,2.73,1218.0,40,905437.51,526,557,649,706,29,722,20.75,618,Below Average
OUT0622,Franchise Outlet 0622,30731869.59,5131316.98,16.65,22154.0,130496.0,17.0,1387.32,2.97,1120.0,40,768296.74,576,602,649,599,231,603,20.68,619,Below Average
OUT0443,Franchise Outlet 0443,38559541.49,7057280.76,18.27,32237.0,250141.0,12.88,1195.46,2.76,1215.0,40,963988.54,498,493,310,712,346,704,20.67,620,Below Average
OUT0072,Franchise Outlet 0072,37862408.36,7233884.31,19.14,58731.0,341783.0,17.18,644.64,2.83,1166.0,40,946560.21,508,489,138,591,641,672,20.66,621,Below Average
OUT0393,Franchise Outlet 0393,36198986.45,6645122.07,18.32,41632.0,295300.0,14.44,850.35,3.11,1018.0,40,904974.66,528,514,299,674,554,538,20.64,622,Below Average
OUT0115,Franchise Outlet 0115,31922764.71,5818314.07,18.09,28090.0,215187.0,13.05,1136.9,3.03,1071.0,40,798069.12,568,568,350,706,387,572,20.62,623,Below Average
OUT0501,Franchise Outlet 0501,40187513.86,7426124.42,18.43,48957.0,282569.0,17.32,822.89,2.78,1317.0,40,1004687.85,484,481,283,582,565,697,20.57,624,Below Average
OUT0325,Franchise Outlet 0325,22731713.46,4221003.67,18.58,15991.0,123220.0,13.36,1382.0,2.71,1355.0,40,568292.84,646,636,253,698,236,730,20.49,625,Below Average
OUT0493,Franchise Outlet 0493,50218162.37,8431524.6,16.79,74286.0,394995.0,18.79,675.89,3.22,1029.0,40,1255454.06,414,437,620,517,628,483,20.47,626,Below Average
OUT0231,Franchise Outlet 0231,17616622.43,3471372.96,19.55,22435.0,154456.0,14.17,785.65,3.16,1020.0,40,440415.56,700,684,86,682,581,511,20.36,627,Below Average
OUT0306,Franchise Outlet 0306,38555565.03,7365268.64,18.99,47914.0,310584.0,15.44,804.89,2.73,1306.0,40,963889.13,499,484,171,644,570,722,20.29,628,Below Average
OUT0389,Franchise Outlet 0389,10005473.4,1868918.12,18.78,20577.0,86398.0,23.88,486.13,3.24,961.0,40,250136.84,731,729,208,278,726,472,20.29,628,Below Average
OUT0283,Franchise Outlet 0283,35832817.48,6476410.55,18.23,30319.0,278929.0,11.14,1154.13,2.95,1177.0,40,895820.44,531,524,319,736,374,611,20.23,630,Below Average
OUT0002,Franchise Outlet 0002,24944927.22,3786024.64,15.26,27543.0,106322.0,25.9,905.18,3.45,866.0,40,623623.18,629,657,743,211,520,365,20.21,631,Below Average
OUT0113,Franchise Outlet 0113,9857606.74,1825204.73,18.53,21740.0,94162.0,23.11,453.26,3.41,892.0,40,246440.17,733,730,265,312,748,387,20.17,632,Below Average
OUT0745,Franchise Outlet 0745,51802218.34,8651240.34,16.64,64990.0,378492.0,17.21,797.37,3.14,999.0,40,1295055.46,405,431,654,589,575,520,20.09,633,Below Average
OUT0062,Franchise Outlet 0062,14551015.17,2598773.65,17.71,29995.0,125299.0,23.37,485.98,3.51,872.0,40,363775.38,715,714,433,302,727,344,20.08,634,Below Average
OUT0351,Franchise Outlet 0351,26144551.26,4772391.94,18.5,39594.0,257351.0,16.08,631.04,3.34,864.0,40,653613.78,622,623,271,626,652,417,20.08,634,Below Average
OUT0518,Franchise Outlet 0518,21260395.47,4169999.75,19.73,31582.0,237948.0,13.29,673.31,3.17,999.0,40,531509.89,664,638,62,702,629,503,20.06,636,Below Average
OUT0148,Franchise Outlet 0148,30320585.93,5282944.08,17.41,28061.0,156260.0,17.98,1081.0,2.91,1162.0,40,758014.65,579,593,501,557,417,628,20.05,637,Below Average
OUT0357,Franchise Outlet 0357,28570910.4,4841075.31,17.1,18390.0,136738.0,13.44,1556.05,2.8,1298.0,40,714272.76,607,619,568,697,136,686,20.01,638,Below Average
OUT0347,Franchise Outlet 0347,33054208.95,5691119.15,17.14,54493.0,217244.0,24.38,607.32,3.02,1036.0,40,826355.22,555,578,558,257,663,576,19.82,639,Below Average
OUT0328,Franchise Outlet 0328,39016019.3,7014737.71,17.85,64935.0,357867.0,18.15,600.12,3.1,1010.0,40,975400.48,493,495,403,549,670,547,19.77,640,Below Average
OUT0125,Franchise Outlet 0125,36274227.68,6082188.91,16.76,30182.0,171166.0,18.58,1142.25,2.84,1215.0,40,906855.69,524,552,628,530,380,668,19.77,640,Below Average
OUT0555,Franchise Outlet 0555,38462452.01,6267663.0,16.28,28445.0,171212.0,16.23,1351.95,2.87,1184.0,40,961561.3,501,546,697,621,252,647,19.71,642,Below Average
OUT0219,Franchise Outlet 0219,44586486.89,6906738.32,15.32,65111.0,287125.0,21.53,684.55,3.53,864.0,40,1114662.17,456,501,742,372,624,335,19.7,643,Below Average
OUT0128,Franchise Outlet 0128,34862457.16,6640996.71,18.94,39064.0,302749.0,12.92,893.11,2.81,1238.0,40,871561.43,544,516,181,710,528,681,19.69,644,Below Average
OUT0505,Franchise Outlet 0505,20768249.56,3640983.32,17.75,25881.0,142162.0,18.24,801.3,3.28,994.0,40,519206.24,669,666,422,545,573,452,19.68,645,Below Average
OUT0394,Franchise Outlet 0394,37792170.23,6922590.45,18.53,43290.0,356781.0,11.85,875.73,2.98,1055.0,40,944804.26,511,499,265,728,538,595,19.56,646,Below Average
OUT0704,Franchise Outlet 0704,15016759.44,2710900.87,18.05,19126.0,94852.0,20.18,783.98,3.15,1007.0,40,375418.99,712,711,361,443,583,516,19.53,647,Below Average
OUT0566,Franchise Outlet 0566,46337616.99,7812891.3,16.93,51187.0,271285.0,18.84,904.9,2.79,1246.0,40,1158440.42,442,464,603,512,521,690,19.49,648,Below Average
OUT0368,Franchise Outlet 0368,23026372.21,4291755.98,18.74,18777.0,137409.0,13.36,1226.29,2.67,1321.0,40,575659.31,643,635,220,698,334,739,19.48,649,Below Average
OUT0170,Franchise Outlet 0170,29899597.43,4993975.17,16.7,39518.0,210196.0,18.83,757.29,3.42,814.0,40,747489.94,589,611,640,513,592,382,19.46,650,Below Average
OUT0387,Franchise Outlet 0387,28121691.99,5129019.73,18.18,26703.0,165105.0,16.18,1053.77,2.75,1293.0,40,703042.3,611,603,327,623,430,706,19.45,651,Below Average
OUT0188,Franchise Outlet 0188,25523681.4,4160723.8,16.43,19715.0,108970.0,18.14,1296.14,2.96,1095.0,40,638092.03,624,641,681,550,292,608,19.33,652,Below Average
OUT0011,Franchise Outlet 0011,29189904.29,4997726.38,17.15,20449.0,222181.0,9.22,1427.91,3.13,1012.0,40,729747.61,602,610,556,748,205,527,19.32,653,Below Average
OUT0738,Franchise Outlet 0738,20615538.96,3743944.69,18.3,15493.0,123325.0,12.59,1330.31,2.78,1237.0,40,515388.47,673,660,303,718,265,697,19.31,654,Below Average
OUT0208,Franchise Outlet 0208,21024475.01,3634272.94,17.45,23087.0,126469.0,18.25,912.02,3.17,1052.0,40,525611.88,665,668,491,544,514,503,19.29,655,Below Average
OUT0659,Franchise Outlet 0659,9078362.91,1738206.1,19.03,6361.0,54589.0,12.0,1393.92,2.74,1308.0,40,226959.07,736,734,161,726,227,712,19.22,656,Below Average
OUT0397,Franchise Outlet 0397,47532757.48,8021631.17,17.07,44188.0,283720.0,15.55,1076.35,2.7,1312.0,40,1188318.94,432,453,574,643,419,735,19.21,657,Below Average
OUT0302,Franchise Outlet 0302,20507030.6,3758036.12,18.26,16473.0,147119.0,11.19,1245.32,2.98,1079.0,40,512675.76,677,659,312,734,326,595,19.14,658,Below Average
OUT0396,Franchise Outlet 0396,72948700.23,10571121.69,14.45,66183.0,340960.0,18.89,1102.92,2.84,1168.0,40,1823717.51,286,366,750,508,410,668,19.13,659,Below Average
OUT0352,Franchise Outlet 0352,6562133.42,1311252.27,20.26,13789.0,104249.0,13.22,475.98,3.43,880.0,40,164053.34,745,741,27,705,735,374,19.11,660,Below Average
OUT0404,Franchise Outlet 0404,19937073.3,3343740.9,16.88,11988.0,83713.0,13.62,1663.62,2.75,1248.0,40,498426.83,685,692,609,692,68,706,19.04,661,Below Average
OUT0050,Franchise Outlet 0050,18617709.24,3407992.8,18.31,20202.0,255487.0,7.92,921.66,3.65,748.0,40,465442.73,696,687,301,750,508,278,19.03,662,Below Average
OUT0263,Franchise Outlet 0263,40052378.71,6632777.87,16.48,42372.0,220921.0,19.18,945.41,2.93,1081.0,40,1001309.47,486,518,671,489,493,622,19.01,663,Below Average
OUT0451,Franchise Outlet 0451,38348498.91,6382922.07,16.73,74372.0,335387.0,22.19,515.68,3.19,1071.0,40,958712.47,503,535,632,347,710,492,18.97,664,Below Average
OUT0089,Franchise Outlet 0089,26700626.15,4495642.23,16.78,24026.0,140383.0,17.63,1082.15,3.05,1076.0,40,667515.65,621,631,624,569,416,564,18.94,665,Below Average
OUT0487,Franchise Outlet 0487,14310074.01,2526506.18,17.56,15998.0,99447.0,16.1,894.14,3.4,967.0,40,357751.85,718,717,465,625,527,390,18.9,666,Below Average
OUT0720,Franchise Outlet 0720,18973844.2,3080650.31,16.27,27151.0,177185.0,15.32,698.84,4.05,679.0,40,474346.1,692,701,698,648,616,98,18.84,667,Below Average
OUT0614,Franchise Outlet 0614,19463894.53,3003552.99,15.53,13082.0,64574.0,20.29,1489.91,2.91,1189.0,40,486597.36,688,705,737,434,167,628,18.81,668,Below Average
OUT0069,Franchise Outlet 0069,33046761.77,5841270.48,17.43,49130.0,309393.0,15.89,672.08,3.3,934.0,40,826169.04,556,565,496,634,630,440,18.81,668,Below Average
OUT0345,Franchise Outlet 0345,20583003.3,3587121.8,17.37,41680.0,190874.0,21.84,493.34,3.37,914.0,40,514575.08,675,674,516,363,723,401,18.75,670,Below Average
OUT0586,Franchise Outlet 0586,10485980.83,2051255.04,19.54,20479.0,114415.0,17.48,511.74,3.14,1050.0,40,262149.52,728,727,87,577,714,520,18.68,671,Below Average
OUT0662,Franchise Outlet 0662,20302164.72,3394313.36,16.64,12676.0,101079.0,12.27,1601.21,2.93,1110.0,40,507554.12,682,689,654,723,115,622,18.6,672,Below Average
OUT0507,Franchise Outlet 0507,22007276.01,3635090.15,16.79,30131.0,151152.0,20.61,708.85,3.34,885.0,40,550181.9,653,667,620,414,612,417,18.58,673,Below Average
OUT0121,Franchise Outlet 0121,22662726.66,3667889.05,16.27,14121.0,105202.0,13.47,1604.12,2.89,1161.0,40,566568.17,647,665,698,695,113,638,18.44,674,Below Average
OUT0058,Franchise Outlet 0058,29713698.83,5089489.84,17.05,44746.0,222793.0,20.1,663.84,3.12,989.0,40,742842.47,591,606,577,444,632,533,18.32,675,Below Average
OUT0392,Franchise Outlet 0392,18874721.33,3476676.58,18.3,24939.0,129401.0,19.3,756.98,2.86,1143.0,40,471868.03,693,683,303,486,594,654,18.31,676,Below Average
OUT0054,Franchise Outlet 0054,37855530.25,6439504.15,17.01,32211.0,242691.0,12.92,1174.6,2.85,1208.0,40,946388.26,509,527,593,710,362,659,18.3,677,Below Average
OUT0094,Franchise Outlet 0094,22825276.78,3865173.06,16.81,19817.0,104636.0,18.96,1151.84,2.82,1202.0,40,570631.92,645,653,614,504,377,677,18.29,678,Below Average
OUT0681,Franchise Outlet 0681,21572044.6,3893563.01,18.03,23332.0,185870.0,12.6,925.3,3.17,1005.0,40,539301.12,657,652,364,717,505,503,18.18,679,Below Average
OUT0415,Franchise Outlet 0415,29603254.93,5551637.78,18.74,38524.0,340446.0,11.04,765.86,3.05,1108.0,40,740081.37,593,583,220,737,589,564,18.17,680,Below Average
OUT0187,Franchise Outlet 0187,38138133.5,6754588.35,17.72,45084.0,367190.0,12.36,820.29,3.05,1086.0,40,953453.34,506,508,429,720,567,564,18.15,681,Below Average
OUT0600,Franchise Outlet 0600,19905007.15,3360973.95,17.05,17723.0,104013.0,17.54,1092.57,2.94,1102.0,40,497625.18,687,690,577,572,412,617,18.02,682,Below Average
OUT0172,Franchise Outlet 0172,43204216.98,6644621.11,15.55,31348.0,214110.0,14.29,1378.55,2.86,1246.0,40,1080105.42,468,515,736,678,237,654,18.01,683,Below Average
OUT0749,Franchise Outlet 0749,26956997.27,4985817.86,18.4,41236.0,256169.0,16.68,632.57,2.94,1084.0,40,673924.93,620,612,287,610,650,617,17.99,684,Below Average
OUT0260,Franchise Outlet 0260,13673337.67,2317514.51,16.89,12863.0,69657.0,19.03,1032.06,3.09,1021.0,40,341833.44,721,721,608,499,438,552,17.98,685,Below Average
OUT0588,Franchise Outlet 0588,25413286.91,4163965.08,16.32,17035.0,111403.0,15.31,1492.59,2.73,1239.0,40,635332.17,625,639,692,649,165,722,17.98,685,Below Average
OUT0145,Franchise Outlet 0145,36574778.84,6468476.74,17.55,30840.0,249803.0,12.35,1185.29,2.65,1367.0,40,914369.47,520,525,467,721,353,746,17.97,687,Below Average
OUT0237,Franchise Outlet 0237,35224855.18,5864925.7,16.46,77507.0,387141.0,20.04,453.71,3.42,897.0,40,880621.38,541,564,674,446,747,382,17.96,688,Below Average
OUT0006,Franchise Outlet 0006,20305395.55,3493614.8,17.37,21580.0,123336.0,18.83,874.37,2.98,1091.0,40,507634.89,681,681,516,513,541,595,17.92,689,Below Average
OUT0227,Franchise Outlet 0227,36861593.35,6539480.06,17.92,50443.0,300129.0,16.82,730.62,2.73,1250.0,40,921539.83,518,521,387,605,603,722,17.84,690,Below Average
OUT0152,Franchise Outlet 0152,30203537.69,5261588.21,17.42,56876.0,283965.0,20.02,530.82,3.01,1112.0,40,755088.44,582,595,500,448,705,582,17.5,691,Below Average
OUT0078,Franchise Outlet 0078,36161689.18,6389476.43,17.72,49236.0,276748.0,17.26,735.15,2.7,1320.0,40,904042.23,529,533,429,585,600,735,17.4,692,Below Average
OUT0602,Franchise Outlet 0602,15646262.93,2811596.45,18.11,21465.0,116968.0,18.38,729.08,2.95,1119.0,40,391156.57,710,707,343,536,604,611,17.38,693,Below Average
OUT0301,Franchise Outlet 0301,9430719.02,1621990.13,17.13,13751.0,77413.0,17.78,686.7,3.51,876.0,40,235767.98,734,736,561,565,622,344,17.26,694,Below Average
OUT0630,Franchise Outlet 0630,29923456.58,4852829.8,16.42,41444.0,238134.0,17.43,721.98,3.29,868.0,40,748086.41,588,618,682,579,608,445,17.24,695,Below Average
OUT0497,Franchise Outlet 0497,36258549.18,6245995.32,17.28,63514.0,315767.0,19.57,556.73,2.88,1112.0,40,906463.73,525,548,532,470,697,644,17.23,696,Below Average
OUT0144,Franchise Outlet 0144,20710054.85,3453819.07,16.71,36613.0,161082.0,22.75,565.62,3.17,949.0,40,517751.37,671,685,636,326,690,503,17.19,697,Below Average
OUT0073,Franchise Outlet 0073,20701492.04,3266297.27,15.82,13866.0,108952.0,13.36,1421.52,3.11,1042.0,40,517537.3,672,697,724,698,208,538,17.16,698,Below Average
OUT0329,Franchise Outlet 0329,13541044.76,2282214.68,16.78,12170.0,58645.0,20.27,1114.09,2.78,1218.0,40,338526.12,722,723,624,437,403,697,17.11,699,Below Average
OUT0204,Franchise Outlet 0204,12399934.93,2193584.64,17.7,10392.0,78386.0,13.26,1192.28,2.91,1183.0,40,309998.37,726,726,438,704,348,628,17.05,700,Below Average
OUT0038,Franchise Outlet 0038,22199881.34,4115877.38,18.69,46993.0,290508.0,16.2,472.28,2.96,1072.0,40,554997.03,652,643,231,622,738,608,16.66,701,Below Average
OUT0583,Franchise Outlet 0583,15761478.47,2741693.93,17.24,12504.0,96698.0,12.64,1263.02,2.88,1196.0,40,394036.96,707,709,540,716,311,644,16.64,702,Below Average
OUT0557,Franchise Outlet 0557,38196849.2,6718732.89,17.44,43766.0,345070.0,12.35,871.13,2.81,1147.0,40,954921.23,504,509,493,721,543,681,16.57,703,Below Average
OUT0189,Franchise Outlet 0189,10498703.37,1890650.65,17.99,12764.0,77089.0,16.96,803.23,2.98,1135.0,40,262467.58,727,728,374,602,572,595,16.56,704,Below Average
OUT0214,Franchise Outlet 0214,28225305.4,4826324.31,17.03,29582.0,163932.0,18.53,933.35,2.62,1323.0,40,705632.64,610,621,582,531,498,749,16.49,705,Below Average
OUT0289,Franchise Outlet 0289,9308262.26,1799326.58,19.05,12412.0,88061.0,14.55,728.31,2.85,1135.0,40,232706.56,735,731,158,671,605,659,16.18,706,Below Average
OUT0305,Franchise Outlet 0305,12858073.67,2336723.87,18.44,14632.0,90190.0,16.25,879.87,2.65,1342.0,40,321451.84,725,719,280,619,533,746,16.12,707,Below Average
OUT0650,Franchise Outlet 0650,19155799.48,3511776.47,18.28,19004.0,175048.0,10.89,1006.96,2.8,1221.0,40,478894.99,690,680,308,738,449,686,16.09,708,Below Average
OUT0508,Franchise Outlet 0508,17824922.1,3119204.9,17.34,21342.0,110872.0,19.22,835.36,2.74,1257.0,40,445623.05,698,700,521,488,560,712,16.07,709,Below Average
OUT0587,Franchise Outlet 0587,5403622.43,1079758.97,20.0,8538.0,63172.0,13.54,633.15,2.79,1291.0,40,135090.56,747,747,39,694,649,690,16.05,710,Below Average
OUT0432,Franchise Outlet 0432,16476548.97,2778564.04,17.02,26714.0,133616.0,20.0,617.49,3.07,1018.0,40,411913.72,704,708,589,453,657,556,15.87,711,Below Average
OUT0610,Franchise Outlet 0610,27658008.72,5067348.02,18.06,28164.0,252919.0,11.15,983.19,2.59,1255.0,40,691450.22,616,607,360,735,467,750,15.52,712,Below Average
OUT0491,Franchise Outlet 0491,8420027.22,1488829.83,17.71,8977.0,59855.0,15.03,939.29,2.91,1105.0,40,210500.68,738,739,433,659,496,628,15.48,713,Below Average
OUT0425,Franchise Outlet 0425,8216709.65,1603928.88,19.52,10532.0,98026.0,10.76,780.5,2.79,1257.0,40,205417.74,739,738,89,742,584,690,15.34,714,Below Average
OUT0278,Franchise Outlet 0278,21514975.1,3632584.55,17.0,36440.0,237408.0,15.36,590.85,3.23,987.0,40,537874.38,658,669,595,645,674,479,15.16,715,Below Average
OUT0136,Franchise Outlet 0136,9878332.11,1748068.62,17.78,19552.0,116076.0,17.31,478.77,3.19,1032.0,40,246958.3,732,733,415,583,731,492,15.04,716,Below Average
OUT0408,Franchise Outlet 0408,20323789.77,3685479.11,18.26,33306.0,214719.0,15.85,597.28,2.74,1337.0,40,508094.74,680,663,312,636,671,712,15.03,717,Below Average
OUT0162,Franchise Outlet 0162,18729811.86,3396883.01,17.97,24470.0,165907.0,14.76,766.46,2.74,1329.0,40,468245.3,694,688,378,665,587,712,15.01,718,Below Average
OUT0261,Franchise Outlet 0261,21617269.0,3593618.68,16.52,33440.0,214664.0,15.59,646.82,3.27,891.0,40,540431.72,656,672,664,640,640,456,14.95,719,Below Average
OUT0495,Franchise Outlet 0495,14703721.56,2638505.66,17.78,29630.0,159414.0,19.12,483.42,2.9,1131.0,40,367593.04,713,713,415,496,728,636,14.85,720,Below Average
OUT0663,Franchise Outlet 0663,22405927.59,3733428.29,16.84,46803.0,260429.0,17.14,477.87,3.19,988.0,40,560148.19,650,661,612,595,733,492,14.67,721,Below Average
OUT0448,Franchise Outlet 0448,20144058.4,3580275.97,17.91,35331.0,230621.0,15.36,570.57,2.84,1246.0,40,503601.46,683,675,390,645,687,668,14.45,722,Below Average
OUT0164,Franchise Outlet 0164,30207657.73,5094560.83,17.01,40704.0,287954.0,13.79,741.59,2.82,1244.0,40,755191.44,581,604,593,689,597,677,14.35,723,Below Average
OUT0124,Franchise Outlet 0124,23865131.63,3592777.03,15.04,19229.0,135211.0,14.25,1241.03,2.99,1046.0,40,596628.29,636,673,747,680,328,591,14.34,724,Below Average
OUT0251,Franchise Outlet 0251,38126277.5,5831986.52,15.35,29632.0,281700.0,10.25,1288.03,2.82,1194.0,40,953156.94,507,567,741,743,298,677,14.32,725,Below Average
OUT0205,Franchise Outlet 0205,8459457.88,1608863.42,18.94,13213.0,96522.0,13.72,640.36,2.76,1242.0,40,211486.45,737,737,181,691,643,704,14.32,725,Below Average
OUT0625,Franchise Outlet 0625,21906927.04,4055595.02,18.63,36703.0,287882.0,12.77,596.8,2.67,1268.0,40,547673.18,654,647,241,713,672,739,14.24,727,Below Average
OUT0248,Franchise Outlet 0248,7984553.32,1395007.76,17.25,8609.0,58867.0,14.69,927.68,2.9,1209.0,40,199613.83,740,740,538,667,503,636,14.22,728,Below Average
OUT0421,Franchise Outlet 0421,14333251.85,2200820.5,15.56,19854.0,100187.0,19.82,722.16,3.18,1025.0,40,358331.3,717,725,735,461,607,498,13.96,729,Below Average
OUT0670,Franchise Outlet 0670,18362834.23,3170749.32,17.37,24065.0,170109.0,14.18,763.43,2.79,1223.0,40,459070.86,697,699,516,681,591,690,13.73,730,Below Average
OUT0284,Franchise Outlet 0284,4900663.92,950586.36,19.32,9654.0,74833.0,12.65,506.39,2.8,1266.0,40,122516.6,749,748,115,715,718,686,13.37,731,Below Average
OUT0452,Franchise Outlet 0452,20892987.35,3237385.63,15.65,34499.0,150959.0,22.28,605.92,2.81,1275.0,40,522324.68,666,698,732,342,665,681,13.06,732,Below Average
OUT0686,Franchise Outlet 0686,7324391.15,1256657.28,17.14,15287.0,67247.0,22.76,479.03,2.66,1298.0,40,183109.78,743,743,558,325,730,741,12.79,733,Below Average
OUT0191,Franchise Outlet 0191,17695119.38,3267965.86,18.61,24596.0,285038.0,8.64,719.08,2.66,1272.0,40,442377.98,699,696,245,749,609,741,12.66,734,Below Average
OUT0449,Franchise Outlet 0449,4220579.65,799814.35,18.77,9306.0,76595.0,12.19,453.22,2.98,1156.0,40,105514.49,750,750,211,724,749,595,12.63,735,Below Average
OUT0674,Franchise Outlet 0674,10153814.09,1660727.4,16.29,11839.0,81139.0,14.63,857.38,2.97,1101.0,40,253845.35,729,735,696,669,550,603,12.43,736,Below Average
OUT0567,Franchise Outlet 0567,15182075.42,2571183.59,16.86,32771.0,164642.0,19.95,463.28,2.73,1158.0,40,379551.89,711,716,610,457,742,722,12.29,737,Below Average
OUT0288,Franchise Outlet 0288,7032676.2,1173937.99,16.52,10694.0,72732.0,14.7,657.01,3.12,1044.0,40,175816.9,744,745,664,666,634,533,11.93,738,Below Average
OUT0270,Franchise Outlet 0270,13061708.7,2245558.98,17.33,23196.0,147841.0,14.45,563.3,2.83,1242.0,40,326542.72,724,724,523,672,691,672,11.85,739,Below Average
OUT0286,Franchise Outlet 0286,13877417.23,2304779.28,16.52,17990.0,122918.0,14.66,770.64,2.81,1244.0,40,346935.43,720,722,664,668,586,681,11.82,740,Below Average
OUT0184,Franchise Outlet 0184,6226955.32,1144446.94,18.34,8240.0,83073.0,9.93,756.42,2.71,1297.0,40,155673.88,746,746,295,745,595,730,11.72,741,Below Average
OUT0700,Franchise Outlet 0700,14016902.26,2335404.64,16.69,27390.0,192812.0,13.82,511.37,3.1,1024.0,40,350422.56,719,720,641,688,715,547,11.58,742,Below Average
OUT0241,Franchise Outlet 0241,7508400.93,1181030.78,15.74,11175.0,58925.0,19.48,640.58,2.97,1076.0,40,187710.02,741,744,728,474,642,603,11.54,743,Below Average
OUT0498,Franchise Outlet 0498,10034736.56,1785972.91,17.81,15115.0,125399.0,12.12,647.36,2.74,1363.0,40,250868.41,730,732,410,725,639,712,11.5,744,Below Average
OUT0335,Franchise Outlet 0335,14513137.79,2396761.27,16.38,22775.0,152342.0,14.97,636.86,2.92,1163.0,40,362828.44,716,718,686,661,645,625,11.41,745,Below Average
OUT0344,Franchise Outlet 0344,7489668.6,1293054.46,17.13,15249.0,81320.0,18.77,491.48,2.66,1339.0,40,187241.72,742,742,561,520,724,741,11.13,746,Below Average
OUT0092,Franchise Outlet 0092,21454570.33,3514548.52,16.46,25432.0,225037.0,11.28,825.16,2.68,1227.0,40,536364.26,659,679,674,733,563,737,10.82,747,Below Average
OUT0045,Franchise Outlet 0045,5369232.57,915170.66,17.09,11548.0,75355.0,15.33,463.72,2.71,1309.0,40,134230.81,748,749,570,647,741,730,9.35,748,Below Average
OUT0442,Franchise Outlet 0442,15721171.74,2576901.99,16.38,26623.0,205675.0,12.95,590.8,2.72,1274.0,40,393029.29,708,715,686,709,675,729,9.19,749,Below Average
OUT0053,Franchise Outlet 0053,20067997.03,3077948.45,15.57,43138.0,262426.0,16.0,465.38,2.82,1323.0,40,501699.93,684,702,734,631,739,677,9.06,750,Below Average
